golden_selected,golden_intent,confidence,case_type,escalation_expected,annotation_notes,customer_tweet_id,customer_text,brand_response,text_length,has_question_mark,has_number,signal_network,signal_data,signal_recharge,signal_sim_device,signal_vas_charge,signal_bonus_promo,signal_account_general,signal_low_information,signal_possible_escalation,signal_short_message,topic_signal_count,review_priority
,,,,,,1936686,"@GloCare so I recharged yesterday and I didn't get my usual bumba bonus, please why, 08117626261",@576175 the line provided is not on Glo Bumpa but on Glo Bounce ~ OO,96,False,True,False,True,True,False,True,True,True,True,True,False,5,3
,,,,,,2092919,@glocare pls I migrated to Glo jumbo and recharged. I've been given bonus but couldn't use it to call. help,@246223 #TeamUnlimited# to the rescue! Kindly provide your number for checks  @83873. Thank you for choosing Glo. GA,107,False,False,False,True,True,False,True,True,True,True,True,False,5,3
,,,,,,1972746,"@GloCare please if I recharge my jumbo SIM, for existing subscriber , will my money be taking or will it still remain on my main balance","@584299 Hello Kommanda, the amount recharged will be credited in your main account. Bonus will be credited in a different account. Thank you. SO",136,False,False,False,True,True,True,True,False,True,True,True,False,5,3
,,,,,,1024681,"@GloCare  Could you please send me the steps to recharge my Glo numbers using Ecobank Bank, Wuse 2 Abuja, Nigeria.",@362474 Please visit any of : https://t.co/QtHZF68dka  or https://t.co/E1huUCbBr9 or https://t.co/6tDm6qs8TT Thank you. GA,113,False,True,False,True,True,False,True,False,True,True,True,False,4,3
,,,,,,2582778,"@GloCare pls i don't know how this pre-loaded airtime works,  cus I bought a new sim and recharged but didn't see any bonus","@731949 Hello Chinedu , Kindly recharge to unlock the bonus .EE",122,False,False,False,False,True,True,True,True,False,True,True,False,4,3
,,,,,,1885085,"@GloCare,@117627, I've lodged complain that I've not been able to call out except the customer care line, and I can't recharge on my phone","@136518 @117627 Hello Olokunniyi, we apologize for the inconveniences experienced.Issue is being worked on, will be resolved shortly.Please bear with us. SO",138,False,True,False,False,True,True,True,False,True,True,True,False,4,3
,,,,,,734481,"@GloCare please you guys should help me check my line as I was awarded 500mb after I recharged but I'm been deducted from my Normal data subscription which really isn't suppose to be so, this is the number 08058976647",@295735 Good morning Eze. The bonus data is added to your data bundle. FA,217,False,True,False,True,True,False,True,False,True,True,True,False,4,3
,,,,,,1735825,"@GloCare I hav a lot of data&amp;call bonus,but's still charged frm my main balance Wen calln/browsn. &amp; #124#, #124*1# no longa work 08113877114","@512323 Afternoon,you have exhausted your data bonus. The voice bonus can only be used for glo to glo calls. AP",148,False,True,False,True,False,False,True,True,False,True,True,False,3,3
,,,,,,493087,@232561 @117627 @GloCare UPDATE!!! They've Deducted N10 From The 980 Again.. N1k Airtime Just This Morning Now Down To N970.. https://t.co/LWukklgbxv,"@232560 We apologize,kindly provide your number for a quick check. AP",149,False,True,False,True,True,False,True,False,False,True,True,False,3,3
,,,,,,2474624,"@GloCare My sister recharged and subscribed for glo data plan of N1000 on the 10th, airtime value was deducted but haven't received data paid for, pls resolve asap.","@707496 Sincere apologies, may we have the affected number and device type? GA",164,False,True,False,True,True,False,True,False,False,True,True,False,3,3
,,,,,,2267327,"@117627 @659903 Since @GloCare won't take my calls please why is #100 taken from my account daily when I have not subscribed for data or any glo services. I bought this line on Thursday 9th Nov., 2017","@659902 @117627 Kindly send in your number,for a check. CA",200,False,True,False,True,False,False,True,False,True,True,True,False,3,3
,,,,,,2490259,"@GloCare @117627 Number-07052632663
Device type- infinix hot note x551
Location- Akwa Ibom state university, Ikot Akpaden, Mkpat enin, Akwa ibom state
Error message- emergency
Signal- No signal
Alternate numbers- 08128059629...08147428657","@242707 @117627 Sincere apologies Cater, We apologize for any inconvenience you may have experienced.The complaint has been escalated. You will receive a text informing you when the issue will be rectified. Thank you. GA",238,False,True,True,True,False,True,False,False,False,True,True,False,3,3
,,,,,,1371022,Lol prople dey para oo. Hahhahahahaaha. Oya @GloCare kindly stop any VAS service and callertunes oo. They have abused me for being too patient with u. I asked a question and yet to get an answer. How can i get my number across without dropping it on timeline? https://t.co/z5KKf4KEq9,@280908 Good afternoon. May we have your cellphone number to run a check on your line? FA,283,True,True,False,True,False,True,True,False,False,True,True,False,3,3
,,,,,,2358305,@GloCare I can't browse check your network,"@126251 Hello, may we know your location?",42,False,False,True,True,False,False,False,False,False,False,True,True,2,3
,,,,,,296363,@GloCare Why am I charged for airtime not used?,"@186582 Afternoon Ogwu, once the credit is borrowed the system will charge you appropriately.  TT",47,True,False,False,False,True,False,True,False,False,True,True,False,2,3
,,,,,,2380426,@GloCare old how can a customer check his data account? Thanks,@686365 Its *127*0# or INFO to 127 to check. ^GM,62,True,False,False,True,False,False,False,False,True,True,True,False,2,3
,,,,,,974051,@GloCare 07057789957....pls check why the money I recharged for auto renew was deducted without any apparent msg on d deduction,"@153135 Good morning, please confirm the amount recharged, method of recharge and date for clarification. Thank you. SO",127,False,True,False,False,True,False,True,False,False,True,True,False,2,3
,,,,,,120114,@GloCare u give sending me sms dat my network signal issues has being resolved I said u deducted money 08055451220 work on this pls,@139868 Hello Kazeem. Kindly dial STOP to  35182 to deactivate the subscribed VAS. You may also send STOP to 2442 for full VAS DND.  TT,131,False,True,True,False,False,False,True,False,False,True,True,False,2,3
,,,,,,2330303,"@GloCare 08119242743,no network  bars atall,and went it comes up,i can't mk calls not even browse  wit it, Ajah, Lagos, Moba town etiosa lga","@674684 Hello, we apologize. We are aware of the issue and the network engineers are working to resolve it. Kindly bear with us. DA",138,False,True,True,True,False,False,False,False,False,True,True,False,2,3
,,,,,,16086,@GloCare it has become obvious dat my units are taken illegally. I recharged 300 last week never called for even a minute but yesterday...,"@119528 Afternoon Daytonye, kindly provide your mobile number for checks and assistance.  TT",138,False,True,False,False,True,False,True,False,False,True,True,False,2,3
,,,,,,793275,"@GloCare, i can't browse with Glo, but same setting, is what am browsing on Mtn, we love ur network more than other, kindly do something pls","@307683 Please confirm the apn, username and password. Also revert with your number and exact location. SO",140,False,False,True,True,False,False,False,False,False,True,True,False,2,3
,,,,,,745771,"@GloCare I have made complaints severally on how glo deducts my airtym,yet nothing was done abt. I will never patronize ur useless network again","@298299 Good morning, we apologize about it. The issue has been forwarded to our resolution team for assistance. Thank you. SO",144,False,False,True,False,False,False,True,False,False,True,True,False,2,3
,,,,,,1258137,@GloCare network been switching off &amp; on. It has been completely off for a while now &amp; I can't even call customercare pls help 07053337908,"@414813 Kindly select 3G only network; not Auto, on your device setting for better connection. TT",146,False,True,True,False,False,False,False,False,True,True,True,False,2,3
,,,,,,2764089,"Dear customer, your subscription of CHOLESTROL's gpa cannot be renewed due to insufficient balance. @117627 @GloCare CANCEL. I did not subscribe to it. #Fraud.","@201381 @117627 Morning Edu, kindly send STOP to the VAS code or provide your mobile number for assistance to deactivate the VAS.  TT",159,False,True,False,True,False,False,True,False,False,True,True,False,2,3
,,,,,,2651022,"@GloCare Hello. It's an office line, it's for calls only. I told you it does not support browsing. Kindly tell me i you can refund the airtime or not. This is taking too long","@747750 Apologies, kindly send a mail to __email__ for further assistance. DA",174,False,False,False,True,True,False,False,False,False,True,True,False,2,3
,,,,,,2330300,"@GloCare 08119242743,no network  bars atall, and wen it come back, i can't mk use it, and I just renewed my data,Ajah Lagos, Moba town, etiosa lga.yesterday till now, techno j8 boom","@674684 Hello, we apologize. We are aware of the issue and the network engineers are working to resolve it. Kindly bear with us. DA",180,False,True,True,True,False,False,False,False,False,True,True,False,2,3
,,,,,,496767,@GloCare earlier this week i used the 2442 DND code given to me by one of ur agents nw am getting msgs 4 a service i didnt subscribe 4 with my airtime deducted 4 said service Again!!!,@227394 We apologize. May we have your number for assistance? SO,183,False,True,False,False,True,False,True,False,False,True,True,False,2,3
,,,,,,2817931,"@GloCare Please check again, Firstly 400 naira was deducted, I loaded 100 naira, no deduction, 500 naira was loaded, and the last 100 naira was deducted, why deducting from the 1000 naira, and why is 20 naira still remaining","@785493 Hello Julius, N20 was debited from the amount (N100) recharged for value added service. Hence, the remaining amount was not sufficient to clear the outstanding loan. SO",224,False,True,False,False,False,False,True,False,True,True,True,False,2,3
,,,,,,2159663,"@GloCare The number is 08050630693, HTC M8, Igbeti in olorunsogo LG OYO state, 3G network failure and also kindly note that we experience incessant network outage due power failure ( some times 4 days in a week) since Dec 2016, several complaint but still same .",@634317 The issue has been escalated to the unit in charge and It will be resolved soon. AP,262,False,True,True,True,False,False,False,False,False,True,True,False,2,3
,,,,,,2724779,"@GloCare @117627 Stop emphasizing with mee. I've provided you with the number - +234 807 683 5245 - not fewer than 3times. Afterwards, you still resubscribed mee to the unsolicited services and deducted my money. @104856 @117626 @7475 @104937 @120330 @127588 @562660",@264735 @117627 The VAS on the line has been deactivated. Sens STOP to 2442 for full VAS DND.  TT,266,False,True,False,True,False,False,True,False,False,True,True,False,2,3
,,,,,,2651024,"@GloCare Would he/they refund the airtime?  I have used the live chat portal, still on Twitter, now Mail. If @GloCare  cannot provide the needed​ assistance, i think you should just tell me. I'm new on the network. I wouldn't want​ to waste my time and effort chasing after the wind.","@747750 Apologies, the data cannot be refunded. Thank you. DA",281,True,False,True,False,True,False,False,False,False,True,True,False,2,3
,,,,,,788938,@GloCare  okk. I've sent in my complaint,@308138 May we have your number? CA,39,False,False,False,False,False,False,False,False,False,True,True,True,0,3
,,,,,,209546,@GloCare Yet to receive my N100. Pls refund!,"@165602 Hello Folashade, we apologize for the delay experienced. Work is in progress. Please bear with us. Thank you. SO",44,False,True,False,False,False,False,False,False,False,True,True,True,0,3
,,,,,,2933831,@GloCare thankz. But dey didn't give me any bonus as i bought new jumbo sim yesterday with #1100 Recharge card.,@811250 Please dial #122*23# to view your unlocked JUMBO bonus. ^GM,111,False,True,False,True,True,True,True,True,False,True,False,False,5,2
,,,,,,317832,"@GloCare Please I'm not talking about data bonus. I'm talking about credit bonus, the one you check with #122*2#
Read my tweet well","@165653 Morning, we apologize. We are unable to access your account presently due to system maintenance. TT",131,False,True,False,True,True,False,False,True,True,True,False,False,4,2
,,,,,,2470834,@117627  Data service is just too poor. @GloCare please tell me how are you grandmasters of data. This tweet was sent using @5566 network,@706719 @117627 We sincerely apologize for the inconveniences. GA,136,False,True,True,True,False,False,True,False,True,True,False,False,4,2
,,,,,,2910699,"@GloCare I borrowed #200 and recharged #400 card, and bought #200 data only for glo to deduct #100 from my account again. My number is 07054544145.",@805787 100 naira was debited yesterday as repayment for the loan taken. ^GM,147,False,True,False,True,True,False,True,False,True,False,True,False,4,2
,,,,,,2218206,"@GloCare pls Dear customer, a warm welcome of N200200 Free Airtime is yours. Since o, my normal bonus if I recharge, I nor dey c am again o.. Pls help","@208125 Kindly be explicit,so we may assist. CA",150,False,True,False,False,True,False,True,True,True,True,False,False,4,2
,,,,,,2414073,"@GloCare Hello my subscription was stopped days before it was supposed to expire,called your customer care twice stayed on the phone for 22 minutes no response.","@693921 Kindly dial *127*0# or send INFO to 127 to check your data balance and validity. You may also dial *777#, select 1 for 3G-4G data Plan, then 4 to Manage Plan, then 4 to Get Data Balance. A plan expires when it reaches the validity date and also when the data volume finishes. GA",160,False,True,False,True,False,True,True,False,True,True,False,False,4,2
,,,,,,584005,"@GloCare my mobile #08159821678...I just recharge 1400 - was goin to load anoda 1100 so I can activate d (5gb) 2500 data plan, pls is there anything u can do to help?","@257777 Hello Chubby, kindly send CANCEL to 127 to deactivate the data auto renewal service on the line. It will enable you change subscription type.  TT",166,True,True,False,True,True,False,True,False,True,True,False,False,4,2
,,,,,,474020,@GloCare @227840 Wetin happen. You guys are charging me for iflix after using for less than 60 days. Kilode? Iflix finished my last day subscription I didn't notice until I resubscribed and saw data dropping fast as I use iflix. Please what's the rule? 08051891193.,"@268899 @227840 Good morning, Damilola. Its access that's free for 2 months,not downloads or streaming on the app. More on that here: https://t.co/K1OxpO956D. ^GM",265,True,True,False,True,False,True,True,False,True,True,False,False,4,2
,,,,,,1917354,@GloCare I have recharge but can't access my bonuses. Why?,@241944 Kindly dial #122*35# to check it. AP,58,True,False,False,False,True,False,True,True,False,False,True,False,3,2
,,,,,,496751,@117627 @GloCare Please confirm if 08118280516 is 4G simcard,@233526 @117627 4G is active on the sim. SO,60,False,True,True,False,False,True,False,False,True,True,False,False,3,2
,,,,,,1931789,@GloCare how does one transfer credit from one phone to another?,"@372400 Hello Omoniyi, dial *131*Number*Amount* PIN# to share credit. To change PIN dial *132*00000*New PIN*New PIN# Default PIN is 00000. TT",64,True,False,False,False,True,True,False,False,True,True,False,False,3,2
,,,,,,834381,"@GloCare please I made a recharge of #1500,yesterday only to see #95 as my balance","@318689 Good morning, may we have your number for clarification. Thank you. SO",82,False,True,False,False,True,False,True,False,True,True,False,False,3,2
,,,,,,493063,@GloCare @232556 @117627 Good Evening. Please help to scan my line and remove what do deduct my credit. Thank,@232555 @117627 Kindly send in your number. Thank you. CA,109,False,True,False,False,True,False,True,False,True,True,False,False,3,2
,,,,,,670042,"@GloCare hey,i need help with my subscription...keeps redirecting me to dial *777# to knw more about data plans",@279817 We sincerely apologize for the inconvenience. We are currently carrying out an upgrade.We implore you to please bear with us as soon we would be able to assist you. Kindly try again later. GA,111,False,True,False,True,False,False,True,False,True,True,False,False,3,2
,,,,,,2715647,"@GloCare 3days old sim wit N400, plus bonus and jumbo. Only about 10mins call. No SMS, no internet. Calculate it","@762314 Hello Oses, kindly provide the mobile number for checks and assistance.  TT",112,False,True,False,True,False,True,False,True,False,True,False,False,3,2
,,,,,,1855757,"@GloCare seems you guys now run shift with a data service I paid for. At night no network, in the morning it shows face.","@555108 Good morning. We apologize for the inconveniences. May we have your number, location, device name, model, APN, username and password? FA",120,False,False,True,True,False,False,True,False,False,True,False,False,3,2
,,,,,,2218246,"@GloCare please guys, data browsing just stopped at egbeda/idimu/ikotun area . Alimosho Lagos. Full network bars but no browsing",@343861 Work is ongoing in order to resolve the issue. We crave your patience while this is done. Thank you. CA,128,False,False,True,True,False,False,False,False,True,True,False,False,3,2
,,,,,,469794,"@GloCare i did not apply for any #service. Dear User, your billing for Glo Gamestore has failed due insufficient balance. Please recharge",@222686 Kindly provide your phone number for assistance. ET.,137,False,False,False,False,True,False,True,False,True,True,False,False,3,2
,,,,,,1123768,"@GloCare Please, I want to complain about the poor service in my area. If I put on 3G service it shows emergency calls only.  PLEASE HELP!","@153133 Good morning, we empathize. Please alternate the network mode, select either 2g or 3g only, not both. Restart your device afterwards. GA",137,False,True,True,False,False,False,True,False,True,True,False,False,3,2
,,,,,,28337,"@GloCare No browsing network for us here, and our data subscription is always like a waste.. 
U can carry out a survey on this.. Form itoki to ifo","@122205 Morning Vicky, kindly provide your number, error message, exact location with landmarks, issue duration and device type for assistance. TT",145,False,False,True,True,False,False,True,False,False,True,False,False,3,2
,,,,,,2409934,"@GloCare please I need u assist me. When ever they are is money on you used to deduct it and I can remember subscribing to any news, advert or any",@692907 We apologize for this inconvenience. May we have the affected number for checks. #GloEverydayBonanza #TeamUnlimited# GA,146,False,False,False,True,False,False,True,False,True,True,False,False,3,2
,,,,,,2443697,"@GloCare @700705 @117627 Bukuru, Jos. Loss of signal for &gt;6 hours. Tafawa Balewa, Jos. Loss of Internet service. This happens on a daily actually.","@700706 @700705 @117627 Sincere apologies. kindly provide your number, device type, exact location with landmark, error message, signal you can see and alternate number. AP",149,False,True,True,True,False,False,True,False,False,True,False,False,3,2
,,,,,,209665,"@GloCare Please check my combo bundle balance for Int'l calls for 1000k subscription bcoz anytime I check through *777#,#122*1# no ans nr 07059646781","@165622 Afternoon Roberts, please dial  #122*1#  to check the IDD pack balance.  TT",149,False,True,False,True,False,False,True,False,True,True,False,False,3,2
,,,,,,2395492,@145588 @7693 @117627 @GloCare Please to inform you @117627 &amp; @145588 that your data connectivity in Apete by Yidi Road is worst that has imprisoned me and outcast my update on news as the data network needs 2b improve in d area please to allow me enjoy my data,@117624 @145588 @7693 @117627 We apologize. We are aware of the issue and the network engineers are working to resolve it. Kindly bear with us. EE,265,False,True,True,True,False,False,False,False,True,True,False,False,3,2
,,,,,,2414077,"@GloCare there's no flooding network in some areas of Ado-Ekiti. From Ijigbo Junction up to Oke Ureje is a complete black spot. No network at all both for call and data. Please,  I have a good spot to erect your master if this will resolve the issues. It's very bad. Please assist","@687943 Hello Oluwagbenija, we appreciate the feedback. Kindly send a mail to __email__ GA",279,False,False,True,True,False,False,False,False,True,True,False,False,3,2
,,,,,,575889,@GloCare Between yesterday and today.... I recharge 500 around after 2,"@255512 Your refund is being processed. You may send STOP to 2442 to blacklist your line from such subsequently,if you haven't. CA",70,False,True,False,False,True,False,True,False,False,True,False,False,2,2
,,,,,,1964647,Please and please epp my solution @GloCare  this your network is crawling 😭😭,"@582442 Morning.We apologize.Kindly provide your number, device type, exact location and error response for a quick check . Thank you. AP",75,False,False,True,False,False,False,False,False,True,True,False,False,2,2
,,,,,,1138796,@GloCare please is glo me2u not functioning again? I want to transfer credit,"@388245 it is, may we know the error it gives when you try to transfer credit? OO",76,True,True,False,False,True,False,False,False,True,True,False,False,2,2
,,,,,,1894596,@GloCare That's not what I have problem with please. Fix this deductions thing.,@564748 Complaint has been escalated. You will receive a text informing you when the issue will be rectified. GA,79,False,False,False,False,False,False,True,False,True,True,False,False,2,2
,,,,,,496739,@GloCare ur data service at Lagos island is terrible. I can't browse since morning,"@233522 We apologize. May we have your number, error message, exact location with landmarks, issue duration and device type for assistance. SO",82,False,False,False,True,False,False,True,False,False,False,True,False,2,2
,,,,,,2765226,@GloCare Though 2G can't be reached.... I can be reached on my 3G phone on 08053355365,@773395 The issue reported has been escalated for resolution. Kindly be patient.  TT,86,False,True,True,False,False,True,False,False,False,False,True,False,2,2
,,,,,,1825267,@GloCare My credit balance is 100 naira doesn’t show me anything concerning bumpa bonus,@507063 for bumpa bonus dial #122*2# ~ OO,87,False,True,False,False,True,False,False,True,False,True,False,False,2,2
,,,,,,471935,@GloCare @117627 Please why can’t I buy internet data? Been trying this since last night?,"@227392 @117627 We apologize.We are aware of it,our engineers are currently working on it kindly be patient. ET.""",89,True,True,False,True,False,False,False,False,True,True,False,False,2,2
,,,,,,1881394,"@GloCare your network is a disgrace, embarrassing that I subscribe and can't even use my data","@561463 We apologize for any inconvenience. Kindly provide your phone number, exact location, device type and error response so we can progress UO.",93,False,False,True,True,False,False,False,False,False,False,True,False,2,2
,,,,,,1389446,@GloCare help me check my line 08058011999 i ave megabyte but i pay for internet from the main acct,"@443002 Ensure you have the correct settings. APN- Gloflat, Username - Flat and Password-Flat. Thank you. UO.",99,False,True,False,True,False,False,False,False,True,True,False,False,2,2
,,,,,,2358270,"Good evening guys, so i have been unable to browse properly with my Glo sim since Saturday @GloCare",@562558 We sincerely apologize for the inconvenience. May we have  your location and number? DA,99,False,False,False,True,False,True,False,False,False,False,True,False,2,2
,,,,,,1836357,"@GloCare 08154796359, alternate number 08068760352, potiskum L.G along airport. don't knw d exactlandmark",@432915 The issue reported has been escalated for resolution. Kindly be patient.  TT,105,False,True,True,True,False,False,False,False,False,False,True,False,2,2
,,,,,,2636639,@GloCare This is the sub I did (the first one) only to get 1636mb. Please! Whats up.?.?! https://t.co/A50adS4T5F,@744205 Kindly confirm when your previous plan expired. CA,112,True,True,False,True,False,False,False,False,True,True,False,False,2,2
,,,,,,700256,@153129 my dear friend.. i dont have issues here i am enjoying the data. @GloCare will help you out. make u no vex.,"@194425 @153129 Good evening, thank you. AP",115,False,True,False,True,False,False,False,False,True,True,False,False,2,2
,,,,,,2693389,@GloCare I don't appreciate being ignored and I'm losing my patience. what kind of stupid customer service is this?,@756549 The issue has been escalated. Please check our last tweet on your timeline. Thank you for your patience. UO,115,True,False,False,False,False,False,True,False,True,True,False,False,2,2
,,,,,,988312,"@GloCare haba, my glo 4g lte wanna kill me this month since i subscribed. It doesnt go again, im tired pls help 😩😭😭😭","@354156 Good afternoon, may we have your number, device details, exact location and error message for assistance. We empathize. SO",116,False,True,True,False,False,False,False,False,True,True,False,False,2,2
,,,,,,2167982,The worst network you could ever subscribe to its data is @117627 @GloCare @117626. You have data but you can't browse.,"@636151 We apologize for any inconvenience. Kindly provide your phone number, exact location, device type and error response so we can progress UO.",119,False,True,True,True,False,False,False,False,False,False,True,False,2,2
,,,,,,1503862,"@GloCare @469054 My data is paused and is on a weekend plan, I want to switch back to my normal data plan . How please?","@469053 @469054 Hello,
Kindly call 444 or 08070140444 for assistance on your data.
Thank you

PE",119,True,True,False,True,False,False,False,False,True,True,False,False,2,2
,,,,,,883415,@GloCare but one things remains. I am a victim of unsolicited deductions. Please deactivate all deductions on 0815699716,"@329777 Good evening, we empathize, number not correct. Please dial 777*# to know number. SG",120,False,True,False,False,False,False,True,False,True,True,False,False,2,2
,,,,,,134239,"@airtel_care @GloCare Pls what is the cheapest data u have because all like other networks like glo, have 1000 for 3.5gb",@146233 Please visit https://t.co/GvxBuIxUZL to see our new plan list. UO,120,False,True,True,True,False,False,False,False,False,True,False,False,2,2
,,,,,,1691408,"@GloCare Cellphone number : 07057776132
Device name :Samsung 
Model : galaxy j7
APN: gloflat
Username:  flat
Password: flat","@513436 Good evening,your data subscription has expired. Kindly subscribe then we will follow up. Thank you. AP",121,False,True,False,True,False,True,False,False,False,False,True,False,2,2
,,,,,,1122587,@GloCare I have restarted my phone a million times. It's not a restart problem. It's a network problem. It's back now though,@384758 okay,124,False,False,True,False,False,True,False,False,False,True,False,False,2,2
,,,,,,2695567,"@GloCare pls am currently on #1000 3gb, i heard is now  4gb, hope on my next renewal is 4gb that i’ll see not 3gb as initial.",@261264 Yes it will. UO,124,False,True,True,True,False,False,False,False,False,True,False,False,2,2
,,,,,,33122,"@GloCare please where can I locate glo office near University of Ibadan environs.
Need to retrieve my lost sim card ASAP. Thanks","@123325 Hello Ijeoma, Conoil Filling Station, Sango/Eleyele Road, Beside Polytechnic south campus gate, Ibadan. SO",128,False,False,False,False,False,True,False,False,True,True,False,False,2,2
,,,,,,1462270,@GloCare pls u r deducting 50# from my credit on 08112952225 weekly...pls stop wateva dat is making u deduct it pls immediately...,"@459389 Hello Mayowa, we apologize. Issue has been escalated to the unit in charge for assistance. SO",130,False,True,False,False,True,False,True,False,False,True,False,False,2,2
,,,,,,1876055,"@GloCare can't you just work for a week,just a week without network disruption in Nigeria. People keep complaining abt ur services.","@139866 Good morning, we empathize. May we know the exact issue. Please revert with affected number, error message, location and duration. SO",131,False,False,True,False,False,False,True,False,False,False,True,False,2,2
,,,,,,1123739,"@GloCare I rchrgd N500 wt *323*PIN# bt none of my accts ws credited, made 2 kols to 121 yet not credited abt 7hrs now. 08050597950.",@385001 Good morning. May we have the recharge card serial number via DM? FA,131,False,True,False,False,True,True,False,False,False,True,False,False,2,2
,,,,,,445883,"@GloCare pls no Glo network in OKEMESI ekiti,in ekiti west for d past 9days pls,we want to make call and browse ,find sometin do pls","@144577 Morning, we apologize for the inconvenience. Kindly provide your mobile number, error response, exact location with landmarks, LGA , alternate mobile number, issue duration and device type for assistance. TT",132,False,True,True,True,False,False,False,False,False,True,False,False,2,2
,,,,,,1931834,@GloCare glo 09054590520. The last time I sub.  The message I received is that my data expires 2018. Why are yiu deducting my money na.,"@220608 Hello Sandra, the data was exhausted by 2.31 PM today.  TT",134,False,True,False,True,False,False,True,False,False,False,True,False,2,2
,,,,,,395956,"@GloCare 
Hello, can we plz have some reprieve to network quality in Graceland, Zaria, Kaduna State? 
It's embarrassingly slow n unstable.","@209744 We apologize for the inconveniences,we are aware of the issue and it's being worked on. EE",136,True,False,True,True,False,False,False,False,False,True,False,False,2,2
,,,,,,360520,@117627 @GloCare if u re having network issues inform ur customers. I thought I ve exhausted my bundle not knowing it's ur incompetence.,"@201381 @117627 Hello Edu, we empathize. May we know the exact issue experienced for clarification. Thank you. SO",136,False,True,True,True,False,False,False,False,False,True,False,False,2,2
,,,,,,94526,@GloCare Glo charges me 0.24 per secs same network cos I called glo line for 5 secs and was charged 1.2 /5secs =0.24 x60 =N14. 4 per min.,"@136527 ""Hello Aminu, may we have your number for clarification. Thank you. IQ",137,False,True,True,False,False,False,True,False,False,False,True,False,2,2
,,,,,,2330459,@GloCare Kindly help deactivate auto renewal on my line. I have tried to do so via text messages it wasn't going. My phone no: 08056341036,@419756 Kindly conform the service you wish to cancel auto renewal on. Thank you. CA,138,False,True,False,False,False,True,False,False,True,True,False,False,2,2
,,,,,,46773,@GloCare As a matter of fact I didn't download any song So please deactivate any caller tunes and VAS or song as a matter of urgency .thanks,@126397 Your request for VAS deactivation has bee treated. Stay Unlimited!  TT,140,False,False,False,False,False,False,True,False,True,True,False,False,2,2
,,,,,,1079213,"@GloCare Again where is my N20?? Recharged 3k, you auto renewed a plan I didn't want and my balance mysteriously went down from N2001 to N1981","@374571 Kindly be patient, the refund is being processed.  TT",142,True,True,False,False,True,False,True,False,False,False,True,False,2,2
,,,,,,163952,"@GloCare 09056699203, the closest landmark is Royal glory hotel, kasmo area, Osogbo, Osun State, huwei honor 6, pls boost your browsing network,","@153952 Hello, we apologize. We are aware of the issue and the network engineers are working to resolve it. Kindly bear with us. TT",144,False,True,True,True,False,False,False,False,False,True,False,False,2,2
,,,,,,1884511,"@GloCare ... For about 4 hours now. Kindly investigate and act as required. Data services seem fine. Location is Shasha (behind MMA), Lagos.

Thanks!","@562301 Good morning, we empathize. Please alternate the network mode, select either 2g or 3g only, not both. Restart your device afterwards. SO",148,False,True,False,True,False,False,True,False,False,True,False,False,2,2
,,,,,,209853,@GloCare I am sincerely disappointed in glo customer service. Would I have lied on that? Even your colleague earlier confirmed it. Check chat history,"@165648 Hello Julius,  Due to system upgrade, we apologize we are not be able to run a check at this time. Kindly exercise some patience. UO",149,True,False,False,False,False,False,True,False,True,True,False,False,2,2
,,,,,,65457,"@GloCare Dear Team, I just restarted the phone now and was able to browse, thanks for your response, we will monitor performance and keep you posted. Thanks",@130986 You are welcome. Stay Unlimited!!! AA,156,False,False,False,True,False,True,False,False,False,True,False,False,2,2
,,,,,,2247212,"@GloCare URGENT! I have not had network in my house area (somewhere in Rumuodara,PHC) for months. Which kain wahala be this? Once i get back from work i cant call or use data on my Glo line.","@654882 We apologize.Kindly provide your number, device type, exact location and error response for a quick check . Thank you. AP",190,True,False,True,True,False,False,False,False,False,True,False,False,2,2
,,,,,,2391743,@GloCare @117627 please what is going on ? I'm trying to renew my data bundle and It's not working.  As usual your customer care line never works!!!! Always held up🙄 please can you do something?,"@681851 @117627 We apologize, Kindly try it again later .EE",193,True,True,False,True,False,False,False,False,True,True,False,False,2,2
,,,,,,2782505,"@GloCare Hello guys. I bought a SIM this afternoon, registered it at a GLO Dealer outlet. I was promised that it be activated in 1 hour but I am yet to see activation. Kindly let me know what to do...",@777034 Kindly exercise patience. ET.,200,False,True,False,False,False,True,False,False,True,True,False,False,2,2
,,,,,,2330344,"@GloCare Hello glo, your I bought your sim, but it charges me me too high almost 30 per minute, airtel charge me less than 8naira per minute, what should I do to get good rate? I can’t deal with this high charge.",@676658 Kindly dial #100# to know your present package. Then click on for details of our plans to make a choice from https://t.co/bVzBGOevhb . GA,212,True,True,False,False,False,True,True,False,False,True,False,False,2,2
,,,,,,2345094,"@GloCare I have done all these your device tyre ,off and on,restart your device and change to 3G only all these these did not work...even one your guys told me the fault is from your end .common its talking long for christsake","@678143 Hello Irohvincent , kindly provide the details below for resolution. Thank you. DA",226,False,True,True,False,False,True,False,False,False,True,False,False,2,2
,,,,,,539077,"@GloCare @117627 A week now, your network in Iseyin, Oyo State has been ATROCIOUS to put it MILDLY! Disappearing network!!! I guess you just employed Houdini but we subscribers didn't get the memo. Do remember to copy us when it returns! #MediocreGloNetwork @117626","@244990 @117627 @117626 Sincere apologies. kindly provide your number, device type, exact location with landmark, error message, signal you can see and alternate number. AP",265,False,True,True,True,False,False,False,False,False,True,False,False,2,2
,,,,,,2463673,"@GloCare pls de glo mast in agingi rukuba Rd of bassa LGA of plateau state went off  since a week now and de pple of that community have been in suffering. There is no mtn, 9mobile and airtel services there. Due to the recent killings in de region, it is very dangerous to stay",@705173 We sincerely apologize for the inconvenience. We assure you the issue affecting your location is being worked on. We implore you to please bear with us. Thank you. GA,276,False,True,True,False,False,False,True,False,False,True,False,False,2,2
,,,,,,129462,@GloCare november 22nd,@145165 Record shows the link used PAYU data to connect and also dialed bank USSD for transactions.  TT,22,False,True,False,True,False,False,False,False,False,True,False,True,1,2
,,,,,,598439,@GloCare My number is 08118875122,@261898 The VAS on the line has been deactivated. You may send STOP to 2442 for full VAS DND.  TT,33,False,True,False,True,False,False,False,False,False,False,True,True,1,2
,,,,,,2782502,@GloCare @117627 DM is preferable please.,@139877 @117627 Kindly follow us. ET.,41,False,True,False,False,False,False,False,False,True,True,False,True,1,2
,,,,,,2274553,"@117627 @GloCare , my number is 08119774134","@661586 @117627 You currently have N5000 bonus. Please note that bonus is used for Glo calls (only),sms and browsing. CA",43,False,True,False,True,False,False,False,False,False,False,True,True,1,2
,,,,,,2358272,@117627 @GloCare STOP to 2442 to add numbers,"@659891 @117627 Hello, STOP to the number for Do not disturb. DA",44,False,True,False,True,False,False,False,False,False,False,True,True,1,2
,,,,,,16080,@GloCare  this was on the 2nd of this November,@119528 The VAS on the line has been deactivated. A refund is being processed. Kindly be patient.  TT,45,False,True,False,True,False,False,False,False,False,True,False,True,1,2
,,,,,,160989,@GloCare  I haven't gotten any response please,"@153131 Good evening, we apologize but due to security reason, need to call 121 for assistance. SG",45,False,False,False,False,False,False,False,False,True,True,False,True,1,2
,,,,,,918863,@GloCare Thank you. And how can i easily remove the numbers.?,@130987 Kindly dial *127*02*Number# to remove lines sharing data with you.  TT,61,True,False,False,True,False,False,False,False,False,True,True,False,1,2
,,,,,,2965614,"@GloCare I still can't use the internet o. This is frustrating! 
😠😤",@374580 Please supply your number. ^GM,66,False,False,False,True,False,False,False,False,False,True,True,False,1,2
,,,,,,1371044,@GloCare dailed it and still d same thing here is my number 08074640384,@122460 Hello Troy the bonus has been credited on the line. Please initiate a chargeable service then dial the code to check again.  TT,71,False,True,False,True,False,False,False,False,False,True,True,False,1,2
,,,,,,1199689,"@GloCare Your call cannot be completed at the moment, please try again later","@401886 Afternoon Habiba, kindly recharge your line. You have insufficient credit to make calls. Dial #124*1# to check.  TT",76,False,False,False,False,False,False,False,False,True,True,True,False,1,2
,,,,,,918858,"@GloCare When i try making calls the operator replies ""I can't call this number "" I can't call any number at all","@132391 Kindly send in your number,and duration of this issue. CA",112,False,False,False,True,False,False,False,False,False,True,True,False,1,2
,,,,,,1000324,"@GloCare Hello,
I just cleared my BMC account of #200 but few mins later I was notified again to still be owing.
Pls can you run a check","@356824 Kindly send in your number ,for a check. CA",136,False,True,False,False,False,False,False,False,True,True,True,False,1,2
,,,,,,1825281,"@GloCare Is thoroughly looked into and resolve with my airtime refunded. Aside that, it was nice doing business with you people. My word!","@233517 Hello Kenneth, deduction was for recovery of borrowed. You still have outstanding of N240 to clear. Thank you. SO",137,False,False,False,False,True,False,False,False,False,True,True,False,1,2
,,,,,,1451411,"@GloCare @glocare: 07057460523 is rhe number. 50 naura decdicted twice on 21st and 28th 
of oct. Ds infoS already in ds tread of tweets pls",@451038 Please send  STOP to  35182 and 2442 for full VAS DND.  TT,138,False,True,False,True,False,False,False,False,False,True,True,False,1,2
,,,,,,1884940,@GloCare unable to make calls or send message again. Error response: call drop.Please its becoming annoying complaining everyday.08079053766,"@562409 Dear Femi, we sincerely apologize for the inconvenience. Kindly switch off and on your device after five minutes then try again. PE",140,False,True,False,False,False,False,False,False,True,True,True,False,1,2
,,,,,,2005903,"@GloCare 08053575663, connection failure, oke-ode, abule-egba, pipeline junction, igoke estate, tecno Y2, can't browse @18561 except  @2688(mile 2)","@191917 @18561 @2688 Hello Oluboba, we apologize. We are aware of the issue and the network engineers are working to resolve it. Kindly be patient. TT",146,False,True,False,True,False,False,False,False,False,True,True,False,1,2
,,,,,,209818,"@GloCare We are having difficulties using your network for the past two days now. We can't check balance, we are having call drops and the worst is",@165647 We apologize for the inconveniences experienced. Network engineers are presently working to resolve the issue. Kindly be patient. SO,147,False,False,True,False,False,False,False,False,False,True,True,False,1,2
,,,,,,9099,@GloCare @117628 @117625 @117626 @117627 @48760 @53205 @7476 This is over 10 times u people have been asking 4my number with conflicting responses frm SO &amp; d likes. 08054117690. U must refund my money.,@117624 @117628 @117625 @117626 @117627 @48760 @53205 @7476 We sincerely apologize.We are unable to assist to access the line that we are currently carrying out an upgrade. Please check back later. SO,205,False,True,False,True,False,False,False,False,False,True,True,False,1,2
,,,,,,2800841,"@GloCare @117627 
I load card and subscribed u telling me e never work that all these time am using my money de browse ? i DM u guys ‘ una de do me like hausa girl una no even wan pick my calls 
No be by force to use Glo oo 
God punish all of una 🚶🏿✌🏿
Hi @118424 🤚🏿",@774274 @117627 @118424 Already replied . ^GM,262,True,True,False,True,False,False,False,False,False,True,True,False,1,2
,,,,,,2560004,"@117627 @GloCare Nothing has been done for over a year now , I guess it's because no one is losing he/her job that's why y'all can be lackadaisical.
We're in Lagos not like we're in a jungle and we can't get basic &amp; consistent internet connectivity in 2017.
CC: @117626","@342588 @117627 @117626 Sincere apologies. kindly provide your number, device type, exact location with landmark, error message, signal you can see and alternate number. AP",273,False,True,False,True,False,False,False,False,False,True,True,False,1,2
,,,,,,2391726,@GloCare  OK,@688831 Thank you for choosing Glo. #GloEverydayBonanza #TeamUnlimited# GA,11,False,False,False,False,False,False,False,False,False,True,False,True,0,2
,,,,,,2470823,@GloCare Ok.👍,@706717 Thank you for choosing Glo. #GloDataUnmatched #GloEveryDayBonanza #GloUnfairAdvantage #GloJumboSIM #TeamUnlimited GA,13,False,False,False,False,False,False,False,False,False,True,False,True,0,2
,,,,,,445901,@GloCare Thanks,@220601 You are welcome. ET.,15,False,False,False,False,False,False,False,False,False,True,False,True,0,2
,,,,,,381274,@GloCare thanks,@206428 You are welcome. Stay Unlimited !  TT,15,False,False,False,False,False,False,False,False,False,True,False,True,0,2
,,,,,,381906,@GloCare Okay. Thank you,@206560 You are welcome. Stay Unlimited!  TT,24,False,False,False,False,False,False,False,False,False,True,False,True,0,2
,,,,,,1424854,@GloCare Alright thank you,@139865 You are welcome.EE,26,False,False,False,False,False,False,False,False,False,True,False,True,0,2
,,,,,,2534349,@GloCare 08154046242 Thank you,"@721120 Great, you have exhausted your data bundle.  You may send a mail to 3gsupport @117627.com for a breakdown of your data usage. FA",30,False,True,False,False,False,False,False,False,False,True,False,True,0,2
,,,,,,2837430,@GloCare Lollll no leave it naa,"@206558 Good evening, Yes we will debit you soon. AP",31,False,False,False,False,False,False,False,False,False,True,False,True,0,2
,,,,,,2092975,@GloCare No improvement yet pls.,"@618457 Hello, our engineers are still  working on the issue. Kindly bear with us. Thank you. DA.",32,False,False,False,False,False,False,False,False,False,True,False,True,0,2
,,,,,,320796,@GloCare @192430 What of tecnoY2?,@192431 @192430 Kindly send 4G to 400 to check the device compatibility to Glo 4G network. Thank you. TT,33,True,True,False,False,False,False,False,False,False,True,False,True,0,2
,,,,,,670046,@GloCare u ppl are ignoring me abi? 🤔🤔,@279817 We sincerely apologize for the inconvenience. We are currently carrying out an upgrade.We implore you to please bear with us as soon we would be able to assist you. Kindly try again later. GA,38,True,False,False,False,False,False,False,False,False,True,False,True,0,2
,,,,,,209623,@GloCare She tried it. No connectivity,@165617 Please provide the number. UO,38,False,False,False,False,False,False,False,False,False,True,False,True,0,2
,,,,,,2812732,@GloCare Now I know. Thanks for the info,@689824 You are welcome. AP,40,False,False,False,False,False,False,False,False,False,True,False,True,0,2
,,,,,,2443687,@GloCare @GloCare thanks for the feedback.,@700703 You are welcome. Thank you for choosing Glo.  #GloDataUnmatched #GloEveryDayBonanza #TeamUnlimited  GA,42,False,False,False,False,False,False,False,False,False,True,False,True,0,2
,,,,,,621068,@GloCare Okay. I'll thank you when it's done.,@267403 Stay Unlimited. ET.,45,False,False,False,False,False,False,False,False,False,True,False,True,0,2
,,,,,,1048766,@GloCare @367860 Its not working this morning,"@367861 @367860 Good morning, we apologize for the inconveniences experienced.The issue is being worked on, will be resolved shortly.Please bear with us. SO",45,False,True,False,False,False,False,False,False,False,True,False,True,0,2
,,,,,,233410,@GloCare  yet to receive my N100. Pls refund it!!!,"@165602 Good morning, we apologize for the delay. Issue is being worked on. Please exercise patience. Thank you. SO",49,False,True,False,False,False,False,False,False,False,True,True,False,0,2
,,,,,,2092984,@GloCare pls my line got blocked while trying to input my code,"@618458 Apologies, we don't handle SIM blocked  issue(s) online due to security reasons. Kindly call 121 or visit Gloworld for assistance. DA",62,False,False,False,False,False,False,False,False,False,True,True,False,0,2
,,,,,,2951261,"@GloCare Pls, let this work this time. I can't deal with any more delays.",@814965 it will sir ~ OO,73,False,False,False,False,False,False,False,False,False,True,True,False,0,2
,,,,,,900742,"@GloCare Nah ooo
It's not yet refunded o
I tweeted some days back that I noticed another #100 reduction 
OA",@165650 Please may we know the exact date and time the deduction was made?  TT,106,False,True,False,False,False,False,False,False,False,True,True,False,0,2
,,,,,,2187087,"@117627 @GloCare This poor connection is not personal it's general, Sango ota, Ado-odo LGA, Nigeria brewery, ota. Too much apologies from glo, solve it fast","@523255 @117627 We apologize for the inconvenience, our engineers are working on the issue.Kindly bear with us. Thank you.AP",156,False,True,False,False,False,False,False,False,False,True,True,False,0,2
,,,,,,2178917,@GloCare @117627 Pls resolve it ASAP... Cos I can't wait to get bk online... Av been using someone's Hotspot here.. Pls i can't wait till 48 hrs according to this message I just received https://t.co/BeXNzRx4FC,@638601 @117627 The issue has been escalated to the unit in charge and It will be resolved soon. AP,210,False,True,False,False,False,False,False,False,False,True,True,False,0,2
,,,,,,1233412,"@GloCare I use am iphone n selecting 3G , it’s just the same , the internet connection is poor .",@409275 Please exercise patience and reconnect much later. Thank you. SO,96,False,True,True,True,False,True,False,False,False,False,False,False,3,1
,,,,,,1266230,"@GloCare I don't want messages about recharge to get bonus etc, it comes in every morning and it's really disturbing","@331948 Hello Meeday, kindly provide your mobile number for assistance to deactivate it. STOP to 2442 is fo full VAS DND.  TT",116,False,False,False,False,True,False,True,True,False,False,False,False,3,1
,,,,,,2178931,@GloCare poor data services here in ikotun area,"@638602 We apologize for the inconvenience, our engineers are working on the issue.Kindly bear with us. Thank you.AP",47,False,False,False,True,False,False,True,False,False,False,False,False,2,1
,,,,,,2121921,What are the requirements for retrieving a lost sim @GloCare,"@456319 Visit any Gloworld/Glo zone outlet with a valid means of ID, at least N100, the sim pack or affidavit and 5 frequently dialed numbers. GA",60,False,False,False,False,False,True,False,False,True,False,False,False,2,1
,,,,,,1054698,@GloCare Amount 250; date 22-10-2017; platform online recharge e-top up,@369212 did you recharge via your bank or a dealer? OO,71,False,True,False,False,True,False,True,False,False,False,False,False,2,1
,,,,,,315466,"@GloCare @191307 Is there any 4g site around Egbeda, new Ife road Ibadan?","@191313 @191307 Morning, yes there is along egbeda-atuba road, Ibadan, Oyo state. TT",73,True,True,True,True,False,False,False,False,False,False,False,False,2,1
,,,,,,103622,@GloCare Network is terrible in my area. Wumba District by Apo Mechanic Village Abuja.,"@135257 Hello Musa, we apologize about it. Our engineers are currently working on the issue in your location. Please bear with us. SO",86,False,False,True,True,False,False,False,False,False,False,False,False,2,1
,,,,,,94494,@GloCare @117627 Solved. Use *777# requested for Internet setting and phone is browsing,@136524 @117627 Good morning and thanks for feedback. SG,87,False,True,False,True,False,True,False,False,False,False,False,False,2,1
,,,,,,2500307,"@GloCare @7467 @25740 olorunsogo local govt,igbeti Oyo state,data and voice downtime android device","@713316 @7467 @25740 Hello, we apologize. We are aware of the issue and the network engineers are working to resolve it. Kindly be patient. DA",99,False,True,False,True,False,True,False,False,False,False,False,False,2,1
,,,,,,2270527,@Glocare the network probz av started again.Guys kindly sort dis tinz once n for all in alagbado.08059189956,"@494251 Your complaint has been forwarded to the appropriate unit,for resolution. Kindly exercise some patience,while it is being resolved. CA",108,False,True,True,True,False,False,False,False,False,False,False,False,2,1
,,,,,,1079245,Glo is steadily frustrating me with their network issues. Just when I switched to their network for data. 😐 @GloCare,@374580 We apologize for any inconvenience you may have experienced. Kindly provide your number. Thank you.EE,116,False,False,True,True,False,False,False,False,False,False,False,False,2,1
,,,,,,2695574,"@GloCare Ewupe sango Otta,infinix hot,poor voice call n horribly slow internet dat switches btw 2G n Edge instead of 3G.",@757494  kindly ensure your network is not on automatic but set to 3G only ~ OO,120,False,True,True,True,False,False,False,False,False,False,False,False,2,1
,,,,,,2163262,@GloCare dis network probz still persist in alagbado n u guyz don't appear to b concerned 4 abt 2wks nw.itz sad.08059189956,"@494251 Hello Oluyinka, we apologize for the inconvenience, our engineers are working on the issue. Thank you. UO.",123,False,True,True,True,False,False,False,False,False,False,False,False,2,1
,,,,,,33129,"@GloCare what is happening with your service in Yola, we are experiencing poor service delivery especially access to internet.","@123326 Hello Misa, we apologize. May we know your number, error message, exact location with landmarks, issue duration and device type? SO",126,False,False,False,True,False,False,True,False,False,False,False,False,2,1
,,,,,,381896,@GloCare  what is the code to stop getting your entertainment subscriptions finally?I send stop to 55357 only to be subscribed back to it.,"@206559 Good evening, please text STOP to 55357. Also text STOP to 2442 to cancel all unsolicited services. Thank you. SO",137,True,True,False,True,False,False,True,False,False,False,False,False,2,1
,,,,,,1511438,"@GloCare I beg you people in the name of God stop calling urself the grandmaster of data, come &amp; collect ur glo line o! I don't want again",@470813 Good evening. May we know if there is any issue you would like to bring our attention to? ^GM,142,False,False,True,True,False,False,False,False,False,False,False,False,2,1
,,,,,,209770,"@GloCare I'm talking of combo for international calling for 1000k subscription check d bal for me *777#,#122*1# isn't showing it nr is 07059646781","@165622 Good evening, please confirm when you subscribed for the combo plan. SO",146,False,True,False,True,False,False,True,False,False,False,False,False,2,1
,,,,,,20402,@GloCare *123*pin#,@120456 We apologize. Please provide card serial number. UO,18,False,True,False,False,False,True,False,False,False,False,False,True,1,1
,,,,,,1506137,"@GloCare Along AIT rd, alagbado Lagos","@469548 We are aware of the connectivity issue in Alagbado,and its already receiving attention. We offer our apologies about this. ^GM",37,False,False,False,True,False,False,False,False,False,False,False,True,1,1
,,,,,,2791292,"@GloCare Osun State, Osogbo, Kobongbogboe.",@443221 Good morning Sanchtech. We suggest you stay on 2G ONLY in the mean time. Work is being done around that location. ^GM,42,False,False,False,True,False,False,False,False,False,False,False,True,1,1
,,,,,,2222629,@glocare @117627 why is your network so slow?,"@649103 @117627 We apologize.Kindly provide your number, device type, exact location and error response for a quick check . Thank you. AP",45,True,True,True,False,False,False,False,False,False,False,False,True,1,1
,,,,,,107442,@GloCare I hope the charge rate won't be much,@139865 You will be  charged 1naira per Mb . Thank you. AP,45,False,False,False,False,False,False,True,False,False,False,False,True,1,1
,,,,,,1199678,No glo network since 6pm ...@GloCare what's up?,"@401880 Hello, we empathize with you. May we know the error message you get? PE",47,True,True,True,False,False,False,False,False,False,True,False,False,1,1
,,,,,,596135,@GloCare You mean I should tweet my gsm number?,"@261268 Evening,  kindly provide your number for a quick check. AP",47,True,False,False,True,False,False,False,False,False,False,True,False,1,1
,,,,,,2414019,@GloCare Please can i know the meaning of DND list,@693915 Do not disturb . CA,50,False,False,False,False,False,False,False,False,True,True,False,False,1,1
,,,,,,2443723,"@GloCare Egan  in igando,affected number 08155112423",@700710 We sincerely apologize for the inconvenience. We assure you the issue affecting your location is being worked on. We implore you to please bear with us. Thank you. GA,51,False,True,False,True,False,False,False,False,False,False,True,False,1,1
,,,,,,2443718,"@GloCare Egan in igando,affected number 08155112423",@700710 Please bear with us . The network issue in the referenced area is still receiving attention with our network team and would be addressed. CA,51,False,True,False,True,False,False,False,False,False,False,True,False,1,1
,,,,,,1546534,Hi @GloCare your network has been terrible for weeks now.,"@478887 Morning,We apologize, may we know the exact network issue you are having and your location? AP",57,False,False,True,False,False,False,False,False,False,True,False,False,1,1
,,,,,,2490262,@GloCare pls does glo have 4g coverage at Ojo okoko lagos,@389621 Yes we have. AP,57,False,True,True,False,False,False,False,False,False,True,False,False,1,1
,,,,,,2330482,"@GloCare Atimbo, Calabar

09053304199

For about 4 Hours now",@324025 Kindly confirm if the issue is experienced by other Glo users in your location. Thank you . CA,58,False,True,False,True,False,False,False,False,False,True,False,False,1,1
,,,,,,2685770,@GloCare hi would like to deactivate my glo camp-boost plan,"@433350 Hello George, do you refer to stopping an already active plan? UO",59,False,False,False,False,False,False,False,False,True,True,False,False,1,1
,,,,,,1190661,"@GloCare Y'all need to do better tbh. 

Please just do better.","@399853 Hello Oluwatosin, how may we help you?  TT",60,False,False,False,False,False,False,False,False,True,True,False,False,1,1
,,,,,,1016172,@GloCare I'm having issues recharging my glo line. I need help pls,"@360439 Good evening. We sincerely apologize for the inconveniences. The issue is being resolved. Please, bear with us. FA",66,False,False,False,False,False,False,False,False,True,True,False,False,1,1
,,,,,,304494,@GloCare I currently do not have sufficient credit to make the call,@188713 The recharge amount has 5 days validity. View details below.  TT https://t.co/DwDgOHYsCv,67,False,False,False,False,True,False,False,False,False,True,False,False,1,1
,,,,,,2330443,"Hello @gloCare 
I don't receive SMS on my line. Please kindly correct",@562309 Try to restart your phone without the sim on it. Replace sim and try to send a message to your line. CA,68,False,False,False,False,False,False,False,False,True,True,False,False,1,1
,,,,,,1157088,@GloCare pls i want to remove a no. From glo gifting how do i do that,"@392192 Hello Tobi, you can remove shared number ( not gifting) Dial *127*02*[friend’s number]# OR Send “Remove [friend’s number]” to 127. SO",69,False,False,False,False,False,False,False,False,True,True,False,False,1,1
,,,,,,2231259,@GloCare @651091 pls does glo have 4g coverage at Ojo okoko Lagos state,@389621 @651091 Yes we do. AP,71,False,True,True,False,False,False,False,False,False,True,False,False,1,1
,,,,,,49737,@GloCare It's high time you pple should introduce social bundles/plan...,"@127131 Hello Yemi, We will notify the management of your request.Thank you  UO.",72,False,False,False,True,False,False,False,False,False,True,False,False,1,1
,,,,,,725190,@GloCare check it now. Network must have rectified itself by now. 07059835151,@293710 Good morning. Our sincere apologies about this again. The issue has been escalated for investigation.Expect our update afterwards. ^GM,77,False,True,True,False,False,False,False,False,False,True,False,False,1,1
,,,,,,1518982,@GloCare please kindly deactivate the Auto borrow me on dis line 07057946656 up,@472322 Treated. ^GM,79,False,True,False,False,False,False,False,False,True,True,False,False,1,1
,,,,,,2831966,"@117627 @GloCare Since u were able to get my name, am sure u have the number also","@560190 @117627 Afternoon, kindly provide your number for a quick check. AP",81,False,True,False,True,False,False,False,False,False,False,True,False,1,1
,,,,,,2054146,"@GloCare The network is so irritating, I think it’s high time to swap the network","@607527 Hello Bams, kindly provide your number, error message, exact location with landmarks, issue duration and device type for assistance. TT",81,False,False,True,False,False,False,False,False,False,True,False,False,1,1
,,,,,,1123733,"@GloCare Card Serial No.:
__credit_card__. [08050597950]. Loaded around 12am tday.",@385001 The issue reported has been escalated for resolution. Kindly be patient.  TT,82,False,True,False,False,True,False,False,False,False,True,False,False,1,1
,,,,,,424203,@GloCare @215975 Please unsubscribe entertainment factory on my line 0905 585 8471.,"@215974 Hello Victor, To stop Binbit, please send STOP GL1 to 55357. Thank you. UO",83,False,True,False,False,False,False,False,False,True,True,False,False,1,1
,,,,,,1535455,"@GloCare Oban, Calabar. No network for 4 days.
08053530355. Gionee A1. Mast gen. Off.",@476124 The issue reported has been escalated for resolution. Kindly be patient.  TT,85,False,True,True,False,False,False,False,False,False,True,False,False,1,1
,,,,,,445933,"@glocare! Good morning! Want to migrate to call unit of 20/s, what the code pls. Th,ks","@220607 Morning Titilope, Gbam Extra has a tariff of 12k/sec to Glo and 15k/sec to other network. Access charge of N5 applies on days calls are made.  TT",86,False,True,False,False,False,False,False,False,True,True,False,False,1,1
,,,,,,1600716,@GloCare I am staying within OAU campus. I don't know where you have your mast installed,@491471 May we know exact location with landmarks on the campus and the  issue duration for assistance?  TT,88,False,False,True,False,False,False,False,False,False,True,False,False,1,1
,,,,,,228173,"@GloCare Kano Municipal Emirs Palace, near Kurmawa prison, alternate phon no: 08127310398",@170401 The issue reported has been escalated for resolution. Kindly be patient.  TT,89,False,True,True,False,False,False,False,False,False,True,False,False,1,1
,,,,,,2651040,"@GloCare That was the response. Do I have to keep recharging, or what? I don't get it please.",@747753 Recharge more to unlock some more. Dial #122*23# to view unlocked bonus. ^GM,93,True,False,False,False,False,False,False,False,True,True,False,False,1,1
,,,,,,967837,"@GloCare if a friend share his data with me ,does it indirectly means I share mine with him too ?","@318686 Morning, no it does not. AP",97,True,False,False,True,False,False,False,False,False,True,False,False,1,1
,,,,,,736333,@296135 @296137 @117627 @GloCare Shebi dem talk say Glo 4G dey ok. Give it a try and give us feedback.,"@296136 @296135 @117627 Hello Leo,may we know the exact location at Gbagada? CA",102,False,True,True,False,False,False,False,False,False,True,False,False,1,1
,,,,,,1894594,@GloCare My airtime has dropped from 40 to 15 again? What did I do for you guys gangan? I want to know.,"@564748 Hello Kashif, we apologize about it. Work already in progress on the vas without intent issue reported. Please exercise patience. SO",103,True,True,False,False,True,False,False,False,False,True,False,False,1,1
,,,,,,793273,"@GloCare Am in kwale, Ndokwa west L.G.A, delta state Nigeria, close to ogbeani town Hall, winners chapel",@307683 We apologize for the delayed response. Please check your timeline. Thank you. UO.,104,False,False,False,True,False,False,False,False,False,True,False,False,1,1
,,,,,,1433270,"@GloCare I call 124, still is the same thing. my call can not be completed please contact customer care.","@452788 Hello Ibrahim, we apologize. Issue has been escalated to the unit in charge for assistance. SO",104,False,True,False,False,False,False,False,False,True,True,False,False,1,1
,,,,,,2330536,"@GloCare I thought glo infinito, which I'm currently on, also enjoys the 200% bonus? When did that stop?","@141397 No please. Bumpa package enjoys 200 % bonus on every recharge,from N100 and above. CA",104,True,True,False,False,False,False,False,True,False,True,False,False,1,1
,,,,,,1632844,@GloCare .THIS is sad cause am thinking of changing my line. not fair . What's happening wit ur network .,"@499618 We empathize, issue is being undertaken by the concerned team, please be patient. SG",105,False,False,True,False,False,False,False,False,False,True,False,False,1,1
,,,,,,469805,@GloCare please Globacom how will i activate my deactivated line ? If i load a Card will it activated ?????,"@226870 for deactivated sim, please visit the nearest Gloworld with N100, sim certificate and valid identity card. Thank you",107,True,False,False,False,False,False,False,False,True,True,False,False,1,1
,,,,,,2469253,"@GloCare 08153619040, tecno camon c8, Port Harcourt - Trans / Woji / Elelenwon always no network connection.",@706390 Our unreserved apology for the inconvenience. We assure you the issue affecting your location is being worked on. We implore you to please bear with us. Thank you. GA,108,False,True,True,False,False,False,False,False,False,True,False,False,1,1
,,,,,,2330462,"@GloCare Please, how long would it take to be able to resolve this issue. The experience is not funny at all...","@674704 We apologize, Kindly be patient.Thank you.EE",111,False,False,False,False,False,False,False,False,True,True,False,False,1,1
,,,,,,2242951,@GloCare... It's been 7 days now that glo haven't been browsing at FUTMINNA GK campus neighborhood. Frustrating.,@653893 We sincerely apologize for the inconvenience. The issue with your location is being worked on. We implore you to please bear with us. GA,112,False,True,False,True,False,False,False,False,False,True,False,False,1,1
,,,,,,2190313,"@641185 @GloCare lol I don't know about Abuja, but in Lagos its useless. It doesn't work, and they drink your data!",@182118 May we know the exact issue being experienced at your location to offer you assistance? TT,115,False,True,False,True,False,False,False,False,False,True,False,False,1,1
,,,,,,481000,@GloCare I just bought this network and truth be told....it is the worst. Your awoof package is a big scam. Disgusted.,"@229324 Is not scam,Credit amount is split into Main account and Bonus accounts. Recharge amount goes to Main a/c and balance goes to voice and data bonus accounts. Dial #122*23# to check bonus balance. See link for details https://t.co/760y8fDOaK. ET.",118,False,False,True,False,False,False,False,False,False,True,False,False,1,1
,,,,,,276707,@GloCare called your customer care three times today and they've done the same thing you're doing now. Feigning assistance!,@182118 Please state the issue in this chat thread for assistance. Thank you.  TT,123,False,False,False,False,False,False,False,False,True,True,False,False,1,1
,,,,,,1732070,@GloCare good morning.. Why is my GLO network poor??? Since on Friday up till now showing me emergency call only. Pls. 08052515535,"@128809 We apologize for any inconvenience. Kindly provide your, exact location, device type and error response so we can progress UO.",130,True,True,True,False,False,False,False,False,False,True,False,False,1,1
,,,,,,65411,@GloCare u guys wee just be deducting 1s money and if u now call u wee start hearing..u subscribed for certain plans... Issa lie o,@130981 May we know how much was deducted and when the deduction was made?kindly provide your number for assistance. ET.,130,False,True,False,False,False,False,True,False,False,True,False,False,1,1
,,,,,,658682,How can I have 4095mb of glo data as at 13th November and today 22nd I'm left with only 200mb haba @GloCare which kind 419 be this?,@276819 We kindly request you monitor your data usage. You may want to check if you have any number(s) sharing data with you. CA,131,True,True,False,True,False,False,False,False,False,True,False,False,1,1
,,,,,,1613035,"@117627 @53686 @GloCare, I'm reminding U that 0238694957 is still waiting for U 2 resolve his internet issues. It has been 2 months.",@494922 Please contact __email__ for assistance. Thank you for your patience. UO,132,False,True,False,True,False,False,False,False,False,True,False,False,1,1
,,,,,,2769400,@GloCare @170399 what sort of network is this? over 7hrs I've been trying to subscribe. network engineers have been working since 6am,@232567 @170399 Kindly try again issue has been resolved. ET.,133,True,True,True,False,False,False,False,False,False,True,False,False,1,1
,,,,,,1329183,"@GloCare it is no longer news dat ur customers complain daily over poor netwrk coverage,yet u don't seem to b bothered abt fixing it..","@430120 Kindly provide your phone number, exact location, device type and error response so we can progress. Thank you. UO.",134,False,False,True,False,False,False,False,False,False,True,False,False,1,1
,,,,,,347136,"@GloCare i went to ur office to change my sim to Nano sim, after presenting my sim n idcard, d lady there said I mst bring an affidavit",@198670 You will need an affidavit in place of the items you cannot provide for the replacement. ET,135,False,False,False,False,False,True,False,False,False,True,False,False,1,1
,,,,,,1210497,"@GloCare Network status? Worst! I Just replying 2 days later means, everything was shot down till last night, hope this last past 12 noon.","@404147 We apologize for any inconvenience. Kindly provide your phone number, exact location, device type and error response so we can progress UO.",138,True,True,True,False,False,False,False,False,False,True,False,False,1,1
,,,,,,386999,"These @GloCare people are playing me o....Two VAS deducted without my intent after my first complain..24-48 hrs??? Perhaps,i will sue them","@207616 Afternoon, kindly provide your mobile number for checks and assistance.  TT",138,True,True,False,False,False,False,True,False,False,False,True,False,1,1
,,,,,,1043403,"@GloCare, ""Connection problem or invalid mmi code"" is what I see as I tried recharging 08072006674. Is *123*pin# no longer working? Thanks","@366734 Good morning, we apologize for the inconveniences experienced. Please call 123 and follow info to recharge. SO",138,True,True,False,False,False,True,False,False,False,True,False,False,1,1
,,,,,,209532,"@GloCare 08050579129, No error message just that the network is very slow for 3G and 2G, Aiyetoro-Ijanikin, Oto Awori LCDA, Gionee M5 Mini",@165600 We apologize for any inconvenience you may have experienced.The complaint has been escalated. Thank you. UO.,138,False,True,True,False,False,False,False,False,False,True,False,False,1,1
,,,,,,1135552,"@GloCare Very slow, barely can watch a video on instagram and facebook. Blurred pictures, takes time when using browsers and very annoying",@126251 may we know the network mode your device is set to? OO,138,False,False,False,True,False,False,False,False,False,True,False,False,1,1
,,,,,,1794950,@GloCare 08051757916. woke to read sms from 7728 deducting me for caller tune i didn't sub for.Pls return my #50 &amp;deact me b4 i load again,"@238480 Hello Taiwo, we apologize. Issue has been escalated to the unit in charge for assistance. However, text DEREG to 7728 to deactivate. SO",142,False,True,False,False,False,False,True,False,False,True,False,False,1,1
,,,,,,1862879,"@GloCare Cell no- 07051883771; Location- Surulere, Lagos; Device name- BlackBerry: Device model- Q10; APN- gloflat; username &amp; password-flat","@556657 Gabriel, We sincerely apologize for the inconveniences. Your line is fine. Kindly exercise patience, the issue is being resolved. FA",144,False,True,False,False,False,True,False,False,False,True,False,False,1,1
,,,,,,2560001,"@117627 @GloCare 08075525540, New Okooba, Ojokoro LCDA, Samsung galaxy S6edge plus, Very very very very poor internet connectivity for the umpteenth time","@342588 @117627 We sincerely apologize for the inconveniences. The issue is being resolved. Please, bear with us. AP",153,False,True,False,True,False,False,False,False,False,True,False,False,1,1
,,,,,,9102,@GloCare @117628 @117625 @117626 @117627 @48760 @53205 @7476 Hope authorities can see the mode of operation of GLO network. I am not surprised at all but I believed the regulating authorities is noting,@117624 We apologize for any inconvenience you may have experienced.The complaint has been escalated. Thank you. UO.,201,False,True,True,False,False,False,False,False,False,True,False,False,1,1
,,,,,,521574,@GloCare See DM,@240423 Your DM has been responded to. Stay Unlimited!  TT,15,False,False,False,False,False,False,False,False,False,False,False,True,0,1
,,,,,,2390211,@GloCare Check DM,@688559 Okay .EE,17,False,False,False,False,False,False,False,False,False,False,False,True,0,1
,,,,,,422638,@GloCare bank ussd,@215652 We apologize. Kindly contact the bank for assistance with the issue.  TT,18,False,False,False,False,False,False,False,False,False,False,False,True,0,1
,,,,,,684270,@GloCare GIONEE A1,"@283312 We apologize for the inconvenience, our engineers are working on the issue.Kindly bear with us. Thank you.AP",18,False,True,False,False,False,False,False,False,False,False,False,True,0,1
,,,,,,209626,@GloCare 3hours ago,@165612 Issue has been escalated to the unit in charge for assistance. We apologize about the issue. We'll revert back to you shortly. Thank you. SO,19,False,True,False,False,False,False,False,False,False,False,False,True,0,1
,,,,,,209785,@GloCare Samsung s6,@165643 go to play store and search for the app ~ OO,19,False,True,False,False,False,False,False,False,False,False,False,True,0,1
,,,,,,658664,@GloCare 08054179871,"@194180 Good evening, your data is paused because a number is sharing data with you. AP",20,False,True,False,False,False,False,False,False,False,False,False,True,0,1
,,,,,,1922575,@GloCare 07057855707,"@572348 We apologize. the plan expired today. However, Line check shows you have the Glo free data bonus running for today. UO",20,False,True,False,False,False,False,False,False,False,False,False,True,0,1
,,,,,,725187,@GloCare 07059835151,"@293710 Hello Elegant, Due to system upgrade,  we apologize we are not be able to run a check at this time. Kindly exercise some patience. UO",20,False,True,False,False,False,False,False,False,False,False,False,True,0,1
,,,,,,493118,@GloCare 08072428444,@232563 Service has been canceled. Thank you. SO,20,False,True,False,False,False,False,False,False,False,False,False,True,0,1
,,,,,,496766,@GloCare 09055312322,"@227394 Hello Osaro, VAS on the line has been deactivated. You may send STOP to 2442 for full VAS DND.  TT",20,False,True,False,False,False,False,False,False,False,False,False,True,0,1
,,,,,,2513073,@GloCare 08117942962,"@689824 Hello Nnanna, work already in progress on the issue reported. Please exercise patience. Thank you. SO",20,False,True,False,False,False,False,False,False,False,False,False,True,0,1
,,,,,,386998,@GloCare 08051400336,"@207616 We apologize for the delay, you refund request is being processed. Kindly be patient.  TT",20,False,True,False,False,False,False,False,False,False,False,False,True,0,1
,,,,,,2622276,@GloCare 08074025522,@740855 Your complaint has been forwarded for resolution. Kindly exercise some patience while we work on it. CA,20,False,True,False,False,False,False,False,False,False,False,False,True,0,1
,,,,,,2211944,@GloCare 09029807237.,"@632514 We apologize,We are aware of the issue and our engineers are working on it. Kindly bear with us. Thank you.AP",21,False,True,False,False,False,False,False,False,False,False,False,True,0,1
,,,,,,1966092,@GloCare 023 179 6436,@342591 Please confirm your location? SO,21,False,True,False,False,False,False,False,False,False,False,False,True,0,1
,,,,,,676553,@GloCare 0811 911 2818,"@281379 We apologize for the inconvenience,our engineers are carrying out system upgrade. Kindly check back much later. Thank you.AP",22,False,True,False,False,False,False,False,False,False,False,False,True,0,1
,,,,,,209662,@GloCare LASU Ojo Lagos,@165622 You'll enjoy twice the data received whenever you browse in Lasu Ojo campus. Thank you. SO,23,False,False,False,False,False,False,False,False,False,False,False,True,0,1
,,,,,,167015,@GloCare Just Glo to Glo?,@154814 Yes. FA,25,True,False,False,False,False,False,False,False,False,False,False,True,0,1
,,,,,,2651015,@GloCare Oshodi isolo LGA,"@255855 We apologize. Please confirm the error message, issue duration and device type for assistance? DA",25,False,False,False,False,False,False,False,False,False,False,False,True,0,1
,,,,,,715158,@GloCare With calling ah!,"@149804 Afternoon Bodunde, kindly provide your mobile number for checks and assistance.  TT",25,False,False,False,False,False,False,False,False,False,False,False,True,0,1
,,,,,,988835,"@GloCare Offa,  Kwara state","@354281 Please visit Glo dealer in front of Tipper Garage along Olofa Way, Adjacent Federal Poly Offa, Kwara State. Thank you. SO",26,False,False,False,False,False,False,False,False,False,False,False,True,0,1
,,,,,,1922571,@GloCare Sorry 08117409766,"@165640 If you did not get the sms, it means you were not qualified. UO",26,False,True,False,False,False,False,False,False,False,False,False,True,0,1
,,,,,,921293,@GloCare @117627 08054272058,"@338709 @117627 Sorry, you already canceled auto renewal on the line before the plan expired yesterday. Thank you. SO",28,False,True,False,False,False,False,False,False,False,False,False,True,0,1
,,,,,,224730,@GloCare @117627 08073961978,"@169696 @117627 Good morning, we apologize about it. Issue already escalated to our resolution unit for assistance. Work in progress. Please bear with us.SO",28,False,True,False,False,False,False,False,False,False,False,False,True,0,1
,,,,,,1211605,@GloCare My line is 09054954243,"@404373 Afternoon Olumuyiwa, the VAS messages on the line has been deactivated. Please send STOP to 2442 for full VAS DND.  TT",31,False,True,False,False,False,False,False,False,False,False,False,True,0,1
,,,,,,596140,"@GloCare Ifetedo, Ife-South LGA",@261268 May we know how long this has been?as well as have your phone number? ^GM,31,False,False,False,False,False,False,False,False,False,False,False,True,0,1
,,,,,,916909,@GloCare  https://t.co/g5OQykflz8,"@337685 Good evening. The bonus is strictly for Glo to Glo calls/SMS, and the Glo number must not be on your friends and family list. FA",32,False,True,False,False,False,False,False,False,False,False,False,True,0,1
,,,,,,2933838,@GloCare Despite the screenshot?,@232567 Kindly check the mobile number provided and revert. Thank you.  TT,32,True,False,False,False,False,False,False,False,False,False,False,True,0,1
,,,,,,995153,"@GloCare 08118665196
Tenco cx air","@192430 Your line is fine. We sincerely apologize for the inconveniences. The issue is being resolved. Please, bear with us. FA",33,False,True,False,False,False,False,False,False,False,False,False,True,0,1
,,,,,,388783,@GloCare  123 isn't going either.😥😥,@207995 Please provide your mobile number and the recharge card serial number for checks.  TT,34,False,True,False,False,False,False,False,False,False,False,False,True,0,1
,,,,,,2933834,@GloCare just show dere but nt work,@811250 This issue has been channeled to our resolution team for treatment and we would reply your afterwards. We apologize about this. ^GM,35,False,False,False,False,False,False,False,False,False,False,False,True,0,1
,,,,,,1535456,"@GloCare Oban, Calabar. 08053530355","@476124 Kindly provide your  error message, exact location with landmarks at Oban,alternate number, issue duration and device type for assistance TT",35,False,True,False,False,False,False,False,False,False,False,False,True,0,1
,,,,,,1535457,"@GloCare Oban, Calabar. 08053530355",@476124 Good morning. Please update us real time as we were informed that the issue has been treated. ^GM,35,False,True,False,False,False,False,False,False,False,False,False,True,0,1
,,,,,,245287,@GloCare @165648 @165649 09051143881,"@174236 @165648 @165649 Hello Gbewa, VAS on the line has been deactivated. Send STOP to 2442 for full VAS DND. Stay Unlimited!  TT",36,False,True,False,False,False,False,False,False,False,False,False,True,0,1
,,,,,,209547,@GloCare I am yet to receive my N100,"@165602 Hello Folasade, 
We apologize for the inconvenience, our engineers are working on the issue. Thank you. UO.",36,False,True,False,False,False,False,False,False,False,False,False,True,0,1
,,,,,,658669,@GloCare @117627 Communication error.,@276816 @117627 Please supply your number. ^GM,37,False,True,False,False,False,False,False,False,False,False,False,True,0,1
,,,,,,851497,@GloCare @322270 @63303 Poor reception,"@140961 @322270 @63303 orning, kindly provide your number, error message, exact location with landmarks, issue duration and device type for assistance. TT",38,False,True,False,False,False,False,False,False,False,False,False,True,0,1
,,,,,,209675,@GloCare @165622 Do you do night plans?,@165625 @165622 Good afternoon. Yes. N200 Night plan  1Gb valid for 1day(12am-5am) costs N200 sms 60 to 127 or dial *127*60#,39,True,True,False,False,False,False,False,False,False,False,False,True,0,1
,,,,,,2327945,"@GloCare 08071885961,ikorodu,infinix p2",@674167 We apologize for any inconvenience you may have experienced. Please describe the exact difficulty. Thank you. UO.,39,False,True,False,False,False,False,False,False,False,False,False,True,0,1
,,,,,,138739,@GloCare Ojo Local Government Area Lagos,"@147265 Evening ALOOMA, 4G network is available at the location. Please call 4000 help desk for troubleshooting assistance.  TT",40,False,False,False,False,False,False,False,False,False,False,False,True,0,1
,,,,,,737730,@GloCare @296441 I bought the line today,@296442 @296441 The line is registered on the network. Send REG to 746 to confirm.  TT,40,False,True,False,False,False,False,False,False,False,False,False,True,0,1
,,,,,,2739988,@GloCare can I subscribe to whatsapp only?,"@147644 We have plans as low as N20 ,which covers any internet based application. CA",42,True,False,False,False,False,False,False,False,False,False,False,True,0,1
,,,,,,684268,"@GloCare 07056882814  yabatech,  iyana ipaja",@283312 May we know your device type? ^GM,42,False,True,False,False,False,False,False,False,False,False,False,True,0,1
,,,,,,1118436,@GloCare 08057941002 Samsung Galaxy s5 mini,"@133548 Sorry, no active data plan on the line. Please dial *777# to select preferred plan. Thank you. SO",43,False,True,False,False,False,False,False,False,False,False,False,True,0,1
,,,,,,2483799,@709596 @GloCare Awww. Take heart my dear 😊😘,"@709595 @709596 We apologize, kindly provide your phone number, exact location, device type and error response so we can progress. Thank you. AP",44,False,True,False,False,False,False,False,False,False,False,False,True,0,1
,,,,,,2031925,"@GloCare @117627 Ebutte metta, Yaba precisely",@161790 @117627 We sincerely apologize for the inconvenience. We assure you the issue is being worked on. We implore you to please bear with us. GA,45,False,True,False,False,False,False,False,False,False,False,False,True,0,1
,,,,,,2443693,"@GloCare Jos
08118688693
Y'all should fix this!","@700704 We apologize for the inconvenience, our engineers are working on the issue.Kindly bear with us. Thank you.AP",47,False,True,False,False,False,False,False,False,False,True,False,False,0,1
,,,,,,2178933,@GloCare Nope it brings out a Glo bolt interface,@451036 Kindly call 444 or send a mail to __email__  for assistance. Thank you. AP,48,False,False,False,False,False,False,False,False,False,True,False,False,0,1
,,,,,,286119,"@GloCare A plan is active now, I'm using Twitter?",@184166 Kindly send CANCEL to 127 to stop auto renewal now. Change the MCN and then send STOP to 2442 for full VAS DND.  TT,49,True,False,False,False,False,False,False,False,False,True,False,False,0,1
,,,,,,1123757,@GloCare Which plan does this No. 08050994164 are?,@385002 kindly dial #100# to confirm your tariff plan ~ OO,50,True,True,False,False,False,False,False,False,False,True,False,False,0,1
,,,,,,94478,@GloCare someone should Atleast reply me now aha a,"@136519 We apologize about that, but we don't handle over scratched card issue(s) online. This is due to security reasons. Kindly call 121 for assistance or you may visit the nearest Gloworld:  https://t.co/UZ9syKkvkG. SO",50,False,False,False,False,False,False,False,False,False,True,False,False,0,1
,,,,,,2208791,"@GloCare 08114227842, Not Delivered, United States","@645699 We are aware of it,as such,work is ongoing in order to resolve it. We crave your patience while this is done. Thank you. CA",50,False,True,False,False,False,False,False,False,False,True,False,False,0,1
,,,,,,988836,@GloCare Eeya what a pity where I am not glo outlet,@354281 May we know your location. Thank you. SO,51,False,False,False,False,False,False,False,False,False,True,False,False,0,1
,,,,,,2493439,@GloCare Now working.. It shouldn't go off again ooo,@634314 Thank you for the feed back.EE,52,False,False,False,False,False,False,False,False,False,True,False,False,0,1
,,,,,,424200,@GloCare Thanks @glocare the problem has be resolved,@215973 Good afternoon and thanks for the feedback. SG,52,False,False,False,False,False,False,False,False,False,True,False,False,0,1
,,,,,,2651210,@GloCare Tried dt too buh still not coming up.......,@747756 May we know your location? DA,52,False,False,False,False,False,False,False,False,False,True,False,False,0,1
,,,,,,2945956,"@GloCare still showing same, can't u do it 4rm ur syd","@134287 The auto renewal plan of 50 naira  has been cancelled,but you subscribed for campus booster that is active now on your line.",53,False,True,False,False,False,False,False,False,False,False,True,False,0,1
,,,,,,1857611,Before glo 1k = 3.2gigs but now it's 1k= 1.6gig @glocare,"@555509 Hello, there is no reduction in data volume. Subscription on active plan or not more than 3 days of expiration gets full plan bundle TT",56,False,True,False,False,False,False,False,False,False,True,False,False,0,1
,,,,,,280561,@GloCare @181808 @117625 i am still expecting the refund.,@182846 Afternoon Queeneth the refund is being processed. We apologize for the delay. Kindly be patient.  TT,57,False,True,False,False,False,False,False,False,False,False,True,False,0,1
,,,,,,2542159,@GloCare I hope you attend to this situation with urgency..,"@722777 Good afternoon Temmy. We apologize for any inconveniences you may have experienced. May we have your number, location and landmark?",59,False,False,False,False,False,False,False,False,False,True,False,False,0,1
,,,,,,289617,@GloCare Sent the email since yesterday but still no response,"@185015 Hello Abu, we empathize. Please sent a reminder. Thank you. SO",61,False,False,False,False,False,False,False,False,False,True,False,False,0,1
,,,,,,2486796,"@GloCare I have, still doesn't receive messages. What next now","@280414 Sincere apologies. kindly provide your device type, exact location with landmark, error message, signal you can see and alternate number. AP",62,False,False,False,False,False,False,False,False,False,True,False,False,0,1
,,,,,,1451425,I have sent a complain to @GloCare for over 1hr no respond @117627,"@456815 @117627 Good evening, we apologize. May we have your number for clarification? SO",66,False,True,False,False,False,False,False,False,False,True,False,False,0,1
,,,,,,493029,@117627 @GloCare I see no reason why you are not replying my tweets,"@191851 @117627 We apologize. May we have your number, error message, exact location with landmarks, issue duration and device type for assistance. SO",67,False,True,False,False,False,False,False,False,False,True,False,False,0,1
,,,,,,466514,@GloCare It's not working the two codes are not working  08151352297,@226016 Please provide name 8151352297 is registered on to enable provide the numbers. SG,67,False,True,False,False,False,False,False,False,False,True,False,False,0,1
,,,,,,859278,"@GloCare One more thing tho'..

Need Glo World locations in my city.",@324025 Kindly provide your location for assistance.  TT,67,False,False,False,False,False,False,False,False,False,True,False,False,0,1
,,,,,,1138795,@GloCare It's saying the transaction for the amount (500) is not allowed,@388245 may we know how you try to transfer and your number? OO,72,False,True,False,False,False,False,False,False,False,True,False,False,0,1
,,,,,,2616177,"@GloCare Location: Ibadan, in Ibadan north east LG ( agugu area), 09058827655",@739474 Your complaint has been forwarded for resolution. Kindly exercise some patience while we work on it. CA,77,False,True,False,False,False,False,False,False,False,True,False,False,0,1
,,,,,,1567408,"@GloCare Tecno phantom z, Acer E39, iPad apple, my Glo bolt modem, gioneee M6","@483717 We apologize , Your complaint will be escalated ,  Kindly be patient.Thank you.EE",77,False,True,False,False,False,False,False,False,False,True,False,False,0,1
,,,,,,29893,"@117627 @GloCare I sent this message on Monday, I have not been replied till date","@122202 @117627 Sorry, the device is not compatible with our 4G service. Thank you. SO",81,False,True,False,False,False,False,False,False,False,True,False,False,0,1
,,,,,,2218216,"@GloCare This as been happening before the expiration ,what should be in the APN ?","@318686 Hello Teedee, your complaint has been escalated. You will receive a text informing you when the issue will be rectified. GA",82,True,False,False,False,False,False,False,False,False,True,False,False,0,1
,,,,,,1746638,"@117627 @GloCare you guys are a huge disappointment and failure, fix your damn shit",@526574 @117627 We apolgize.May we know what the exact issue is? AP,83,False,True,False,False,False,False,False,False,False,True,False,False,0,1
,,,,,,2231246,"If you have an enemy, don't tell them to use @GloCare 

That's taking things too far.",@638609 We apologize. May we know what the exact issue is? AP,83,False,False,False,False,False,False,False,False,False,True,False,False,0,1
,,,,,,1082752,@374580 @GloCare And Adenuga is from Ogun State. He should do you guys well now. Lol,@375409 @374580 May we know what you are experiencing. Thank you.EE,84,False,True,False,False,False,False,False,False,False,True,False,False,0,1
,,,,,,49740,"@GloCare From Ikare-akoko, Ondo state, near Margaret Lennon Primary School. 08076226739",@127132 We apologize for any inconvenience you may have experienced.The complaint has been escalated. Thank you. UO.,87,False,True,False,False,False,False,False,False,False,True,False,False,0,1
,,,,,,443632,"@GloCare Sorry not jus call,brows as well. I've abandoned usin my system cus it's a no go","@747762 Our sincere apologies about the issue. Kindly send in the exact location (with landmarks),and number affected,for escalation. CA",89,False,False,False,False,False,False,False,False,False,True,False,False,0,1
,,,,,,1825321,I just pray I won't regret porting to @GloCare because they did me strong thing years back,"@257779 we apologize, kindly let us know if you experience any challenge ~ OO",90,False,False,False,False,False,False,False,False,False,True,False,False,0,1
,,,,,,1480691,@GloCare Thank you. But what you requesting for is the same old routine which would resolve nothing.,@463813 The requested details are for follow up on the issue.  Than you.  TT,100,False,False,False,False,False,False,False,False,False,True,False,False,0,1
,,,,,,65435,"@GloCare Someone should explain this to me because I won't have it this way. ""Enough of the cheating""",@130985 You have over 13gig left and you are sharing data with two people who have both used over 4.5gig. ET.,101,False,False,False,False,False,False,False,False,False,True,False,False,0,1
,,,,,,1122577,"@GloCare 08182609373, very slow or not connecting, Abaren Street, ikosi Ketu. 7am - 1am, Injoo Halo X.","@384756 Morning Yinus, we apologize for the experience. Network engineers are working to resolve the issue. Kindly be patient. TT",102,False,True,False,False,False,False,False,False,False,True,False,False,0,1
,,,,,,2820563,@GloCare Hello! Bot a r/card ystday bt d scratch panel was wet frm my bottle &amp; only 1st 6 nos showed.,"@385001 Hello Lucky, we apologize about that, but we don't handle over scratched card issue(s) online. This is due to security reasons. Kindly call 121 for assistance or you may visit the nearest Gloworld:  https://t.co/UZ9syKkvkG. SO",105,False,True,False,False,False,False,False,False,False,True,False,False,0,1
,,,,,,209560,"@GloCare Is it possible to retrieve a line on someone's behalf? If yes, what does the person need. Thanks",@165603 The owner need to give you an authorization letter with an idcard copy along the other documents. UO,105,True,False,False,False,False,False,False,False,False,True,False,False,0,1
,,,,,,1257427,"@GloCare when you're done upgrading your system, kindly unsubscribe from whatever was subscribed for. Thanks","@414655 Morning Segun, kindly send STOP to 30801 to deactivate the VAS on the line. Send STOP to 2442 for full VAS DND.  TT",108,False,False,False,False,False,False,False,False,False,True,False,False,0,1
,,,,,,811988,@GloCare how can I stop dis from leaking all my money cos I have 'STOP' it on many occasion https://t.co/pFCX9A3RJW,@313482 We apologize for any inconvenience you may have experienced. Kindly provide your number. Thank you. UO.,115,False,True,False,False,False,False,False,False,False,False,True,False,0,1
,,,,,,1135554,"@GloCare Is this how you treat your customers? Not even a response, not to talk of resolution https://t.co/VDP56sPaBQ","@126251 we apologize,  may we know the exact challenge experienced? OO",117,True,True,False,False,False,False,False,False,False,True,False,False,0,1
,,,,,,1535445,"@GloCare 09051562019, umidigi, Graceland Estate Ajah, it barely connects at this location and around but better as I move away.","@269891 We apologize,we are aware of the issue and it's being worked on. Kindly exercise patience, it will be resolved soon . AP",127,False,True,False,False,False,False,False,False,False,True,False,False,0,1
,,,,,,107446,"@GloCare 08117385116, Benin city Edo States, km6 sapele road Benin city, Tecno L9 plus, APN: Gloflat, username: flat password: flat","@139865 Jay, we will send your details to the designated unit to look into it. FA",131,False,True,False,False,False,False,False,False,False,True,False,False,0,1
,,,,,,20372,"@GloCare 08073575706, behind costom office Federal Lowcost Northbank Makurdi Benue State. We ll be happy if this is fixed ASAP thnx.","@120453 Good morning, we empathize. However, you don't have an active data plan. Please dial *777# to subscribe and connect. SO",132,False,True,False,False,False,False,False,False,False,True,False,False,0,1
,,,,,,921287,"Earlier today you took 20, now its 50, what's wrong with, stealing openly, will report you to ncc, CPC, icpc, @GloCare, #returnmymoney","@264736 Hello Sadeeq, may we have your number for assistance on the issue.We apologize. Thank you. SO",134,False,True,False,False,False,False,False,False,False,True,False,False,0,1
,,,,,,209606,@GloCare yes am aware the sub is barely two weeks old instead of renewing for 1k i want To get the 2k monthly plan.will i get my 100%bonu,"@165614 Yes, if you subscribe on an active plan or not later than 3 days expiration of the last plan. Thank you. SO",137,False,True,False,False,False,False,False,False,False,True,False,False,0,1
,,,,,,2463660,"@GloCare I lost a job opportunity yesterday, because d company tried calling my num to no avail, and I was sent a mail which I'm seeing now😡","@705170 Sincere apologies, kindly provide your number, device type, exact location with landmark, error message, signal you can see and alternate number. GA",140,False,False,False,False,False,False,False,False,False,True,False,False,0,1
,,,,,,1567409,"@GloCare 08079978821,08054442891,08098442891,08055655085. Naibawa jarkasa off zaria rd kano titin yan shana of western bypass ring road kano",@483717 Kindly provide your device type  and issue duration .EE,140,False,True,False,False,False,False,False,False,False,True,False,False,0,1
,,,,,,1056466,@GloCare On  the 22nd again... N100 was removed saying it's for renewal of what I never subscribed to. This has been happening and it's so annoying,@369436 Work already in progress on the issue. Please exercise patience. Thank you. SO,146,False,True,False,False,False,False,False,False,False,True,False,False,0,1
,,,,,,1124811,@GloCare I have and got a mag: Request for FULL DND received &amp; will be effective within 24hours. What does that mean? Explanation needed. Rgds.,@385223 DND means Do Not Disturb ~ OO,147,True,True,False,False,False,False,False,False,False,True,False,False,0,1
,,,,,,33119,I have done this so many times but it keeps coming back. Is there anything you can do from your end to stop this. @117627 @GloCare https://t.co/q4l0iIMcsF,@122577 @117627 May we have your number for assistance? SO,154,False,True,False,False,False,False,False,False,False,True,False,False,0,1
,,,,,,1982751,@GloCare Why would you continue to fleece me of my hard earned money in disguise. This has got to stop. This is a pictorial evidence. https://t.co/PxKofwlCWR,"@586894 Evening Adedeji, kindly provide your mobile number for checks. TT",157,False,False,False,False,False,False,False,False,False,True,False,False,0,1
,,,,,,2443711,"@GloCare @255855 Abeg forget this @GloCare pple, by the time u get to their Glo outlet they ask you to provide police extract, court affidavit ,passport and N1000","@700709 @255855 To replace/retrieve your SIM, you need to visit any Gloworld outlet with a valid means of identification, at least N100 and the sim pack,with 5 frequently dialed numbers.If SIM pack is unavailable, an affidavit attesting to the ownership and loss of the SIM must be provided. AP",162,False,True,False,False,False,False,False,False,False,True,False,False,0,1
,,,,,,2444375,@GloCare I have been complaining about the same thing everyday for 4 weeks and you keep asking the same questions. Has it not occur to you that you need to send engineers to solve this issue that I have been experiencing for years. You are just pathetic and not sincere. You lack integrity,"@126251 We apologize. Kindly exercise patience, It will be resolved soon. AP",289,False,True,False,False,False,False,False,False,False,True,False,False,0,1
,,,,,,533485,@GloCare 07035532581 infinix hot4 lite agbowo Ibadan,@243574 Kindly describe the exact difficulty you are experiencing. ET.,52,False,True,False,True,False,False,False,False,False,False,False,False,1,0
,,,,,,2717684,"@GloCare I don't have the Sim pack but, I have a valid ID",@361684 Kindly get an Affidavit and /or police report for the process. Thank you.  TT,57,False,False,False,False,False,True,False,False,False,False,False,False,1,0
,,,,,,140561,"@GloCare I was gifted data of #2000, I only got 3.6gb why?",@147733 We apologize for any inconvenience you may have experienced. Kindly provide your number. Thank you. UO.,58,True,True,False,True,False,False,False,False,False,False,False,False,1,0
,,,,,,1045311,@GloCare I got 820mb against your said 850mb. 0705 453 0401,"@367127 Sorry, revised data is 800MB (not 850mb), but you got 820mb. Please click this link for details: https://t.co/GvxBuIxUZL. SO",59,False,True,False,True,False,False,False,False,False,False,False,False,1,0
,,,,,,364355,"@GloCare Good day, i have difficulty in subscribing for data",@202357 We apologize about it. Please restart the device and try the code again. Issue has been sotred. Thank you. SO,60,False,False,False,True,False,False,False,False,False,False,False,False,1,0
,,,,,,2218224,@GloCare Ikotun Egbe Alimosho local Government area Motorola...,@648039 Work is ongoing in order to resolve the issue. We crave your patience while this is done. Thank you. CA,63,False,False,False,True,False,False,False,False,False,False,False,False,1,0
,,,,,,1931841,"@GloCare wanna ask, hw much can b transfered, was avin 400 on d line","@574883 Evening, kindly provide your number for a quick check. AP",68,False,True,False,False,False,False,False,False,True,False,False,False,1,0
,,,,,,148468,@GloCare @117627 YALL SOLD ME DREAMS WHEN I FIRST GOT THE 4G NETWORK. SMH,"@149799 @117627 Hello Iwobi, please call the 4G help desk on 400 for troubleshooting assistance with the issue. We apologize.  TT",73,False,True,True,False,False,False,False,False,False,False,False,False,1,0
,,,,,,1966089,@GloCare 023 179 6436 huawei g power..my internet hasn't worked in like a month,@342591 Please confirm your number? SO,79,False,True,False,True,False,False,False,False,False,False,False,False,1,0
,,,,,,1651477,@GloCare itz a new complain.d network is bad n needs to be rectified.08059189956,"@494251 We apologize for the inconvenience, our engineers are working on the issue. Thank you. UO.",80,False,True,True,False,False,False,False,False,False,False,False,False,1,0
,,,,,,2672600,@GloCare morning plz can I get more information abt the glo free browsing today...,"@752462 Hello Johnson, please click this link for details: https://t.co/RS6zSIxXAc. SO",82,False,False,False,True,False,False,False,False,False,False,False,False,1,0
,,,,,,1909615,"@GloCare 08052370848, mobile network n/a, Alagomeji/Sabo bus stops, 3days, Samsung S7",@568874 The issue reported has been escalated for resolution. Kindly be patient.  TT,85,False,True,True,False,False,False,False,False,False,False,False,False,1,0
,,,,,,2651111,@GloCare @117627 @29022 08051069293 - loaded #500 on 15/11/17 - the airtime was drained!,"@747763 @117627 @29022 Dare, the issue has been escalated. Kindly exercise patience, we will get back to you. FA",88,False,True,False,False,True,False,False,False,False,False,False,False,1,0
,,,,,,1833990,"Am I d only one ""enjoying"" ds very poor network from @117627? So terrible. @GloCare @145585","@550127 @117627 @145585 Afternoon Abayomi, may we know the exact issue being experienced at your location to offer you assistance? TT",91,True,True,True,False,False,False,False,False,False,False,False,False,1,0
,,,,,,900726,@GloCare I only hope the network reception I'll be up to enable civet me rec'v ur response.,"@333824 Kindly alternate the network mode, select either 2g or 3g only, not both. Restart your device afterwards. SO",91,False,False,True,False,False,False,False,False,False,False,False,False,1,0
,,,,,,443634,"@GloCare Network fluctuating like forever(on/off)
Location: awedele street,bank road,adoekiti.","@747758 Kindly send in your number,for escalation. Our sincere apologies about that. CA",94,False,False,True,False,False,False,False,False,False,False,False,False,1,0
,,,,,,2724769,"@GloCare Ive gotten the settings, I applied but the issue is still there.. data isn't coming up.",@764211 Ensure your mobile data is turned on. CA,96,False,False,False,True,False,False,False,False,False,False,False,False,1,0
,,,,,,2812719,"@GloCare Yeah, but will the extension retain the unused data and take it over to the next month?",@120252 yes it will ~ OO,96,True,False,False,True,False,False,False,False,False,False,False,False,1,0
,,,,,,1424879,"@glocare: refer to our tread of tweet-glo kipnap 
my 50naira twuce. Pretending it was VAS or DROP BAL",@451038 Hello. May we know when the deduction was made? PE,100,False,True,False,False,False,False,True,False,False,False,False,False,1,0
,,,,,,2146010,Dear @GloCare why am I still getting messages from 8888 after I've fully activated DND? Kilode Gan sef😠,@523891 Good morning. Kindly text STOP to 8888 or provide your number for necessary assistance. Thank you. FA,103,True,True,False,False,False,False,False,False,True,False,False,False,1,0
,,,,,,2945949,"@GloCare that Streaming #YouTube video from 1am-5:30am is it still on ?
Because I always buy data of #2.5k",@813733 yes it is still on ~ OO,106,True,True,False,True,False,False,False,False,False,False,False,False,1,0
,,,,,,20378,You will always wait for someone to subscribe large volume of data before being unfortunate @117627 @GloCare,"@120454 @117627 Good morning, may we know the exact issue experienced for assistance? SO",108,False,True,False,True,False,False,False,False,False,False,False,False,1,0
,,,,,,2163261,@GloCare same promise for abt 2weeks nw.itz affectin biz and subscriptn numba is goin.itz getting unbearable,@494251 Please bear with us. We are on it. UO,108,False,True,False,True,False,False,False,False,False,False,False,False,1,0
,,,,,,1371030,@GloCare after migrating to  jumbo  package I was given  50mb  and you  are telling me I don't  have  mb 09058974494,"@147736 Hello Victor, the Jumbo data is in use on the line. Send FLAT to 1234 for the configuration setting and save it.  TT",109,False,True,False,True,False,False,False,False,False,False,False,False,1,0
,,,,,,69361,"@GloCare just bought 1000 data and instead of 3.2gb I saw 1648mb on 07059556635 Wi-Fi modem, what's happening?","@131705 Yes, initially for 1000 data plan you get 1.6gig as you auto renew/extend your plan, you will get the 100% bonus data for the plan bought. Also,a 7-day grace period is provided for renewal of plan after expiration, after which you are only eligible to half the data volume. ET.",110,True,True,False,True,False,False,False,False,False,False,False,False,1,0
,,,,,,228170,"@GloCare I got a message that I should dial x100x6x1#,hope it wouldn't affect my package of #2500 for 10G data?","@170400 Morning Johnson, may we know if you intend to migrate to Gbam Extra package?  TT",111,True,True,False,True,False,False,False,False,False,False,False,False,1,0
,,,,,,1553142,@GloCare I wish to why I was deactivated from using the *200# package. I never knew when I stopped from using it,@480541 Kindly provide your phone number for checks Thank you for your patience. UO.,112,False,True,False,False,False,False,False,False,True,False,False,False,1,0
,,,,,,1021292,"@GloCare howI wish the network /signal is good at isolo here, I would have go for 12.5G for #2,500 the cheapest so far","@361685 Evening Isa, may we know what the exact issue is at the location to offer you assistance.  TT",118,False,True,True,False,False,False,False,False,False,False,False,False,1,0
,,,,,,529842,@GloCare @12543 Then there's a problem cos deduction was made in full before I saw that message that said I was owing again.,"@242703 @12543 None at all. You took two loans the same day,not very far apart from each other.The first was 22nd Nov at 7.39 pm,the recovery was thus:
200: 25th Nov @12543.33 am
200: 24th @ 5.33 am
100: 23rd @ 1.33 pm
Thus,the notification may have been for this one.^GM",124,False,True,False,False,False,False,True,False,False,False,False,False,1,0
,,,,,,1207508,"@GloCare Why have I been finding it impossible to subscribe for data. It keeps telling me ""an error occured, try again later""","@403527 Morning Olamide, please dial *777# or visit https://t.co/JI1oIB9W08 to subscribe.  Thank you.  TT",125,False,False,False,True,False,False,False,False,False,False,False,False,1,0
,,,,,,2045031,"What is wrong with @GloCare these days, service keeps getting worse every day. Are you guys having major breakdown..really frustrating","@604770 Hello Abiola, Kindly provide your phone number, exact location, device type and error response so we can progress. Thank you. UO.",134,False,False,False,False,False,False,True,False,False,False,False,False,1,0
,,,,,,2500270,@GloCare The issue is on your *777# platform you state it clearly there that  4 GB is for #1000 but when I subscribed what I got is 1.6 GB.,"@713314 Hello Bolaji, may we have your number for checks? AA",138,False,True,False,True,False,False,False,False,False,False,False,False,1,0
,,,,,,348309,"@GloCare  I dnt understnd y, after a prper sim reg. I cant retrieve my sim at #Gloword because of 🆔 card despite providing a civil servnt 🆔.","@161790 Good evening, sim replacement requirements are: sim card hold (or sworn affidavit),valid I.d card, N100 and frequently 5 dialed numbers. SO",139,False,False,False,False,False,True,False,False,False,False,False,False,1,0
,,,,,,921303,"@GloCare Ffs and I'm telling you I didn't cancel it, the problem is from you.. Never did.. why would I just use 3k of my credit for pay as you go?",@338709 Kindly send a mail to __email__ for necessary assistance. AP,146,True,True,False,False,True,False,False,False,False,False,False,False,1,0
,,,,,,209686,"@GloCare Nawao 4u guys I'm talking of combo intl calling I subscribed last wk Friday 1000k check d bal 4me 07059646781 #122*1#,*777# don't work here",@165622 Current IDD balance is N1753:20  Stay Unlimited!  TT,148,False,True,False,True,False,False,False,False,False,False,False,False,1,0
,,,,,,107464,"@139868 @GloCare Am just angry with these people, about last 2 weeks thereabout, i complained here that i experience inexplicable deductions from my balance",@233517 may we know if you still experience deductions on your line? OO,156,False,True,False,False,False,False,True,False,False,False,False,False,1,0
,,,,,,1091427,"@GloCare 08110887757
Akobo, Ibadan
Infinix hot4","@377515 Morning Tweedat, the deduction are for subscribed VAS rentals.  TT",47,False,True,False,False,False,False,False,False,False,False,False,False,0,0
,,,,,,2409919,"@GloCare, i need the link to access all packages",@446820 Hello Funsho kindly click on the links https://t.co/bVzBGOevhb https://t.co/nMMUvJrL9F Thank you for choosing Glo. #GloEverydayBonanza #TeamUnlimited# GA,48,False,False,False,False,False,False,False,False,False,False,False,False,0,0
,,,,,,209796,"@GloCare Glosecure
Password: gprs
Username: gprs","@165645 Please change the apn= gloflat, username/password= flat. Restart the device afterwards. Thank you. SO",48,False,False,False,False,False,False,False,False,False,False,False,False,0,0
,,,,,,2156632,"@GloCare lekki gardens phase 1, sangotedo, lagos",@633585 We do apologize about that. Work is ongoing to restore network. Kindly bear with us. CA,48,False,True,False,False,False,False,False,False,False,False,False,False,0,0
,,,,,,381882,@GloCare Tnx for d concern but u guys have fixed it,@206556 Thank you for the feedback. Stay Unlimited!  TT,51,False,False,False,False,False,False,False,False,False,False,False,False,0,0
,,,,,,1966174,"@GloCare APN: gloflat
Username : flat
Password:****",@582744 We apologize. Issue has been escalated to the unit in charge for assistance. We will revert back to you. SO,51,False,False,False,False,False,False,False,False,False,False,False,False,0,0
,,,,,,529832,@GloCare Is it possible u turn it off from ur system?,@242703 Kindly dial *321*9*12#. CA,53,True,False,False,False,False,False,False,False,False,False,False,False,0,0
,,,,,,1686984,"@GloCare New Bussa Kainji Dam Niger state ,09050500533","@512329 We apologize for the inconvenience, our engineers are working on the issue.Kindly bear with us. Thank you.AP",54,False,True,False,False,False,False,False,False,False,False,False,False,0,0
,,,,,,892619,"@GloCare Dats what I get everytime, anyway 08071727296","@331948 Due to system upgrade,  we apologize we are not be able to run a check at this time. Kindly exercise some patience. UO",54,False,True,False,False,False,False,False,False,False,False,False,False,0,0
,,,,,,1400362,"@GloCare Alamu strt, alimosho LGA, 4 days nw, 08124472856",@445606 We apologize for any inconvenience you may have experienced.The complaint has been escalated. Thank you. UO.,57,False,True,False,False,False,False,False,False,False,False,False,False,0,0
,,,,,,2766740,@GloCare kindly elaborate the free YouTube midnight plan?,"@195223 Morning. For all data subscription from N500, free 2.5 GB data is given for You Tube connection from 1:30 AM till 5 AM.  Stay Unlimited! TT",57,True,False,False,False,False,False,False,False,False,False,False,False,0,0
,,,,,,2380731,@GloCare 09056870603 ibeju lekki Adeba lekki-epe expressway,@685968 We apologize. We are aware of the issue and the network engineers are working to resolve it. Kindly bear with us. EE,59,False,True,False,False,False,False,False,False,False,False,False,False,0,0
,,,,,,984569,@GloCare You have to follow back so I can send u a message 😬,@353395 Please details via DM. Thank you. SO,60,False,False,False,False,False,False,False,False,False,False,False,False,0,0
,,,,,,209817,@GloCare I said between Friday and Monday ie Oct 20 and 23 2017,"@165647 Hello Agbaje, as earlier informed, N90 debited on the 20th October, 2017 has been refunded. No other negative deduction occurred. SO",63,False,True,False,False,False,False,False,False,False,False,False,False,0,0
,,,,,,1183742,@398347 @GloCare @122461 I hope the engrs will act fast or else,"@398346 @398347 @122461 We apologize,we are aware of the issue and it's being worked on. Kindly exercise patience, it will be resolved soon . AP",63,False,True,False,False,False,False,False,False,False,False,False,False,0,0
,,,,,,1570076,@GloCare I received a message about Welcome back. How true is it?,"@484227 Hello Yemi, Welcome back is real , Kindly click  on the link for details https://t.co/4RK37JkQ9D. Thank you .EE",65,True,False,False,False,False,False,False,False,False,False,False,False,0,0
,,,,,,2536031,"@GloCare rectify
It is my company hot line.
I cant even make calls","@721467 We apologize for the inconveniences. May we know your device name, model, APN, username/password and the error message received? FA",66,False,False,False,False,False,False,False,False,False,False,False,False,0,0
,,,,,,2409915,@GloCare Send Glo infinito  package short code and call rate to me.,"@446820 INFINITO
 Onnet(glo)-22k/s,Offnet(others)-22k/s
sms: Onnet-N4, Offnet-N4 and Int’l-N35
 11k/s to 10 Glo numbers
  Dial  *100*9*2# to migrate to Infinito. AP",66,False,False,False,False,False,False,False,False,False,False,False,False,0,0
,,,,,,1233414,"@GloCare keep the consistency , And fix the issue as soon as possible","@409275 Good evening, we empathize. Please alternate the network mode, select either 2g or 3g only, not both. Restart your device afterwards. SO",69,False,False,False,False,False,False,False,False,False,False,False,False,0,0
,,,,,,793274,"@GloCare Apn-gloflat, username - flat, password - flat, my 08078357080","@307683 We apologize, Thank you for your patience. Please confirm the service status.  UO.",70,False,True,False,False,False,False,False,False,False,False,False,False,0,0
,,,,,,2540887,"@GloCare 08119707063 igando-ikotun road, landmark amen filling station","@722501 Oluwey, we sincerely apologize for the inconveniences. The issue is being resolved. Please, bear with us. FA",70,False,True,False,False,False,False,False,False,False,False,False,False,0,0
,,,,,,2390221,He hate I have for @117627 and @GloCare at the moment is undescribable.,"@688253 @117627 We apologize, May we know what you are experiencing.EE",71,False,True,False,False,False,False,False,False,False,False,False,False,0,0
,,,,,,1114479,@GloCare change it  by sending flat to  1234...the  madness still continue,"@147736 Victor, there is no deduction on the line while browsing in the last 3 hour.  TT",71,False,True,False,False,False,False,False,False,False,False,False,False,0,0
,,,,,,632374,@GloCare 08072990148. And its a regular occurence...i. e. every month end.,"@165213 Hello Tolu, you use a cug/postpaid line. Monthly rental is applicable on the line. Please contact your account officer",74,False,True,False,False,False,False,False,False,False,False,False,False,0,0
,,,,,,684252,@GloCare subscribe 2000 monthly for 08076445994. Failed here in Bwari FCT. Thx,@283310 We sincerely apologize for the inconvenience. We are currently carrying out an upgrade.We implore you to please bear with us as soon we would be able to assist you. Kindly try again later. GA,78,False,True,False,False,False,False,False,False,False,False,False,False,0,0
,,,,,,536897,"@GloCare 08052202040,katsina,funtua local government by makera/dandaji location",@244434 The issue has been escalated to the unit in charge and It will be resolved soon. AP,79,False,True,False,False,False,False,False,False,False,False,False,False,0,0
,,,,,,507068,"@117627 @GloCare How many times? Sent it to SG... 
0 8 0 triple 7, double 8, 5 3 6","@236390 @117627 Hello Okoli, please send STOP to 55502 tp deactivate the VAS on the line. Also, you may send STOP to 2442 for full VAS DND.  TT",81,True,True,False,False,False,False,False,False,False,False,False,False,0,0
,,,,,,2486781,@GloCare why am I being asked for a court affidavit to retrieve my registered line?,"@710301 Where the SIM pack is unavailable, an affidavit attesting to the ownership and loss of the SIM must be provided. AP",83,True,False,False,False,False,False,False,False,False,False,False,False,0,0
,,,,,,2163272,@GloCare I'll do. But the unanswered question is: who subscribe me to whatever that's for?,@403387 The complaint has been escalated. Please send STOP to 5836 and 2442. Thank you for your patience. AP,90,True,False,False,False,False,False,False,False,False,False,False,False,0,0
,,,,,,836106,@GloCare It isn't changing to English I pressed 1 for English and it's still speaking Hausa!,"@319042 you should press 1 after to confirm it or you call 121 and wait, when it is picked, request for the language change and it will be done ~ OO",92,False,True,False,False,False,False,False,False,False,False,False,False,0,0
,,,,,,1045316,@GloCare you guys will drop calls that comes into your costumer care line and won't respond to tweets...,"@367128 Hello Tolulope, we apologize. May we know the exact issue for assistance. Thank you. SO",104,False,False,False,False,False,False,False,False,False,False,False,False,0,0
,,,,,,1857641,@GloCare I don’t even get any reception anymore. It has gone from 75 to 0. Someone is about to make a switch!,"@555516 Afternoon Champion, we apologize. Kindly provide your number, exact location with landmarks, issue duration &amp; device type for assistance TT",109,False,True,False,False,False,False,False,False,False,False,False,False,0,0
,,,,,,1124813,"@GloCare You are subscribed to the Entertainment Factory. To enjoy the best content, visit https://t.co/euHXypaLmF

Why?","@385223 Hello Olubunmi, we apologize. Service has been canceled on the line. Thank you. SO",119,True,False,False,False,False,False,False,False,False,False,False,False,0,0
,,,,,,1304107,"@GloCare Ikotun/Lekki;  Blackberry Z10; a message about the need to register the line.  However,  I did register upon purchasing the line...","@424728 Hello Jennifer, the line is not registered on the network. Kindly visit the Gloworld shop to register it.  TT",137,False,True,False,False,False,False,False,False,False,False,False,False,0,0
,,,,,,228210,@GloCare Honestly I don't really understand wat n wat I should send in d email dart d reason I didn't send it early ...plz put me through...tnxxxxxxx,@170403 State issue that took place with the wrong line crediting &amp; make your request for the credit to be transferred to the available line. TT,149,False,False,False,False,False,False,False,False,False,False,False,False,0,0
