customer_tweet_id,customer_author_id,customer_created_at,customer_text,brand_tweet_id,brand_created_at,brand_response
539077,244990,Sat Dec 02 14:05:42 +0000 2017,"@GloCare @117627 A week now, your network in Iseyin, Oyo State has been ATROCIOUS to put it MILDLY! Disappearing network!!! I guess you just employed Houdini but we subscribers didn't get the memo. Do remember to copy us when it returns! #MediocreGloNetwork @117626",539076,Sat Dec 02 14:25:57 +0000 2017,"@244990 @117627 @117626 Sincere apologies. kindly provide your number, device type, exact location with landmark, error message, signal you can see and alternate number. AP"
2724779,264735,Mon Nov 20 12:30:11 +0000 2017,"@GloCare @117627 Stop emphasizing with mee. I've provided you with the number - +234 807 683 5245 - not fewer than 3times. Afterwards, you still resubscribed mee to the unsolicited services and deducted my money. @104856 @117626 @7475 @104937 @120330 @127588 @562660",2724781,Mon Nov 20 12:33:06 +0000 2017,@264735 @117627 The VAS on the line has been deactivated. Sens STOP to 2442 for full VAS DND.  TT
1972746,584299,Wed Nov 01 08:21:05 +0000 2017,"@GloCare please if I recharge my jumbo SIM, for existing subscriber , will my money be taking or will it still remain on my main balance",1972745,Wed Nov 01 10:13:00 +0000 2017,"@584299 Hello Kommanda, the amount recharged will be credited in your main account. Bonus will be credited in a different account. Thank you. SO"
443634,747758,Sat Nov 18 16:53:43 +0000 2017,"@GloCare Network fluctuating like forever(on/off)
Location: awedele street,bank road,adoekiti.",2651069,Sat Nov 18 17:30:19 +0000 2017,"@747758 Kindly send in your number,for escalation. Our sincere apologies about that. CA"
2463673,705173,Wed Nov 15 07:43:46 +0000 2017,"@GloCare pls de glo mast in agingi rukuba Rd of bassa LGA of plateau state went off  since a week now and de pple of that community have been in suffering. There is no mtn, 9mobile and airtel services there. Due to the recent killings in de region, it is very dangerous to stay",2463674,Wed Nov 15 09:06:28 +0000 2017,@705173 We sincerely apologize for the inconvenience. We assure you the issue affecting your location is being worked on. We implore you to please bear with us. Thank you. GA
469794,222686,Fri Dec 01 06:06:31 +0000 2017,"@GloCare i did not apply for any #service. Dear User, your billing for Glo Gamestore has failed due insufficient balance. Please recharge",469792,Fri Dec 01 07:13:10 +0000 2017,@222686 Kindly provide your phone number for assistance. ET.
1931789,372400,Sat Oct 28 13:46:04 +0000 2017,@GloCare how does one transfer credit from one phone to another?,1931788,Sat Oct 28 17:00:53 +0000 2017,"@372400 Hello Omoniyi, dial *131*Number*Amount* PIN# to share credit. To change PIN dial *132*00000*New PIN*New PIN# Default PIN is 00000. TT"
1825267,507063,Sun Nov 26 07:34:10 +0000 2017,@GloCare My credit balance is 100 naira doesn’t show me anything concerning bumpa bonus,1825266,Sun Nov 26 07:35:38 +0000 2017,@507063 for bumpa bonus dial #122*2# ~ OO
793275,307683,Thu Oct 12 13:08:49 +0000 2017,"@GloCare, i can't browse with Glo, but same setting, is what am browsing on Mtn, we love ur network more than other, kindly do something pls",793272,Thu Oct 12 13:15:38 +0000 2017,"@307683 Please confirm the apn, username and password. Also revert with your number and exact location. SO"
148468,149799,Fri Nov 24 14:00:29 +0000 2017,@GloCare @117627 YALL SOLD ME DREAMS WHEN I FIRST GOT THE 4G NETWORK. SMH,148467,Fri Nov 24 14:45:46 +0000 2017,"@149799 @117627 Hello Iwobi, please call the 4G help desk on 400 for troubleshooting assistance with the issue. We apologize.  TT"
2764089,201381,Tue Nov 21 07:46:31 +0000 2017,"Dear customer, your subscription of CHOLESTROL's gpa cannot be renewed due to insufficient balance. @117627 @GloCare CANCEL. I did not subscribe to it. #Fraud.",2764087,Tue Nov 21 07:49:39 +0000 2017,"@201381 @117627 Morning Edu, kindly send STOP to the VAS code or provide your mobile number for assistance to deactivate the VAS.  TT"
2782502,139877,Tue Nov 21 17:16:27 +0000 2017,@GloCare @117627 DM is preferable please.,2782503,Tue Nov 21 17:48:33 +0000 2017,@139877 @117627 Kindly follow us. ET.
2409919,446820,Tue Nov 14 11:39:46 +0000 2017,"@GloCare, i need the link to access all packages",2409918,Tue Nov 14 16:25:18 +0000 2017,@446820 Hello Funsho kindly click on the links https://t.co/bVzBGOevhb https://t.co/nMMUvJrL9F Thank you for choosing Glo. #GloEverydayBonanza #TeamUnlimited# GA
1613035,494922,Sun Nov 05 10:22:50 +0000 2017,"@117627 @53686 @GloCare, I'm reminding U that 0238694957 is still waiting for U 2 resolve his internet issues. It has been 2 months.",1613034,Sun Nov 05 11:34:08 +0000 2017,@494922 Please contact __email__ for assistance. Thank you for your patience. UO
474020,268899,Thu Nov 30 05:31:33 +0000 2017,@GloCare @227840 Wetin happen. You guys are charging me for iflix after using for less than 60 days. Kilode? Iflix finished my last day subscription I didn't notice until I resubscribed and saw data dropping fast as I use iflix. Please what's the rule? 08051891193.,628564,Thu Nov 30 05:34:45 +0000 2017,"@268899 @227840 Good morning, Damilola. Its access that's free for 2 months,not downloads or streaming on the app. More on that here: https://t.co/K1OxpO956D. ^GM"
1546534,478887,Fri Nov 03 23:01:00 +0000 2017,Hi @GloCare your network has been terrible for weeks now.,1546533,Sat Nov 04 04:10:40 +0000 2017,"@478887 Morning,We apologize, may we know the exact network issue you are having and your location? AP"
1207508,403527,Tue Oct 24 23:27:01 +0000 2017,"@GloCare Why have I been finding it impossible to subscribe for data. It keeps telling me ""an error occured, try again later""",1207507,Wed Oct 25 09:29:53 +0000 2017,"@403527 Morning Olamide, please dial *777# or visit https://t.co/JI1oIB9W08 to subscribe.  Thank you.  TT"
658664,194180,Thu Nov 23 16:41:03 +0000 2017,@GloCare 08054179871,703677,Thu Nov 23 17:49:37 +0000 2017,"@194180 Good evening, your data is paused because a number is sharing data with you. AP"
921293,338709,Sat Oct 21 12:06:42 +0000 2017,@GloCare @117627 08054272058,921289,Sat Oct 21 12:37:11 +0000 2017,"@338709 @117627 Sorry, you already canceled auto renewal on the line before the plan expired yesterday. Thank you. SO"
1982751,586894,Wed Oct 18 17:42:48 +0000 2017,@GloCare Why would you continue to fleece me of my hard earned money in disguise. This has got to stop. This is a pictorial evidence. https://t.co/PxKofwlCWR,1982749,Wed Oct 18 17:52:52 +0000 2017,"@586894 Evening Adedeji, kindly provide your mobile number for checks. TT"
2390221,688253,Tue Nov 14 07:15:39 +0000 2017,He hate I have for @117627 and @GloCare at the moment is undescribable.,2390220,Tue Nov 14 09:06:10 +0000 2017,"@688253 @117627 We apologize, May we know what you are experiencing.EE"
209626,165612,Wed Oct 04 11:30:16 +0000 2017,@GloCare 3hours ago,209627,Wed Oct 04 11:43:52 +0000 2017,@165612 Issue has been escalated to the unit in charge for assistance. We apologize about the issue. We'll revert back to you shortly. Thank you. SO
395956,209744,Fri Nov 24 19:47:55 +0000 2017,"@GloCare 
Hello, can we plz have some reprieve to network quality in Graceland, Zaria, Kaduna State? 
It's embarrassingly slow n unstable.",395954,Sat Nov 25 04:49:20 +0000 2017,"@209744 We apologize for the inconveniences,we are aware of the issue and it's being worked on. EE"
1922575,572348,Tue Oct 31 18:11:49 +0000 2017,@GloCare 07057855707,1922573,Tue Oct 31 18:29:06 +0000 2017,"@572348 We apologize. the plan expired today. However, Line check shows you have the Glo free data bonus running for today. UO"
445901,220601,Wed Nov 22 18:50:08 +0000 2017,@GloCare Thanks,445902,Wed Nov 22 19:03:14 +0000 2017,@220601 You are welcome. ET.
1535445,269891,Fri Nov 03 23:57:01 +0000 2017,"@GloCare 09051562019, umidigi, Graceland Estate Ajah, it barely connects at this location and around but better as I move away.",1535447,Sat Nov 04 04:12:56 +0000 2017,"@269891 We apologize,we are aware of the issue and it's being worked on. Kindly exercise patience, it will be resolved soon . AP"
1082752,375409,Sat Oct 14 21:24:19 +0000 2017,@374580 @GloCare And Adenuga is from Ogun State. He should do you guys well now. Lol,1082751,Sun Oct 15 01:34:05 +0000 2017,@375409 @374580 May we know what you are experiencing. Thank you.EE
493029,191851,Fri Dec 01 11:31:20 +0000 2017,@117627 @GloCare I see no reason why you are not replying my tweets,493027,Fri Dec 01 17:28:47 +0000 2017,"@191851 @117627 We apologize. May we have your number, error message, exact location with landmarks, issue duration and device type for assistance. SO"
811988,313482,Thu Oct 12 16:31:31 +0000 2017,@GloCare how can I stop dis from leaking all my money cos I have 'STOP' it on many occasion https://t.co/pFCX9A3RJW,811986,Thu Oct 12 19:09:08 +0000 2017,@313482 We apologize for any inconvenience you may have experienced. Kindly provide your number. Thank you. UO.
2390211,688559,Tue Nov 14 09:15:45 +0000 2017,@GloCare Check DM,2390213,Tue Nov 14 11:35:15 +0000 2017,@688559 Okay .EE
725187,293710,Wed Oct 11 04:06:06 +0000 2017,@GloCare 07059835151,725189,Wed Oct 11 11:28:50 +0000 2017,"@293710 Hello Elegant, Due to system upgrade,  we apologize we are not be able to run a check at this time. Kindly exercise some patience. UO"
736333,296136,Mon Nov 20 13:37:46 +0000 2017,@296135 @296137 @117627 @GloCare Shebi dem talk say Glo 4G dey ok. Give it a try and give us feedback.,736336,Mon Nov 20 13:49:31 +0000 2017,"@296136 @296135 @117627 Hello Leo,may we know the exact location at Gbagada? CA"
2651111,747763,Sat Nov 18 18:07:55 +0000 2017,@GloCare @117627 @29022 08051069293 - loaded #500 on 15/11/17 - the airtime was drained!,2651110,Sat Nov 18 18:12:42 +0000 2017,"@747763 @117627 @29022 Dare, the issue has been escalated. Kindly exercise patience, we will get back to you. FA"
224730,169696,Thu Oct 05 06:02:58 +0000 2017,@GloCare @117627 08073961978,224732,Thu Oct 05 06:53:32 +0000 2017,"@169696 @117627 Good morning, we apologize about it. Issue already escalated to our resolution unit for assistance. Work in progress. Please bear with us.SO"
2414077,687943,Tue Nov 14 12:22:33 +0000 2017,"@GloCare there's no flooding network in some areas of Ado-Ekiti. From Ijigbo Junction up to Oke Ureje is a complete black spot. No network at all both for call and data. Please,  I have a good spot to erect your master if this will resolve the issues. It's very bad. Please assist",2414076,Tue Nov 14 16:35:19 +0000 2017,"@687943 Hello Oluwagbenija, we appreciate the feedback. Kindly send a mail to __email__ GA"
2831966,560190,Mon Nov 27 14:02:33 +0000 2017,"@117627 @GloCare Since u were able to get my name, am sure u have the number also",2831967,Mon Nov 27 14:57:23 +0000 2017,"@560190 @117627 Afternoon, kindly provide your number for a quick check. AP"
2005903,191917,Sat Nov 04 07:05:50 +0000 2017,"@GloCare 08053575663, connection failure, oke-ode, abule-egba, pipeline junction, igoke estate, tecno Y2, can't browse @18561 except  @2688(mile 2)",2005905,Sat Nov 04 07:53:36 +0000 2017,"@191917 @18561 @2688 Hello Oluboba, we apologize. We are aware of the issue and the network engineers are working to resolve it. Kindly be patient. TT"
2945956,134287,Thu Nov 30 05:52:06 +0000 2017,"@GloCare still showing same, can't u do it 4rm ur syd",2945959,Thu Nov 30 06:30:37 +0000 2017,"@134287 The auto renewal plan of 50 naira  has been cancelled,but you subscribed for campus booster that is active now on your line."
2910699,805787,Wed Nov 29 20:50:53 +0000 2017,"@GloCare I borrowed #200 and recharged #400 card, and bought #200 data only for glo to deduct #100 from my account again. My number is 07054544145.",2910701,Wed Nov 29 22:25:35 +0000 2017,@805787 100 naira was debited yesterday as repayment for the loan taken. ^GM
466514,226016,Fri Dec 01 04:20:28 +0000 2017,@GloCare It's not working the two codes are not working  08151352297,466513,Fri Dec 01 04:24:27 +0000 2017,@226016 Please provide name 8151352297 is registered on to enable provide the numbers. SG
1894594,564748,Fri Nov 17 00:50:58 +0000 2017,@GloCare My airtime has dropped from 40 to 15 again? What did I do for you guys gangan? I want to know.,1894592,Fri Nov 17 06:26:07 +0000 2017,"@564748 Hello Kashif, we apologize about it. Work already in progress on the vas without intent issue reported. Please exercise patience. SO"
1199678,401880,Tue Oct 24 19:34:29 +0000 2017,No glo network since 6pm ...@GloCare what's up?,1199677,Wed Oct 25 04:42:54 +0000 2017,"@401880 Hello, we empathize with you. May we know the error message you get? PE"
1884940,562409,Tue Oct 24 19:30:37 +0000 2017,@GloCare unable to make calls or send message again. Error response: call drop.Please its becoming annoying complaining everyday.08079053766,1884942,Wed Oct 25 04:41:07 +0000 2017,"@562409 Dear Femi, we sincerely apologize for the inconvenience. Kindly switch off and on your device after five minutes then try again. PE"
481000,229324,Fri Dec 01 08:16:26 +0000 2017,@GloCare I just bought this network and truth be told....it is the worst. Your awoof package is a big scam. Disgusted.,480998,Fri Dec 01 12:47:49 +0000 2017,"@229324 Is not scam,Credit amount is split into Main account and Bonus accounts. Recharge amount goes to Main a/c and balance goes to voice and data bonus accounts. Dial #122*23# to check bonus balance. See link for details https://t.co/760y8fDOaK. ET."
2469253,706390,Wed Nov 15 10:00:15 +0000 2017,"@GloCare 08153619040, tecno camon c8, Port Harcourt - Trans / Woji / Elelenwon always no network connection.",2469252,Wed Nov 15 10:01:36 +0000 2017,@706390 Our unreserved apology for the inconvenience. We assure you the issue affecting your location is being worked on. We implore you to please bear with us. Thank you. GA
1257427,414655,Wed Oct 25 17:25:29 +0000 2017,"@GloCare when you're done upgrading your system, kindly unsubscribe from whatever was subscribed for. Thanks",1257426,Thu Oct 26 07:22:57 +0000 2017,"@414655 Morning Segun, kindly send STOP to 30801 to deactivate the VAS on the line. Send STOP to 2442 for full VAS DND.  TT"
1024681,362474,Tue Nov 14 15:42:56 +0000 2017,"@GloCare  Could you please send me the steps to recharge my Glo numbers using Ecobank Bank, Wuse 2 Abuja, Nigeria.",1024685,Tue Nov 14 17:18:59 +0000 2017,@362474 Please visit any of : https://t.co/QtHZF68dka  or https://t.co/E1huUCbBr9 or https://t.co/6tDm6qs8TT Thank you. GA
381274,206428,Tue Oct 10 14:33:02 +0000 2017,@GloCare thanks,381276,Tue Oct 10 14:41:44 +0000 2017,@206428 You are welcome. Stay Unlimited !  TT
2330459,419756,Sun Nov 12 17:46:00 +0000 2017,@GloCare Kindly help deactivate auto renewal on my line. I have tried to do so via text messages it wasn't going. My phone no: 08056341036,2330457,Sun Nov 12 18:30:04 +0000 2017,@419756 Kindly conform the service you wish to cancel auto renewal on. Thank you. CA
1371030,147736,Sat Nov 25 12:12:32 +0000 2017,@GloCare after migrating to  jumbo  package I was given  50mb  and you  are telling me I don't  have  mb 09058974494,1371032,Sat Nov 25 13:39:55 +0000 2017,"@147736 Hello Victor, the Jumbo data is in use on the line. Send FLAT to 1234 for the configuration setting and save it.  TT"
381906,206560,Tue Oct 10 13:25:14 +0000 2017,@GloCare Okay. Thank you,381907,Tue Oct 10 13:33:29 +0000 2017,@206560 You are welcome. Stay Unlimited!  TT
2247212,654882,Fri Nov 10 18:49:17 +0000 2017,"@GloCare URGENT! I have not had network in my house area (somewhere in Rumuodara,PHC) for months. Which kain wahala be this? Once i get back from work i cant call or use data on my Glo line.",2247211,Fri Nov 10 19:08:02 +0000 2017,"@654882 We apologize.Kindly provide your number, device type, exact location and error response for a quick check . Thank you. AP"
469805,226870,Mon Aug 18 08:06:59 +0000 2014,@GloCare please Globacom how will i activate my deactivated line ? If i load a Card will it activated ?????,469802,Mon Aug 18 11:27:03 +0000 2014,"@226870 for deactivated sim, please visit the nearest Gloworld with N100, sim certificate and valid identity card. Thank you"
676553,281379,Thu Nov 23 10:58:42 +0000 2017,@GloCare 0811 911 2818,676555,Thu Nov 23 14:22:51 +0000 2017,"@281379 We apologize for the inconvenience,our engineers are carrying out system upgrade. Kindly check back much later. Thank you.AP"
129462,145165,Fri Nov 24 15:59:05 +0000 2017,@GloCare november 22nd,129464,Fri Nov 24 16:56:57 +0000 2017,@145165 Record shows the link used PAYU data to connect and also dialed bank USSD for transactions.  TT
734481,295735,Fri Nov 24 20:07:11 +0000 2017,"@GloCare please you guys should help me check my line as I was awarded 500mb after I recharged but I'm been deducted from my Normal data subscription which really isn't suppose to be so, this is the number 08058976647",734480,Sat Nov 25 08:00:32 +0000 2017,@295735 Good morning Eze. The bonus data is added to your data bundle. FA
2560004,342588,Thu Nov 16 16:37:17 +0000 2017,"@117627 @GloCare Nothing has been done for over a year now , I guess it's because no one is losing he/her job that's why y'all can be lackadaisical.
We're in Lagos not like we're in a jungle and we can't get basic &amp; consistent internet connectivity in 2017.
CC: @117626",2976673,Thu Nov 16 16:42:18 +0000 2017,"@342588 @117627 @117626 Sincere apologies. kindly provide your number, device type, exact location with landmark, error message, signal you can see and alternate number. AP"
575889,255512,Sun Dec 03 08:35:24 +0000 2017,@GloCare Between yesterday and today.... I recharge 500 around after 2,575892,Sun Dec 03 09:22:06 +0000 2017,"@255512 Your refund is being processed. You may send STOP to 2442 to blacklist your line from such subsequently,if you haven't. CA"
621068,267403,Wed Nov 22 16:00:43 +0000 2017,@GloCare Okay. I'll thank you when it's done.,621067,Wed Nov 22 16:51:55 +0000 2017,@267403 Stay Unlimited. ET.
2345094,678143,Mon Nov 13 16:41:25 +0000 2017,"@GloCare I have done all these your device tyre ,off and on,restart your device and change to 3G only all these these did not work...even one your guys told me the fault is from your end .common its talking long for christsake",2345097,Mon Nov 13 17:27:42 +0000 2017,"@678143 Hello Irohvincent , kindly provide the details below for resolution. Thank you. DA"
1190661,399853,Tue Oct 24 20:29:24 +0000 2017,"@GloCare Y'all need to do better tbh. 

Please just do better.",1190660,Wed Oct 25 06:51:37 +0000 2017,"@399853 Hello Oluwatosin, how may we help you?  TT"
209606,165614,Wed Oct 04 10:00:57 +0000 2017,@GloCare yes am aware the sub is barely two weeks old instead of renewing for 1k i want To get the 2k monthly plan.will i get my 100%bonu,209605,Wed Oct 04 10:40:22 +0000 2017,"@165614 Yes, if you subscribe on an active plan or not later than 3 days expiration of the last plan. Thank you. SO"
2933834,811250,Wed Nov 29 22:35:03 +0000 2017,@GloCare just show dere but nt work,2933835,Wed Nov 29 22:40:00 +0000 2017,@811250 This issue has been channeled to our resolution team for treatment and we would reply your afterwards. We apologize about this. ^GM
1518982,472322,Fri Nov 03 19:13:46 +0000 2017,@GloCare please kindly deactivate the Auto borrow me on dis line 07057946656 up,1518981,Fri Nov 03 19:15:56 +0000 2017,@472322 Treated. ^GM
2092984,618458,Tue Nov 07 21:03:52 +0000 2017,@GloCare pls my line got blocked while trying to input my code,2092983,Tue Nov 07 23:55:44 +0000 2017,"@618458 Apologies, we don't handle SIM blocked  issue(s) online due to security reasons. Kindly call 121 or visit Gloworld for assistance. DA"
364355,202357,Sun Oct 08 18:58:14 +0000 2017,"@GloCare Good day, i have difficulty in subscribing for data",364354,Sun Oct 08 19:01:33 +0000 2017,@202357 We apologize about it. Please restart the device and try the code again. Issue has been sotred. Thank you. SO
1876055,139866,Sun Oct 22 05:20:14 +0000 2017,"@GloCare can't you just work for a week,just a week without network disruption in Nigeria. People keep complaining abt ur services.",1876054,Sun Oct 22 06:29:24 +0000 2017,"@139866 Good morning, we empathize. May we know the exact issue. Please revert with affected number, error message, location and duration. SO"
1079213,374571,Sun Oct 15 07:41:51 +0000 2017,"@GloCare Again where is my N20?? Recharged 3k, you auto renewed a plan I didn't want and my balance mysteriously went down from N2001 to N1981",1079214,Sun Oct 15 07:44:20 +0000 2017,"@374571 Kindly be patient, the refund is being processed.  TT"
33119,122577,Wed Nov 01 11:54:14 +0000 2017,I have done this so many times but it keeps coming back. Is there anything you can do from your end to stop this. @117627 @GloCare https://t.co/q4l0iIMcsF,33118,Wed Nov 01 12:47:51 +0000 2017,@122577 @117627 May we have your number for assistance? SO
2211944,632514,Sun Nov 26 17:55:24 +0000 2017,@GloCare 09029807237.,2211945,Sun Nov 26 18:40:08 +0000 2017,"@632514 We apologize,We are aware of the issue and our engineers are working on it. Kindly bear with us. Thank you.AP"
2414073,693921,Tue Nov 14 12:45:50 +0000 2017,"@GloCare Hello my subscription was stopped days before it was supposed to expire,called your customer care twice stayed on the phone for 22 minutes no response.",2414072,Tue Nov 14 16:48:58 +0000 2017,"@693921 Kindly dial *127*0# or send INFO to 127 to check your data balance and validity. You may also dial *777#, select 1 for 3G-4G data Plan, then 4 to Manage Plan, then 4 to Get Data Balance. A plan expires when it reaches the validity date and also when the data volume finishes. GA"
103622,135257,Thu Nov 30 16:26:38 +0000 2017,@GloCare Network is terrible in my area. Wumba District by Apo Mechanic Village Abuja.,103623,Thu Nov 30 18:03:11 +0000 2017,"@135257 Hello Musa, we apologize about it. Our engineers are currently working on the issue in your location. Please bear with us. SO"
69361,131705,Thu Nov 30 08:53:57 +0000 2017,"@GloCare just bought 1000 data and instead of 3.2gb I saw 1648mb on 07059556635 Wi-Fi modem, what's happening?",69360,Thu Nov 30 09:17:27 +0000 2017,"@131705 Yes, initially for 1000 data plan you get 1.6gig as you auto renew/extend your plan, you will get the 100% bonus data for the plan bought. Also,a 7-day grace period is provided for renewal of plan after expiration, after which you are only eligible to half the data volume. ET."
493087,232560,Fri Dec 01 10:07:22 +0000 2017,@232561 @117627 @GloCare UPDATE!!! They've Deducted N10 From The 980 Again.. N1k Airtime Just This Morning Now Down To N970.. https://t.co/LWukklgbxv,493086,Fri Dec 01 17:15:07 +0000 2017,"@232560 We apologize,kindly provide your number for a quick check. AP"
2391726,688831,Tue Nov 14 10:45:26 +0000 2017,@GloCare  OK,2391728,Tue Nov 14 16:06:43 +0000 2017,@688831 Thank you for choosing Glo. #GloEverydayBonanza #TeamUnlimited# GA
2443687,700703,Wed Nov 15 05:31:30 +0000 2017,@GloCare @GloCare thanks for the feedback.,2463703,Wed Nov 15 08:33:27 +0000 2017,@700703 You are welcome. Thank you for choosing Glo.  #GloDataUnmatched #GloEveryDayBonanza #TeamUnlimited  GA
2222629,649103,Fri Nov 10 13:23:19 +0000 2017,@glocare @117627 why is your network so slow?,2222628,Fri Nov 10 13:34:38 +0000 2017,"@649103 @117627 We apologize.Kindly provide your number, device type, exact location and error response for a quick check . Thank you. AP"
1735825,512323,Tue Nov 07 08:54:40 +0000 2017,"@GloCare I hav a lot of data&amp;call bonus,but's still charged frm my main balance Wen calln/browsn. &amp; #124#, #124*1# no longa work 08113877114",1735823,Tue Nov 07 13:53:41 +0000 2017,"@512323 Afternoon,you have exhausted your data bonus. The voice bonus can only be used for glo to glo calls. AP"
445883,144577,Wed Nov 22 10:16:08 +0000 2017,"@GloCare pls no Glo network in OKEMESI ekiti,in ekiti west for d past 9days pls,we want to make call and browse ,find sometin do pls",445882,Wed Nov 22 10:20:36 +0000 2017,"@144577 Morning, we apologize for the inconvenience. Kindly provide your mobile number, error response, exact location with landmarks, LGA , alternate mobile number, issue duration and device type for assistance. TT"
2187087,523255,Thu Nov 09 18:50:02 +0000 2017,"@117627 @GloCare This poor connection is not personal it's general, Sango ota, Ado-odo LGA, Nigeria brewery, ota. Too much apologies from glo, solve it fast",2187086,Thu Nov 09 19:24:54 +0000 2017,"@523255 @117627 We apologize for the inconvenience, our engineers are working on the issue.Kindly bear with us. Thank you.AP"
1632844,499618,Sun Nov 05 19:57:26 +0000 2017,@GloCare .THIS is sad cause am thinking of changing my line. not fair . What's happening wit ur network .,1632843,Sun Nov 05 20:09:13 +0000 2017,"@499618 We empathize, issue is being undertaken by the concerned team, please be patient. SG"
1123757,385002,Tue Oct 24 08:32:47 +0000 2017,@GloCare Which plan does this No. 08050994164 are?,1123759,Tue Oct 24 08:46:33 +0000 2017,@385002 kindly dial #100# to confirm your tariff plan ~ OO
2380426,686365,Sun Nov 26 15:03:06 +0000 2017,@GloCare old how can a customer check his data account? Thanks,2380425,Sun Nov 26 17:38:23 +0000 2017,@686365 Its *127*0# or INFO to 127 to check. ^GM
381896,206559,Sun Oct 08 17:18:02 +0000 2017,@GloCare  what is the code to stop getting your entertainment subscriptions finally?I send stop to 55357 only to be subscribed back to it.,381895,Sun Oct 08 18:30:00 +0000 2017,"@206559 Good evening, please text STOP to 55357. Also text STOP to 2442 to cancel all unsolicited services. Thank you. SO"
2167982,636151,Thu Nov 09 06:36:33 +0000 2017,The worst network you could ever subscribe to its data is @117627 @GloCare @117626. You have data but you can't browse.,2167979,Thu Nov 09 09:39:59 +0000 2017,"@636151 We apologize for any inconvenience. Kindly provide your phone number, exact location, device type and error response so we can progress UO."
445933,220607,Wed Nov 22 08:40:26 +0000 2017,"@glocare! Good morning! Want to migrate to call unit of 20/s, what the code pls. Th,ks",445932,Wed Nov 22 09:34:00 +0000 2017,"@220607 Morning Titilope, Gbam Extra has a tariff of 12k/sec to Glo and 15k/sec to other network. Access charge of N5 applies on days calls are made.  TT"
834381,318689,Fri Oct 13 06:05:23 +0000 2017,"@GloCare please I made a recharge of #1500,yesterday only to see #95 as my balance",834380,Fri Oct 13 06:16:27 +0000 2017,"@318689 Good morning, may we have your number for clarification. Thank you. SO"
1503862,469053,Sat Nov 25 23:19:20 +0000 2017,"@GloCare @469054 My data is paused and is on a weekend plan, I want to switch back to my normal data plan . How please?",1503861,Sun Nov 26 02:07:08 +0000 2017,"@469053 @469054 Hello,
Kindly call 444 or 08070140444 for assistance on your data.
Thank you

PE"
1211605,404373,Wed Oct 25 07:22:09 +0000 2017,@GloCare My line is 09054954243,1211604,Wed Oct 25 11:58:15 +0000 2017,"@404373 Afternoon Olumuyiwa, the VAS messages on the line has been deactivated. Please send STOP to 2442 for full VAS DND.  TT"
921303,338709,Sun Oct 22 00:54:16 +0000 2017,"@GloCare Ffs and I'm telling you I didn't cancel it, the problem is from you.. Never did.. why would I just use 3k of my credit for pay as you go?",921304,Sun Oct 22 01:31:55 +0000 2017,@338709 Kindly send a mail to __email__ for necessary assistance. AP
493118,232563,Fri Dec 01 17:10:29 +0000 2017,@GloCare 08072428444,507054,Fri Dec 01 18:16:07 +0000 2017,@232563 Service has been canceled. Thank you. SO
16080,119528,Wed Nov 22 12:38:11 +0000 2017,@GloCare  this was on the 2nd of this November,16079,Wed Nov 22 12:53:29 +0000 2017,@119528 The VAS on the line has been deactivated. A refund is being processed. Kindly be patient.  TT
29893,122202,Wed Nov 01 10:38:35 +0000 2017,"@117627 @GloCare I sent this message on Monday, I have not been replied till date",29892,Wed Nov 01 11:13:27 +0000 2017,"@122202 @117627 Sorry, the device is not compatible with our 4G service. Thank you. SO"
2800841,774274,Tue Nov 21 22:23:31 +0000 2017,"@GloCare @117627 
I load card and subscribed u telling me e never work that all these time am using my money de browse ? i DM u guys ‘ una de do me like hausa girl una no even wan pick my calls 
No be by force to use Glo oo 
God punish all of una 🚶🏿✌🏿
Hi @118424 🤚🏿",2800840,Tue Nov 21 23:53:54 +0000 2017,@774274 @117627 @118424 Already replied . ^GM
1138795,388245,Tue Oct 24 12:26:03 +0000 2017,@GloCare It's saying the transaction for the amount (500) is not allowed,1138797,Tue Oct 24 13:34:56 +0000 2017,@388245 may we know how you try to transfer and your number? OO
1855757,555108,Thu Oct 19 06:40:51 +0000 2017,"@GloCare seems you guys now run shift with a data service I paid for. At night no network, in the morning it shows face.",1855756,Thu Oct 19 08:39:27 +0000 2017,"@555108 Good morning. We apologize for the inconveniences. May we have your number, location, device name, model, APN, username and password? FA"
2330462,674704,Tue Nov 14 01:22:37 +0000 2017,"@GloCare Please, how long would it take to be able to resolve this issue. The experience is not funny at all...",2330464,Tue Nov 14 06:53:00 +0000 2017,"@674704 We apologize, Kindly be patient.Thank you.EE"
967837,318686,Fri Oct 13 22:42:06 +0000 2017,"@GloCare if a friend share his data with me ,does it indirectly means I share mine with him too ?",967836,Sat Oct 14 04:31:35 +0000 2017,"@318686 Morning, no it does not. AP"
598439,261898,Sun Dec 03 19:11:17 +0000 2017,@GloCare My number is 08118875122,598437,Sun Dec 03 19:26:18 +0000 2017,@261898 The VAS on the line has been deactivated. You may send STOP to 2442 for full VAS DND.  TT
1732070,128809,Mon Nov 06 08:11:51 +0000 2017,@GloCare good morning.. Why is my GLO network poor??? Since on Friday up till now showing me emergency call only. Pls. 08052515535,1732069,Mon Nov 06 09:04:53 +0000 2017,"@128809 We apologize for any inconvenience. Kindly provide your, exact location, device type and error response so we can progress UO."
2474624,707496,Wed Nov 15 12:41:08 +0000 2017,"@GloCare My sister recharged and subscribed for glo data plan of N1000 on the 10th, airtime value was deducted but haven't received data paid for, pls resolve asap.",2474620,Wed Nov 15 12:46:14 +0000 2017,"@707496 Sincere apologies, may we have the affected number and device type? GA"
2534349,721120,Thu Nov 16 08:06:17 +0000 2017,@GloCare 08154046242 Thank you,2534351,Thu Nov 16 08:37:21 +0000 2017,"@721120 Great, you have exhausted your data bundle.  You may send a mail to 3gsupport @117627.com for a breakdown of your data usage. FA"
2267327,659902,Sat Nov 11 07:44:54 +0000 2017,"@117627 @659903 Since @GloCare won't take my calls please why is #100 taken from my account daily when I have not subscribed for data or any glo services. I bought this line on Thursday 9th Nov., 2017",2267326,Sat Nov 11 07:57:11 +0000 2017,"@659902 @117627 Kindly send in your number,for a check. CA"
1746638,526574,Tue Nov 07 11:29:10 +0000 2017,"@117627 @GloCare you guys are a huge disappointment and failure, fix your damn shit",1746637,Tue Nov 07 15:00:50 +0000 2017,@526574 @117627 We apolgize.May we know what the exact issue is? AP
424203,215974,Tue Oct 10 05:25:15 +0000 2017,@GloCare @215975 Please unsubscribe entertainment factory on my line 0905 585 8471.,424202,Tue Oct 10 11:02:16 +0000 2017,"@215974 Hello Victor, To stop Binbit, please send STOP GL1 to 55357. Thank you. UO"
276707,182118,Thu Oct 19 14:34:15 +0000 2017,@GloCare called your customer care three times today and they've done the same thing you're doing now. Feigning assistance!,276706,Thu Oct 19 14:35:38 +0000 2017,@182118 Please state the issue in this chat thread for assistance. Thank you.  TT
1045316,367128,Mon Oct 23 06:56:07 +0000 2017,@GloCare you guys will drop calls that comes into your costumer care line and won't respond to tweets...,1045315,Mon Oct 23 10:02:04 +0000 2017,"@367128 Hello Tolulope, we apologize. May we know the exact issue for assistance. Thank you. SO"
584005,257777,Sun Dec 03 12:57:58 +0000 2017,"@GloCare my mobile #08159821678...I just recharge 1400 - was goin to load anoda 1100 so I can activate d (5gb) 2500 data plan, pls is there anything u can do to help?",584003,Sun Dec 03 13:41:58 +0000 2017,"@257777 Hello Chubby, kindly send CANCEL to 127 to deactivate the data auto renewal service on the line. It will enable you change subscription type.  TT"
1056466,369436,Mon Oct 23 11:56:15 +0000 2017,@GloCare On  the 22nd again... N100 was removed saying it's for renewal of what I never subscribed to. This has been happening and it's so annoying,1056468,Mon Oct 23 12:07:59 +0000 2017,@369436 Work already in progress on the issue. Please exercise patience. Thank you. SO
2536031,721467,Thu Nov 16 07:33:25 +0000 2017,"@GloCare rectify
It is my company hot line.
I cant even make calls",2536029,Thu Nov 16 08:07:02 +0000 2017,"@721467 We apologize for the inconveniences. May we know your device name, model, APN, username/password and the error message received? FA"
1123768,153133,Mon Oct 23 17:00:57 +0000 2017,"@GloCare Please, I want to complain about the poor service in my area. If I put on 3G service it shows emergency calls only.  PLEASE HELP!",1123767,Tue Oct 24 05:04:43 +0000 2017,"@153133 Good morning, we empathize. Please alternate the network mode, select either 2g or 3g only, not both. Restart your device afterwards. GA"
793273,307683,Thu Oct 12 14:03:05 +0000 2017,"@GloCare Am in kwale, Ndokwa west L.G.A, delta state Nigeria, close to ogbeani town Hall, winners chapel",793276,Thu Oct 12 18:34:42 +0000 2017,@307683 We apologize for the delayed response. Please check your timeline. Thank you. UO.
2493439,634314,Thu Nov 16 21:18:48 +0000 2017,@GloCare Now working.. It shouldn't go off again ooo,2493440,Thu Nov 16 23:25:05 +0000 2017,@634314 Thank you for the feed back.EE
658682,276819,Wed Nov 22 19:53:23 +0000 2017,How can I have 4095mb of glo data as at 13th November and today 22nd I'm left with only 200mb haba @GloCare which kind 419 be this?,658681,Wed Nov 22 22:37:58 +0000 2017,@276819 We kindly request you monitor your data usage. You may want to check if you have any number(s) sharing data with you. CA
160989,153131,Sat Jan 21 15:49:21 +0000 2017,@GloCare  I haven't gotten any response please,160987,Sat Jan 21 15:52:22 +0000 2017,"@153131 Good evening, we apologize but due to security reason, need to call 121 for assistance. SG"
422638,215652,Tue Oct 10 13:31:16 +0000 2017,@GloCare bank ussd,422639,Tue Oct 10 13:36:23 +0000 2017,@215652 We apologize. Kindly contact the bank for assistance with the issue.  TT
493063,232555,Sun Nov 12 17:05:02 +0000 2017,@GloCare @232556 @117627 Good Evening. Please help to scan my line and remove what do deduct my credit. Thank,493062,Sun Nov 12 17:08:10 +0000 2017,@232555 @117627 Kindly send in your number. Thank you. CA
2395492,117624,Tue Nov 14 09:17:34 +0000 2017,@145588 @7693 @117627 @GloCare Please to inform you @117627 &amp; @145588 that your data connectivity in Apete by Yidi Road is worst that has imprisoned me and outcast my update on news as the data network needs 2b improve in d area please to allow me enjoy my data,2395491,Tue Nov 14 11:41:05 +0000 2017,@117624 @145588 @7693 @117627 We apologize. We are aware of the issue and the network engineers are working to resolve it. Kindly bear with us. EE
496766,227394,Fri Dec 01 21:44:47 +0000 2017,@GloCare 09055312322,496768,Sat Dec 02 00:14:47 +0000 2017,"@227394 Hello Osaro, VAS on the line has been deactivated. You may send STOP to 2442 for full VAS DND.  TT"
2513073,689824,Mon Oct 30 08:09:47 +0000 2017,@GloCare 08117942962,2513076,Mon Oct 30 10:37:30 +0000 2017,"@689824 Hello Nnanna, work already in progress on the issue reported. Please exercise patience. Thank you. SO"
2820563,385001,Mon Nov 27 04:12:34 +0000 2017,@GloCare Hello! Bot a r/card ystday bt d scratch panel was wet frm my bottle &amp; only 1st 6 nos showed.,2820562,Mon Nov 27 06:29:44 +0000 2017,"@385001 Hello Lucky, we apologize about that, but we don't handle over scratched card issue(s) online. This is due to security reasons. Kindly call 121 for assistance or you may visit the nearest Gloworld:  https://t.co/UZ9syKkvkG. SO"
1135554,126251,Tue Oct 24 08:28:39 +0000 2017,"@GloCare Is this how you treat your customers? Not even a response, not to talk of resolution https://t.co/VDP56sPaBQ",1135553,Tue Oct 24 08:46:07 +0000 2017,"@126251 we apologize,  may we know the exact challenge experienced? OO"
167015,154814,Sat Nov 25 08:00:00 +0000 2017,@GloCare Just Glo to Glo?,167016,Sat Nov 25 08:45:52 +0000 2017,@154814 Yes. FA
2490259,242707,Fri Nov 17 09:49:58 +0000 2017,"@GloCare @117627 Number-07052632663
Device type- infinix hot note x551
Location- Akwa Ibom state university, Ikot Akpaden, Mkpat enin, Akwa ibom state
Error message- emergency
Signal- No signal
Alternate numbers- 08128059629...08147428657",2490260,Fri Nov 17 10:06:14 +0000 2017,"@242707 @117627 Sincere apologies Cater, We apologize for any inconvenience you may have experienced.The complaint has been escalated. You will receive a text informing you when the issue will be rectified. Thank you. GA"
596135,261268,Tue Nov 28 19:48:23 +0000 2017,@GloCare You mean I should tweet my gsm number?,596134,Tue Nov 28 21:29:40 +0000 2017,"@261268 Evening,  kindly provide your number for a quick check. AP"
658669,276816,Sun Nov 26 12:52:59 +0000 2017,@GloCare @117627 Communication error.,658670,Sun Nov 26 13:38:58 +0000 2017,@276816 @117627 Please supply your number. ^GM
1258137,414813,Wed Oct 25 20:18:45 +0000 2017,@GloCare network been switching off &amp; on. It has been completely off for a while now &amp; I can't even call customercare pls help 07053337908,1258136,Thu Oct 26 08:08:57 +0000 2017,"@414813 Kindly select 3G only network; not Auto, on your device setting for better connection. TT"
2636639,744205,Fri Nov 17 19:09:53 +0000 2017,@GloCare This is the sub I did (the first one) only to get 1636mb. Please! Whats up.?.?! https://t.co/A50adS4T5F,2636637,Fri Nov 17 19:31:15 +0000 2017,@744205 Kindly confirm when your previous plan expired. CA
1210497,404147,Fri Oct 27 05:36:34 +0000 2017,"@GloCare Network status? Worst! I Just replying 2 days later means, everything was shot down till last night, hope this last past 12 noon.",1210499,Fri Oct 27 11:47:33 +0000 2017,"@404147 We apologize for any inconvenience. Kindly provide your phone number, exact location, device type and error response so we can progress UO."
1371022,280908,Sat Nov 25 10:14:58 +0000 2017,Lol prople dey para oo. Hahhahahahaaha. Oya @GloCare kindly stop any VAS service and callertunes oo. They have abused me for being too patient with u. I asked a question and yet to get an answer. How can i get my number across without dropping it on timeline? https://t.co/z5KKf4KEq9,1371021,Sat Nov 25 12:31:47 +0000 2017,@280908 Good afternoon. May we have your cellphone number to run a check on your line? FA
1936686,576175,Sun Nov 26 07:54:52 +0000 2017,"@GloCare so I recharged yesterday and I didn't get my usual bumba bonus, please why, 08117626261",1936684,Sun Nov 26 09:07:31 +0000 2017,@576175 the line provided is not on Glo Bumpa but on Glo Bounce ~ OO
2409934,692907,Tue Nov 14 10:06:17 +0000 2017,"@GloCare please I need u assist me. When ever they are is money on you used to deduct it and I can remember subscribing to any news, advert or any",2409932,Tue Nov 14 15:48:04 +0000 2017,@692907 We apologize for this inconvenience. May we have the affected number for checks. #GloEverydayBonanza #TeamUnlimited# GA
921287,264736,Sat Oct 21 12:38:45 +0000 2017,"Earlier today you took 20, now its 50, what's wrong with, stealing openly, will report you to ncc, CPC, icpc, @GloCare, #returnmymoney",921284,Sat Oct 21 12:44:25 +0000 2017,"@264736 Hello Sadeeq, may we have your number for assistance on the issue.We apologize. Thank you. SO"
2031925,161790,Wed Nov 08 08:38:37 +0000 2017,"@GloCare @117627 Ebutte metta, Yaba precisely",2031928,Wed Nov 08 09:21:22 +0000 2017,@161790 @117627 We sincerely apologize for the inconvenience. We assure you the issue is being worked on. We implore you to please bear with us. GA
1138796,388245,Tue Oct 24 09:33:45 +0000 2017,@GloCare please is glo me2u not functioning again? I want to transfer credit,1138794,Tue Oct 24 10:08:58 +0000 2017,"@388245 it is, may we know the error it gives when you try to transfer credit? OO"
2582778,731949,Thu Nov 16 20:06:21 +0000 2017,"@GloCare pls i don't know how this pre-loaded airtime works,  cus I bought a new sim and recharged but didn't see any bonus",2582776,Thu Nov 16 23:18:41 +0000 2017,"@731949 Hello Chinedu , Kindly recharge to unlock the bonus .EE"
2817931,785493,Mon Nov 27 05:27:01 +0000 2017,"@GloCare Please check again, Firstly 400 naira was deducted, I loaded 100 naira, no deduction, 500 naira was loaded, and the last 100 naira was deducted, why deducting from the 1000 naira, and why is 20 naira still remaining",2817933,Mon Nov 27 06:49:04 +0000 2017,"@785493 Hello Julius, N20 was debited from the amount (N100) recharged for value added service. Hence, the remaining amount was not sufficient to clear the outstanding loan. SO"
289617,185015,Tue Oct 17 14:56:54 +0000 2017,@GloCare Sent the email since yesterday but still no response,289616,Tue Oct 17 16:14:30 +0000 2017,"@185015 Hello Abu, we empathize. Please sent a reminder. Thank you. SO"
2358305,126251,Mon Nov 13 17:57:17 +0000 2017,@GloCare I can't browse check your network,2358304,Mon Nov 13 19:20:07 +0000 2017,"@126251 Hello, may we know your location?"
2470823,706717,Wed Nov 15 11:29:56 +0000 2017,@GloCare Ok.👍,2470825,Wed Nov 15 11:31:38 +0000 2017,@706717 Thank you for choosing Glo. #GloDataUnmatched #GloEveryDayBonanza #GloUnfairAdvantage #GloJumboSIM #TeamUnlimited GA
2178917,638601,Thu Nov 09 16:45:15 +0000 2017,@GloCare @117627 Pls resolve it ASAP... Cos I can't wait to get bk online... Av been using someone's Hotspot here.. Pls i can't wait till 48 hrs according to this message I just received https://t.co/BeXNzRx4FC,2178916,Thu Nov 09 16:59:46 +0000 2017,@638601 @117627 The issue has been escalated to the unit in charge and It will be resolved soon. AP
386998,207616,Mon Oct 09 13:30:03 +0000 2017,@GloCare 08051400336,387000,Mon Oct 09 14:07:50 +0000 2017,"@207616 We apologize for the delay, you refund request is being processed. Kindly be patient.  TT"
2765226,773395,Tue Nov 21 10:21:47 +0000 2017,@GloCare Though 2G can't be reached.... I can be reached on my 3G phone on 08053355365,2765227,Tue Nov 21 10:35:41 +0000 2017,@773395 The issue reported has been escalated for resolution. Kindly be patient.  TT
2358272,659891,Mon Nov 13 18:45:26 +0000 2017,@117627 @GloCare STOP to 2442 to add numbers,2358271,Mon Nov 13 19:30:07 +0000 2017,"@659891 @117627 Hello, STOP to the number for Do not disturb. DA"
2330443,562309,Sun Nov 12 19:20:40 +0000 2017,"Hello @gloCare 
I don't receive SMS on my line. Please kindly correct",2330442,Sun Nov 12 19:26:43 +0000 2017,@562309 Try to restart your phone without the sim on it. Replace sim and try to send a message to your line. CA
2965614,374580,Wed Nov 29 20:08:55 +0000 2017,"@GloCare I still can't use the internet o. This is frustrating! 
😠😤",2965613,Wed Nov 29 22:21:12 +0000 2017,@374580 Please supply your number. ^GM
918863,130987,Sat Nov 25 15:33:23 +0000 2017,@GloCare Thank you. And how can i easily remove the numbers.?,918861,Sat Nov 25 16:01:08 +0000 2017,@130987 Kindly dial *127*02*Number# to remove lines sharing data with you.  TT
725190,293710,Thu Oct 12 03:26:58 +0000 2017,@GloCare check it now. Network must have rectified itself by now. 07059835151,725191,Thu Oct 12 04:34:00 +0000 2017,@293710 Good morning. Our sincere apologies about this again. The issue has been escalated for investigation.Expect our update afterwards. ^GM
424200,215973,Wed Sep 20 13:12:27 +0000 2017,@GloCare Thanks @glocare the problem has be resolved,424199,Wed Sep 20 13:17:09 +0000 2017,@215973 Good afternoon and thanks for the feedback. SG
1480691,463813,Sat Nov 04 09:08:38 +0000 2017,@GloCare Thank you. But what you requesting for is the same old routine which would resolve nothing.,1480692,Sat Nov 04 09:47:02 +0000 2017,@463813 The requested details are for follow up on the issue.  Than you.  TT
984569,353395,Sun Oct 22 10:03:44 +0000 2017,@GloCare You have to follow back so I can send u a message 😬,984568,Sun Oct 22 10:08:58 +0000 2017,@353395 Please details via DM. Thank you. SO
209817,165647,Thu Oct 26 10:50:11 +0000 2017,@GloCare I said between Friday and Monday ie Oct 20 and 23 2017,209820,Thu Oct 26 16:09:43 +0000 2017,"@165647 Hello Agbaje, as earlier informed, N90 debited on the 20th October, 2017 has been refunded. No other negative deduction occurred. SO"
1199689,401886,Wed Oct 25 06:34:00 +0000 2017,"@GloCare Your call cannot be completed at the moment, please try again later",1199691,Wed Oct 25 11:40:24 +0000 2017,"@401886 Afternoon Habiba, kindly recharge your line. You have insufficient credit to make calls. Dial #124*1# to check.  TT"
916909,337685,Sat Oct 21 15:20:49 +0000 2017,@GloCare  https://t.co/g5OQykflz8,916911,Sat Oct 21 15:36:53 +0000 2017,"@337685 Good evening. The bonus is strictly for Glo to Glo calls/SMS, and the Glo number must not be on your friends and family list. FA"
1424854,139865,Sat Nov 04 16:40:41 +0000 2017,@GloCare Alright thank you,1424856,Sat Nov 04 17:05:16 +0000 2017,@139865 You are welcome.EE
1964647,582442,Mon Oct 30 21:47:34 +0000 2017,Please and please epp my solution @GloCare  this your network is crawling 😭😭,1964646,Tue Oct 31 05:32:47 +0000 2017,"@582442 Morning.We apologize.Kindly provide your number, device type, exact location and error response for a quick check . Thank you. AP"
1794950,238480,Thu Oct 12 12:36:43 +0000 2017,@GloCare 08051757916. woke to read sms from 7728 deducting me for caller tune i didn't sub for.Pls return my #50 &amp;deact me b4 i load again,1794948,Thu Oct 12 12:42:29 +0000 2017,"@238480 Hello Taiwo, we apologize. Issue has been escalated to the unit in charge for assistance. However, text DEREG to 7728 to deactivate. SO"
2812732,689824,Mon Nov 27 13:37:41 +0000 2017,@GloCare Now I know. Thanks for the info,2812733,Mon Nov 27 14:50:48 +0000 2017,@689824 You are welcome. AP
632374,165213,Mon Oct 16 14:26:40 +0000 2017,@GloCare 08072990148. And its a regular occurence...i. e. every month end.,632376,Mon Oct 16 15:09:54 +0000 2017,"@165213 Hello Tolu, you use a cug/postpaid line. Monthly rental is applicable on the line. Please contact your account officer"
2391743,681851,Tue Nov 14 08:08:09 +0000 2017,@GloCare @117627 please what is going on ? I'm trying to renew my data bundle and It's not working.  As usual your customer care line never works!!!! Always held up🙄 please can you do something?,2391741,Tue Nov 14 09:46:08 +0000 2017,"@681851 @117627 We apologize, Kindly try it again later .EE"
1371044,122460,Sat Nov 25 12:56:49 +0000 2017,@GloCare dailed it and still d same thing here is my number 08074640384,1371045,Sat Nov 25 14:17:12 +0000 2017,@122460 Hello Troy the bonus has been credited on the line. Please initiate a chargeable service then dial the code to check again.  TT
2218216,318686,Fri Nov 10 20:43:05 +0000 2017,"@GloCare This as been happening before the expiration ,what should be in the APN ?",2218217,Fri Nov 10 22:05:58 +0000 2017,"@318686 Hello Teedee, your complaint has been escalated. You will receive a text informing you when the issue will be rectified. GA"
2622276,740855,Fri Nov 17 16:21:37 +0000 2017,@GloCare 08074025522,2622278,Fri Nov 17 16:35:26 +0000 2017,@740855 Your complaint has been forwarded for resolution. Kindly exercise some patience while we work on it. CA
20378,120454,Wed Nov 01 04:55:33 +0000 2017,You will always wait for someone to subscribe large volume of data before being unfortunate @117627 @GloCare,20376,Wed Nov 01 06:33:16 +0000 2017,"@120454 @117627 Good morning, may we know the exact issue experienced for assistance? SO"
1389446,443002,Sat Oct 28 07:05:17 +0000 2017,@GloCare help me check my line 08058011999 i ave megabyte but i pay for internet from the main acct,1389445,Sat Oct 28 10:28:06 +0000 2017,"@443002 Ensure you have the correct settings. APN- Gloflat, Username - Flat and Password-Flat. Thank you. UO."
507068,236390,Fri Dec 01 18:22:58 +0000 2017,"@117627 @GloCare How many times? Sent it to SG... 
0 8 0 triple 7, double 8, 5 3 6",507067,Fri Dec 01 21:11:40 +0000 2017,"@236390 @117627 Hello Okoli, please send STOP to 55502 tp deactivate the VAS on the line. Also, you may send STOP to 2442 for full VAS DND.  TT"
1124813,385223,Tue Oct 24 14:44:30 +0000 2017,"@GloCare You are subscribed to the Entertainment Factory. To enjoy the best content, visit https://t.co/euHXypaLmF

Why?",1124817,Tue Oct 24 15:23:29 +0000 2017,"@385223 Hello Olubunmi, we apologize. Service has been canceled on the line. Thank you. SO"
1123733,385001,Wed Oct 18 14:21:34 +0000 2017,"@GloCare Card Serial No.:
__credit_card__. [08050597950]. Loaded around 12am tday.",1123731,Wed Oct 18 15:07:41 +0000 2017,@385001 The issue reported has been escalated for resolution. Kindly be patient.  TT
94494,136524,Fri Dec 01 00:59:20 +0000 2017,@GloCare @117627 Solved. Use *777# requested for Internet setting and phone is browsing,94496,Fri Dec 01 01:00:12 +0000 2017,@136524 @117627 Good morning and thanks for feedback. SG
2159663,634317,Thu Nov 09 17:08:23 +0000 2017,"@GloCare The number is 08050630693, HTC M8, Igbeti in olorunsogo LG OYO state, 3G network failure and also kindly note that we experience incessant network outage due power failure ( some times 4 days in a week) since Dec 2016, several complaint but still same .",2159665,Thu Nov 09 17:25:25 +0000 2017,@634317 The issue has been escalated to the unit in charge and It will be resolved soon. AP
974051,153135,Sat Oct 14 06:12:12 +0000 2017,@GloCare 07057789957....pls check why the money I recharged for auto renew was deducted without any apparent msg on d deduction,974049,Sat Oct 14 06:21:21 +0000 2017,"@153135 Good morning, please confirm the amount recharged, method of recharge and date for clarification. Thank you. SO"
209818,165647,Thu Oct 26 10:53:27 +0000 2017,"@GloCare We are having difficulties using your network for the past two days now. We can't check balance, we are having call drops and the worst is",209821,Thu Oct 26 16:11:43 +0000 2017,@165647 We apologize for the inconveniences experienced. Network engineers are presently working to resolve the issue. Kindly be patient. SO
2500307,713316,Thu Nov 16 05:14:50 +0000 2017,"@GloCare @7467 @25740 olorunsogo local govt,igbeti Oyo state,data and voice downtime android device",2500308,Thu Nov 16 05:34:17 +0000 2017,"@713316 @7467 @25740 Hello, we apologize. We are aware of the issue and the network engineers are working to resolve it. Kindly be patient. DA"
2274553,661586,Sat Nov 11 05:24:28 +0000 2017,"@117627 @GloCare , my number is 08119774134",2274552,Sat Nov 11 06:18:01 +0000 2017,"@661586 @117627 You currently have N5000 bonus. Please note that bonus is used for Glo calls (only),sms and browsing. CA"
1881394,561463,Tue Nov 07 07:10:49 +0000 2017,"@GloCare your network is a disgrace, embarrassing that I subscribe and can't even use my data",1881393,Tue Nov 07 12:17:32 +0000 2017,"@561463 We apologize for any inconvenience. Kindly provide your phone number, exact location, device type and error response so we can progress UO."
65457,130986,Thu Nov 23 21:51:20 +0000 2017,"@GloCare Dear Team, I just restarted the phone now and was able to browse, thanks for your response, we will monitor performance and keep you posted. Thanks",65456,Thu Nov 23 22:21:21 +0000 2017,@130986 You are welcome. Stay Unlimited!!! AA
386999,207616,Mon Oct 09 12:51:36 +0000 2017,"These @GloCare people are playing me o....Two VAS deducted without my intent after my first complain..24-48 hrs??? Perhaps,i will sue them",386997,Mon Oct 09 13:29:04 +0000 2017,"@207616 Afternoon, kindly provide your mobile number for checks and assistance.  TT"
2769400,232567,Tue Nov 21 12:41:53 +0000 2017,@GloCare @170399 what sort of network is this? over 7hrs I've been trying to subscribe. network engineers have been working since 6am,2769402,Tue Nov 21 13:53:11 +0000 2017,@232567 @170399 Kindly try again issue has been resolved. ET.
496751,233526,Fri Dec 01 14:09:16 +0000 2017,@117627 @GloCare Please confirm if 08118280516 is 4G simcard,496750,Fri Dec 01 17:41:34 +0000 2017,@233526 @117627 4G is active on the sim. SO
1462270,459389,Thu Nov 02 17:14:20 +0000 2017,@GloCare pls u r deducting 50# from my credit on 08112952225 weekly...pls stop wateva dat is making u deduct it pls immediately...,1462269,Thu Nov 02 18:09:47 +0000 2017,"@459389 Hello Mayowa, we apologize. Issue has been escalated to the unit in charge for assistance. SO"
1048766,367861,Mon Oct 23 06:30:05 +0000 2017,@GloCare @367860 Its not working this morning,1048768,Mon Oct 23 09:26:20 +0000 2017,"@367861 @367860 Good morning, we apologize for the inconveniences experienced.The issue is being worked on, will be resolved shortly.Please bear with us. SO"
471935,227392,Fri Dec 01 07:06:20 +0000 2017,@GloCare @117627 Please why can’t I buy internet data? Been trying this since last night?,471934,Fri Dec 01 08:08:30 +0000 2017,"@227392 @117627 We apologize.We are aware of it,our engineers are currently working on it kindly be patient. ET."""
2358270,562558,Mon Nov 13 18:46:04 +0000 2017,"Good evening guys, so i have been unable to browse properly with my Glo sim since Saturday @GloCare",2358269,Mon Nov 13 19:30:30 +0000 2017,@562558 We sincerely apologize for the inconvenience. May we have  your location and number? DA
2218206,208125,Fri Nov 10 06:10:02 +0000 2017,"@GloCare pls Dear customer, a warm welcome of N200200 Free Airtime is yours. Since o, my normal bonus if I recharge, I nor dey c am again o.. Pls help",2218205,Fri Nov 10 07:52:09 +0000 2017,"@208125 Kindly be explicit,so we may assist. CA"
2045031,604770,Tue Oct 03 17:34:27 +0000 2017,"What is wrong with @GloCare these days, service keeps getting worse every day. Are you guys having major breakdown..really frustrating",2045030,Tue Oct 03 19:22:50 +0000 2017,"@604770 Hello Abiola, Kindly provide your phone number, exact location, device type and error response so we can progress. Thank you. UO."
521574,240423,Sat Dec 02 03:31:31 +0000 2017,@GloCare See DM,521576,Sat Dec 02 04:00:47 +0000 2017,@240423 Your DM has been responded to. Stay Unlimited!  TT
496739,233522,Fri Dec 01 17:01:41 +0000 2017,@GloCare ur data service at Lagos island is terrible. I can't browse since morning,496738,Fri Dec 01 18:12:29 +0000 2017,"@233522 We apologize. May we have your number, error message, exact location with landmarks, issue duration and device type for assistance. SO"
2717684,361684,Mon Nov 20 08:00:19 +0000 2017,"@GloCare I don't have the Sim pack but, I have a valid ID",2717685,Mon Nov 20 08:04:54 +0000 2017,@361684 Kindly get an Affidavit and /or police report for the process. Thank you.  TT
1885085,136518,Mon Oct 23 06:53:16 +0000 2017,"@GloCare,@117627, I've lodged complain that I've not been able to call out except the customer care line, and I can't recharge on my phone",1885084,Mon Oct 23 09:57:44 +0000 2017,"@136518 @117627 Hello Olokunniyi, we apologize for the inconveniences experienced.Issue is being worked on, will be resolved shortly.Please bear with us. SO"
788938,308138,Thu Oct 12 19:14:28 +0000 2017,@GloCare  okk. I've sent in my complaint,832323,Fri Oct 13 04:36:01 +0000 2017,@308138 May we have your number? CA
1233412,409275,Wed Oct 25 17:05:28 +0000 2017,"@GloCare I use am iphone n selecting 3G , it’s just the same , the internet connection is poor .",1233411,Wed Oct 25 17:15:53 +0000 2017,@409275 Please exercise patience and reconnect much later. Thank you. SO
1433270,452788,Thu Nov 02 13:50:54 +0000 2017,"@GloCare I call 124, still is the same thing. my call can not be completed please contact customer care.",1433272,Thu Nov 02 17:28:37 +0000 2017,"@452788 Hello Ibrahim, we apologize. Issue has been escalated to the unit in charge for assistance. SO"
988312,354156,Sun Oct 22 10:12:06 +0000 2017,"@GloCare haba, my glo 4g lte wanna kill me this month since i subscribed. It doesnt go again, im tired pls help 😩😭😭😭",988311,Sun Oct 22 11:24:00 +0000 2017,"@354156 Good afternoon, may we have your number, device details, exact location and error message for assistance. We empathize. SO"
2739988,147644,Mon Nov 20 16:32:09 +0000 2017,@GloCare can I subscribe to whatsapp only?,2739987,Mon Nov 20 16:35:51 +0000 2017,"@147644 We have plans as low as N20 ,which covers any internet based application. CA"
2444375,126251,Sun Nov 26 18:36:37 +0000 2017,@GloCare I have been complaining about the same thing everyday for 4 weeks and you keep asking the same questions. Has it not occur to you that you need to send engineers to solve this issue that I have been experiencing for years. You are just pathetic and not sincere. You lack integrity,2444377,Sun Nov 26 18:51:41 +0000 2017,"@126251 We apologize. Kindly exercise patience, It will be resolved soon. AP"
33129,123326,Wed Nov 01 11:20:27 +0000 2017,"@GloCare what is happening with your service in Yola, we are experiencing poor service delivery especially access to internet.",33127,Wed Nov 01 11:36:32 +0000 2017,"@123326 Hello Misa, we apologize. May we know your number, error message, exact location with landmarks, issue duration and device type? SO"
209675,165625,Sun Oct 22 10:18:38 +0000 2017,@GloCare @165622 Do you do night plans?,209699,Sun Oct 22 11:25:19 +0000 2017,@165625 @165622 Good afternoon. Yes. N200 Night plan  1Gb valid for 1day(12am-5am) costs N200 sms 60 to 127 or dial *127*60#
2933831,811250,Wed Nov 29 22:29:24 +0000 2017,@GloCare thankz. But dey didn't give me any bonus as i bought new jumbo sim yesterday with #1100 Recharge card.,2933833,Wed Nov 29 22:32:44 +0000 2017,@811250 Please dial #122*23# to view your unlocked JUMBO bonus. ^GM
1157088,392192,Sun Oct 15 18:02:23 +0000 2017,@GloCare pls i want to remove a no. From glo gifting how do i do that,1157090,Sun Oct 15 18:24:43 +0000 2017,"@392192 Hello Tobi, you can remove shared number ( not gifting) Dial *127*02*[friend’s number]# OR Send “Remove [friend’s number]” to 127. SO"
2092919,246223,Wed Nov 08 08:29:05 +0000 2017,@glocare pls I migrated to Glo jumbo and recharged. I've been given bonus but couldn't use it to call. help,2092918,Wed Nov 08 09:03:30 +0000 2017,@246223 #TeamUnlimited# to the rescue! Kindly provide your number for checks  @83873. Thank you for choosing Glo. GA
280561,182846,Tue Oct 10 12:26:14 +0000 2017,@GloCare @181808 @117625 i am still expecting the refund.,280563,Tue Oct 10 13:14:48 +0000 2017,@182846 Afternoon Queeneth the refund is being processed. We apologize for the delay. Kindly be patient.  TT
49740,127132,Wed Nov 01 13:34:50 +0000 2017,"@GloCare From Ikare-akoko, Ondo state, near Margaret Lennon Primary School. 08076226739",49738,Wed Nov 01 16:56:16 +0000 2017,@127132 We apologize for any inconvenience you may have experienced.The complaint has been escalated. Thank you. UO.
1909615,568874,Wed Oct 18 16:05:09 +0000 2017,"@GloCare 08052370848, mobile network n/a, Alagomeji/Sabo bus stops, 3days, Samsung S7",1909616,Wed Oct 18 16:51:54 +0000 2017,@568874 The issue reported has been escalated for resolution. Kindly be patient.  TT
107446,139865,Sat Nov 25 08:13:05 +0000 2017,"@GloCare 08117385116, Benin city Edo States, km6 sapele road Benin city, Tecno L9 plus, APN: Gloflat, username: flat password: flat",107447,Sat Nov 25 08:53:57 +0000 2017,"@139865 Jay, we will send your details to the designated unit to look into it. FA"
209796,165645,Wed Oct 04 07:12:37 +0000 2017,"@GloCare Glosecure
Password: gprs
Username: gprs",209795,Wed Oct 04 07:36:45 +0000 2017,"@165645 Please change the apn= gloflat, username/password= flat. Restart the device afterwards. Thank you. SO"
2380731,685968,Tue Nov 14 08:45:48 +0000 2017,@GloCare 09056870603 ibeju lekki Adeba lekki-epe expressway,2380733,Tue Nov 14 10:39:37 +0000 2017,@685968 We apologize. We are aware of the issue and the network engineers are working to resolve it. Kindly bear with us. EE
1966092,342591,Tue Oct 31 12:28:28 +0000 2017,@GloCare 023 179 6436,1966093,Tue Oct 31 13:01:05 +0000 2017,@342591 Please confirm your location? SO
20372,120453,Wed Nov 01 05:42:40 +0000 2017,"@GloCare 08073575706, behind costom office Federal Lowcost Northbank Makurdi Benue State. We ll be happy if this is fixed ASAP thnx.",20373,Wed Nov 01 06:39:16 +0000 2017,"@120453 Good morning, we empathize. However, you don't have an active data plan. Please dial *777# to subscribe and connect. SO"
228170,170400,Thu Nov 02 09:09:36 +0000 2017,"@GloCare I got a message that I should dial x100x6x1#,hope it wouldn't affect my package of #2500 for 10G data?",228168,Thu Nov 02 09:39:22 +0000 2017,"@170400 Morning Johnson, may we know if you intend to migrate to Gbam Extra package?  TT"
1686984,512329,Tue Nov 07 09:24:01 +0000 2017,"@GloCare New Bussa Kainji Dam Niger state ,09050500533",1686986,Tue Nov 07 14:01:02 +0000 2017,"@512329 We apologize for the inconvenience, our engineers are working on the issue.Kindly bear with us. Thank you.AP"
2121921,456319,Wed Nov 08 10:31:42 +0000 2017,What are the requirements for retrieving a lost sim @GloCare,2121920,Wed Nov 08 11:17:34 +0000 2017,"@456319 Visit any Gloworld/Glo zone outlet with a valid means of ID, at least N100, the sim pack or affidavit and 5 frequently dialed numbers. GA"
163952,153952,Fri Nov 24 19:40:04 +0000 2017,"@GloCare 09056699203, the closest landmark is Royal glory hotel, kasmo area, Osogbo, Osun State, huwei honor 6, pls boost your browsing network,",163950,Fri Nov 24 19:41:38 +0000 2017,"@153952 Hello, we apologize. We are aware of the issue and the network engineers are working to resolve it. Kindly bear with us. TT"
2651015,255855,Sun Nov 19 07:27:40 +0000 2017,@GloCare Oshodi isolo LGA,2651014,Sun Nov 19 07:40:14 +0000 2017,"@255855 We apologize. Please confirm the error message, issue duration and device type for assistance? DA"
1535456,476124,Sat Nov 04 06:02:16 +0000 2017,"@GloCare Oban, Calabar. 08053530355",1535464,Sat Nov 04 06:37:13 +0000 2017,"@476124 Kindly provide your  error message, exact location with landmarks at Oban,alternate number, issue duration and device type for assistance TT"
1535457,476124,Sat Nov 04 20:25:38 +0000 2017,"@GloCare Oban, Calabar. 08053530355",1535465,Sun Nov 05 05:30:35 +0000 2017,@476124 Good morning. Please update us real time as we were informed that the issue has been treated. ^GM
2651210,747756,Sat Nov 18 09:45:10 +0000 2017,@GloCare Tried dt too buh still not coming up.......,2651209,Sat Nov 18 09:51:49 +0000 2017,@747756 May we know your location? DA
2443697,700706,Wed Nov 15 15:16:52 +0000 2017,"@GloCare @700705 @117627 Bukuru, Jos. Loss of signal for &gt;6 hours. Tafawa Balewa, Jos. Loss of Internet service. This happens on a daily actually.",2443699,Wed Nov 15 16:02:47 +0000 2017,"@700706 @700705 @117627 Sincere apologies. kindly provide your number, device type, exact location with landmark, error message, signal you can see and alternate number. AP"
1183742,398346,Fri Nov 03 23:50:14 +0000 2017,@398347 @GloCare @122461 I hope the engrs will act fast or else,1183744,Sat Nov 04 04:12:23 +0000 2017,"@398346 @398347 @122461 We apologize,we are aware of the issue and it's being worked on. Kindly exercise patience, it will be resolved soon . AP"
851497,140961,Sat Nov 04 06:05:40 +0000 2017,@GloCare @322270 @63303 Poor reception,851496,Sat Nov 04 06:37:50 +0000 2017,"@140961 @322270 @63303 orning, kindly provide your number, error message, exact location with landmarks, issue duration and device type for assistance. TT"
388783,207995,Mon Oct 09 15:04:31 +0000 2017,@GloCare  123 isn't going either.😥😥,388784,Mon Oct 09 15:47:19 +0000 2017,@207995 Please provide your mobile number and the recharge card serial number for checks.  TT
1966089,342591,Tue Oct 31 11:19:41 +0000 2017,@GloCare 023 179 6436 huawei g power..my internet hasn't worked in like a month,1966091,Tue Oct 31 12:10:05 +0000 2017,@342591 Please confirm your number? SO
533485,243574,Sat Dec 02 11:22:07 +0000 2017,@GloCare 07035532581 infinix hot4 lite agbowo Ibadan,533484,Sat Dec 02 11:34:39 +0000 2017,@243574 Kindly describe the exact difficulty you are experiencing. ET.
2443711,700709,Wed Nov 15 14:08:04 +0000 2017,"@GloCare @255855 Abeg forget this @GloCare pple, by the time u get to their Glo outlet they ask you to provide police extract, court affidavit ,passport and N1000",2443712,Wed Nov 15 15:39:13 +0000 2017,"@700709 @255855 To replace/retrieve your SIM, you need to visit any Gloworld outlet with a valid means of identification, at least N100 and the sim pack,with 5 frequently dialed numbers.If SIM pack is unavailable, an affidavit attesting to the ownership and loss of the SIM must be provided. AP"
1124811,385223,Tue Oct 24 08:53:30 +0000 2017,@GloCare I have and got a mag: Request for FULL DND received &amp; will be effective within 24hours. What does that mean? Explanation needed. Rgds.,1124812,Tue Oct 24 08:54:32 +0000 2017,@385223 DND means Do Not Disturb ~ OO
670046,279817,Thu Nov 23 08:16:01 +0000 2017,@GloCare u ppl are ignoring me abi? 🤔🤔,670048,Thu Nov 23 10:17:32 +0000 2017,@279817 We sincerely apologize for the inconvenience. We are currently carrying out an upgrade.We implore you to please bear with us as soon we would be able to assist you. Kindly try again later. GA
2163261,494251,Thu Nov 09 09:05:41 +0000 2017,@GloCare same promise for abt 2weeks nw.itz affectin biz and subscriptn numba is goin.itz getting unbearable,2163263,Thu Nov 09 10:55:52 +0000 2017,@494251 Please bear with us. We are on it. UO
2156632,633585,Sun Nov 12 17:03:31 +0000 2017,"@GloCare lekki gardens phase 1, sangotedo, lagos",2156633,Sun Nov 12 17:07:34 +0000 2017,@633585 We do apologize about that. Work is ongoing to restore network. Kindly bear with us. CA
1917354,241944,Wed Nov 08 13:40:29 +0000 2017,@GloCare I have recharge but can't access my bonuses. Why?,1917355,Wed Nov 08 13:57:20 +0000 2017,@241944 Kindly dial #122*35# to check it. AP
670042,279817,Thu Nov 23 06:32:17 +0000 2017,"@GloCare hey,i need help with my subscription...keeps redirecting me to dial *777# to knw more about data plans",670045,Thu Nov 23 09:12:56 +0000 2017,@279817 We sincerely apologize for the inconvenience. We are currently carrying out an upgrade.We implore you to please bear with us as soon we would be able to assist you. Kindly try again later. GA
1118436,133548,Sat Oct 14 10:21:29 +0000 2017,@GloCare 08057941002 Samsung Galaxy s5 mini,1118435,Sat Oct 14 10:27:42 +0000 2017,"@133548 Sorry, no active data plan on the line. Please dial *777# to select preferred plan. Thank you. SO"
684270,283312,Sun Nov 26 15:47:36 +0000 2017,@GloCare GIONEE A1,684271,Sun Nov 26 18:05:29 +0000 2017,"@283312 We apologize for the inconvenience, our engineers are working on the issue.Kindly bear with us. Thank you.AP"
2242951,653893,Fri Nov 10 20:46:56 +0000 2017,@GloCare... It's been 7 days now that glo haven't been browsing at FUTMINNA GK campus neighborhood. Frustrating.,2242950,Fri Nov 10 21:48:28 +0000 2017,@653893 We sincerely apologize for the inconvenience. The issue with your location is being worked on. We implore you to please bear with us. GA
793274,307683,Thu Oct 12 14:01:09 +0000 2017,"@GloCare Apn-gloflat, username - flat, password - flat, my 08078357080",793277,Thu Oct 12 18:31:50 +0000 2017,"@307683 We apologize, Thank you for your patience. Please confirm the service status.  UO."
883415,329777,Fri Oct 20 19:30:02 +0000 2017,@GloCare but one things remains. I am a victim of unsolicited deductions. Please deactivate all deductions on 0815699716,883416,Fri Oct 20 19:35:00 +0000 2017,"@329777 Good evening, we empathize, number not correct. Please dial 777*# to know number. SG"
2616177,739474,Fri Nov 17 17:26:01 +0000 2017,"@GloCare Location: Ibadan, in Ibadan north east LG ( agugu area), 09058827655",2616178,Fri Nov 17 18:24:50 +0000 2017,@739474 Your complaint has been forwarded for resolution. Kindly exercise some patience while we work on it. CA
2146010,523891,Thu Oct 19 08:22:50 +0000 2017,Dear @GloCare why am I still getting messages from 8888 after I've fully activated DND? Kilode Gan sef😠,2146009,Thu Oct 19 08:55:51 +0000 2017,@523891 Good morning. Kindly text STOP to 8888 or provide your number for necessary assistance. Thank you. FA
209853,165648,Wed Oct 04 12:43:34 +0000 2017,@GloCare I am sincerely disappointed in glo customer service. Would I have lied on that? Even your colleague earlier confirmed it. Check chat history,209855,Wed Oct 04 15:30:34 +0000 2017,"@165648 Hello Julius,  Due to system upgrade, we apologize we are not be able to run a check at this time. Kindly exercise some patience. UO"
2486796,280414,Wed Nov 15 16:55:30 +0000 2017,"@GloCare I have, still doesn't receive messages. What next now",2486797,Wed Nov 15 17:00:42 +0000 2017,"@280414 Sincere apologies. kindly provide your device type, exact location with landmark, error message, signal you can see and alternate number. AP"
49737,127131,Wed Nov 01 13:34:56 +0000 2017,@GloCare It's high time you pple should introduce social bundles/plan...,49736,Wed Nov 01 16:56:47 +0000 2017,"@127131 Hello Yemi, We will notify the management of your request.Thank you  UO."
138739,147265,Fri Nov 24 14:25:36 +0000 2017,@GloCare Ojo Local Government Area Lagos,138740,Fri Nov 24 15:24:16 +0000 2017,"@147265 Evening ALOOMA, 4G network is available at the location. Please call 4000 help desk for troubleshooting assistance.  TT"
134239,146233,Fri Nov 24 08:37:55 +0000 2017,"@airtel_care @GloCare Pls what is the cheapest data u have because all like other networks like glo, have 1000 for 3.5gb",134240,Fri Nov 24 10:26:01 +0000 2017,@146233 Please visit https://t.co/GvxBuIxUZL to see our new plan list. UO
2330536,141397,Sun Nov 12 12:50:39 +0000 2017,"@GloCare I thought glo infinito, which I'm currently on, also enjoys the 200% bonus? When did that stop?",2330534,Sun Nov 12 13:21:40 +0000 2017,"@141397 No please. Bumpa package enjoys 200 % bonus on every recharge,from N100 and above. CA"
1553142,480541,Fri Mar 10 17:24:21 +0000 2017,@GloCare I wish to why I was deactivated from using the *200# package. I never knew when I stopped from using it,1553141,Fri Mar 10 19:13:04 +0000 2017,@480541 Kindly provide your phone number for checks Thank you for your patience. UO.
1567408,483717,Sat Nov 04 16:06:19 +0000 2017,"@GloCare Tecno phantom z, Acer E39, iPad apple, my Glo bolt modem, gioneee M6",1567410,Sat Nov 04 16:51:15 +0000 2017,"@483717 We apologize , Your complaint will be escalated ,  Kindly be patient.Thank you.EE"
1825281,233517,Sun Nov 26 07:52:03 +0000 2017,"@GloCare Is thoroughly looked into and resolve with my airtime refunded. Aside that, it was nice doing business with you people. My word!",1825283,Sun Nov 26 07:57:06 +0000 2017,"@233517 Hello Kenneth, deduction was for recovery of borrowed. You still have outstanding of N240 to clear. Thank you. SO"
2933838,232567,Wed Nov 29 10:00:48 +0000 2017,@GloCare Despite the screenshot?,2933840,Wed Nov 29 12:31:32 +0000 2017,@232567 Kindly check the mobile number provided and revert. Thank you.  TT
381882,206556,Tue Oct 10 17:14:56 +0000 2017,@GloCare Tnx for d concern but u guys have fixed it,381884,Tue Oct 10 17:28:44 +0000 2017,@206556 Thank you for the feedback. Stay Unlimited!  TT
1400362,445606,Sat Oct 28 21:25:17 +0000 2017,"@GloCare Alamu strt, alimosho LGA, 4 days nw, 08124472856",1400364,Sun Oct 29 11:36:01 +0000 2017,@445606 We apologize for any inconvenience you may have experienced.The complaint has been escalated. Thank you. UO.
209546,165602,Fri Oct 06 13:24:45 +0000 2017,@GloCare Yet to receive my N100. Pls refund!,209548,Fri Oct 06 14:27:28 +0000 2017,"@165602 Hello Folashade, we apologize for the delay experienced. Work is in progress. Please bear with us. Thank you. SO"
347136,198670,Sat Oct 07 18:09:41 +0000 2017,"@GloCare i went to ur office to change my sim to Nano sim, after presenting my sim n idcard, d lady there said I mst bring an affidavit",347135,Sun Oct 08 04:22:33 +0000 2017,@198670 You will need an affidavit in place of the items you cannot provide for the replacement. ET
2178933,451036,Thu Nov 09 16:05:17 +0000 2017,@GloCare Nope it brings out a Glo bolt interface,2178932,Thu Nov 09 16:29:50 +0000 2017,@451036 Kindly call 444 or send a mail to __email__  for assistance. Thank you. AP
28337,122205,Wed Nov 01 21:04:48 +0000 2017,"@GloCare No browsing network for us here, and our data subscription is always like a waste.. 
U can carry out a survey on this.. Form itoki to ifo",28338,Thu Nov 02 07:01:56 +0000 2017,"@122205 Morning Vicky, kindly provide your number, error message, exact location with landmarks, issue duration and device type for assistance. TT"
20402,120456,Tue Oct 31 18:41:52 +0000 2017,@GloCare *123*pin#,20401,Tue Oct 31 19:03:56 +0000 2017,@120456 We apologize. Please provide card serial number. UO
2330303,674684,Mon Nov 13 12:40:31 +0000 2017,"@GloCare 08119242743,no network  bars atall,and went it comes up,i can't mk calls not even browse  wit it, Ajah, Lagos, Moba town etiosa lga",2330322,Mon Nov 13 14:11:57 +0000 2017,"@674684 Hello, we apologize. We are aware of the issue and the network engineers are working to resolve it. Kindly bear with us. DA"
2163262,494251,Thu Nov 09 06:05:19 +0000 2017,@GloCare dis network probz still persist in alagbado n u guyz don't appear to b concerned 4 abt 2wks nw.itz sad.08059189956,2163260,Thu Nov 09 08:59:54 +0000 2017,"@494251 Hello Oluyinka, we apologize for the inconvenience, our engineers are working on the issue. Thank you. UO."
9102,117624,Wed Nov 01 13:28:55 +0000 2017,@GloCare @117628 @117625 @117626 @117627 @48760 @53205 @7476 Hope authorities can see the mode of operation of GLO network. I am not surprised at all but I believed the regulating authorities is noting,9105,Wed Nov 01 16:42:30 +0000 2017,@117624 We apologize for any inconvenience you may have experienced.The complaint has been escalated. Thank you. UO.
107442,139865,Thu Nov 23 17:47:32 +0000 2017,@GloCare I hope the charge rate won't be much,107440,Thu Nov 23 18:54:45 +0000 2017,@139865 You will be  charged 1naira per Mb . Thank you. AP
2945949,813733,Wed Nov 29 14:26:19 +0000 2017,"@GloCare that Streaming #YouTube video from 1am-5:30am is it still on ?
Because I always buy data of #2.5k",2945948,Wed Nov 29 14:50:25 +0000 2017,@813733 yes it is still on ~ OO
320796,192431,Sun Oct 08 07:06:05 +0000 2017,@GloCare @192430 What of tecnoY2?,320797,Sun Oct 08 07:13:38 +0000 2017,@192431 @192430 Kindly send 4G to 400 to check the device compatibility to Glo 4G network. Thank you. TT
700256,194425,Thu Nov 23 12:41:45 +0000 2017,@153129 my dear friend.. i dont have issues here i am enjoying the data. @GloCare will help you out. make u no vex.,700255,Thu Nov 23 16:27:55 +0000 2017,"@194425 @153129 Good evening, thank you. AP"
296363,186582,Tue Oct 10 10:06:25 +0000 2017,@GloCare Why am I charged for airtime not used?,296364,Tue Oct 10 12:49:20 +0000 2017,"@186582 Afternoon Ogwu, once the credit is borrowed the system will charge you appropriately.  TT"
596140,261268,Tue Nov 28 19:29:06 +0000 2017,"@GloCare Ifetedo, Ife-South LGA",596138,Tue Nov 28 19:35:58 +0000 2017,@261268 May we know how long this has been?as well as have your phone number? ^GM
2542159,722777,Thu Nov 16 12:17:43 +0000 2017,@GloCare I hope you attend to this situation with urgency..,2542158,Thu Nov 16 12:25:26 +0000 2017,"@722777 Good afternoon Temmy. We apologize for any inconveniences you may have experienced. May we have your number, location and landmark?"
2178931,638602,Thu Nov 09 16:09:28 +0000 2017,@GloCare poor data services here in ikotun area,2178930,Thu Nov 09 16:34:57 +0000 2017,"@638602 We apologize for the inconvenience, our engineers are working on the issue.Kindly bear with us. Thank you.AP"
2791292,443221,Tue Nov 21 20:25:28 +0000 2017,"@GloCare Osun State, Osogbo, Kobongbogboe.",2791294,Tue Nov 21 23:46:52 +0000 2017,@443221 Good morning Sanchtech. We suggest you stay on 2G ONLY in the mean time. Work is being done around that location. ^GM
209662,165622,Wed Oct 04 08:57:36 +0000 2017,@GloCare LASU Ojo Lagos,209660,Wed Oct 04 09:45:40 +0000 2017,@165622 You'll enjoy twice the data received whenever you browse in Lasu Ojo campus. Thank you. SO
1857641,555516,Thu Oct 19 10:52:31 +0000 2017,@GloCare I don’t even get any reception anymore. It has gone from 75 to 0. Someone is about to make a switch!,1857640,Thu Oct 19 12:59:08 +0000 2017,"@555516 Afternoon Champion, we apologize. Kindly provide your number, exact location with landmarks, issue duration &amp; device type for assistance TT"
745771,298299,Mon Oct 23 06:54:35 +0000 2017,"@GloCare I have made complaints severally on how glo deducts my airtym,yet nothing was done abt. I will never patronize ur useless network again",745774,Mon Oct 23 10:01:02 +0000 2017,"@298299 Good morning, we apologize about it. The issue has been forwarded to our resolution team for assistance. Thank you. SO"
529842,242703,Tue Nov 28 19:05:05 +0000 2017,@GloCare @12543 Then there's a problem cos deduction was made in full before I saw that message that said I was owing again.,529841,Tue Nov 28 19:14:03 +0000 2017,"@242703 @12543 None at all. You took two loans the same day,not very far apart from each other.The first was 22nd Nov at 7.39 pm,the recovery was thus:
200: 25th Nov @12543.33 am
200: 24th @ 5.33 am
100: 23rd @ 1.33 pm
Thus,the notification may have been for this one.^GM"
2837430,206558,Mon Nov 27 15:26:58 +0000 2017,@GloCare Lollll no leave it naa,2837432,Mon Nov 27 15:50:20 +0000 2017,"@206558 Good evening, Yes we will debit you soon. AP"
2330300,674684,Mon Nov 13 11:59:35 +0000 2017,"@GloCare 08119242743,no network  bars atall, and wen it come back, i can't mk use it, and I just renewed my data,Ajah Lagos, Moba town, etiosa lga.yesterday till now, techno j8 boom",2330299,Mon Nov 13 14:54:34 +0000 2017,"@674684 Hello, we apologize. We are aware of the issue and the network engineers are working to resolve it. Kindly bear with us. DA"
1091427,377515,Sun Oct 15 04:47:22 +0000 2017,"@GloCare 08110887757
Akobo, Ibadan
Infinix hot4",1091426,Sun Oct 15 06:16:41 +0000 2017,"@377515 Morning Tweedat, the deduction are for subscribed VAS rentals.  TT"
2231259,389621,Wed Nov 15 16:41:08 +0000 2017,@GloCare @651091 pls does glo have 4g coverage at Ojo okoko Lagos state,2231260,Wed Nov 15 16:50:35 +0000 2017,@389621 @651091 Yes we do. AP
140561,147733,Fri Nov 24 11:36:02 +0000 2017,"@GloCare I was gifted data of #2000, I only got 3.6gb why?",140563,Fri Nov 24 12:38:08 +0000 2017,@147733 We apologize for any inconvenience you may have experienced. Kindly provide your number. Thank you. UO.
1836357,432915,Wed Oct 18 17:04:24 +0000 2017,"@GloCare 08154796359, alternate number 08068760352, potiskum L.G along airport. don't knw d exactlandmark",1836358,Wed Oct 18 17:33:19 +0000 2017,@432915 The issue reported has been escalated for resolution. Kindly be patient.  TT
245287,174236,Fri Oct 06 09:14:11 +0000 2017,@GloCare @165648 @165649 09051143881,245288,Fri Oct 06 09:30:00 +0000 2017,"@174236 @165648 @165649 Hello Gbewa, VAS on the line has been deactivated. Send STOP to 2442 for full VAS DND. Stay Unlimited!  TT"
2218224,648039,Fri Nov 10 11:08:24 +0000 2017,@GloCare Ikotun Egbe Alimosho local Government area Motorola...,2218225,Fri Nov 10 11:24:21 +0000 2017,@648039 Work is ongoing in order to resolve the issue. We crave your patience while this is done. Thank you. CA
1329183,430120,Fri Oct 27 06:11:09 +0000 2017,"@GloCare it is no longer news dat ur customers complain daily over poor netwrk coverage,yet u don't seem to b bothered abt fixing it..",1329182,Fri Oct 27 12:10:35 +0000 2017,"@430120 Kindly provide your phone number, exact location, device type and error response so we can progress. Thank you. UO."
1451411,451038,Sat Nov 04 05:40:13 +0000 2017,"@GloCare @glocare: 07057460523 is rhe number. 50 naura decdicted twice on 21st and 28th 
of oct. Ds infoS already in ds tread of tweets pls",1546542,Sat Nov 04 06:30:50 +0000 2017,@451038 Please send  STOP to  35182 and 2442 for full VAS DND.  TT
684252,283310,Thu Nov 23 10:37:15 +0000 2017,@GloCare subscribe 2000 monthly for 08076445994. Failed here in Bwari FCT. Thx,684251,Thu Nov 23 12:18:01 +0000 2017,@283310 We sincerely apologize for the inconvenience. We are currently carrying out an upgrade.We implore you to please bear with us as soon we would be able to assist you. Kindly try again later. GA
2218246,343861,Fri Nov 10 07:39:43 +0000 2017,"@GloCare please guys, data browsing just stopped at egbeda/idimu/ikotun area . Alimosho Lagos. Full network bars but no browsing",2218245,Fri Nov 10 08:29:46 +0000 2017,@343861 Work is ongoing in order to resolve the issue. We crave your patience while this is done. Thank you. CA
1862879,556657,Fri Oct 20 09:33:39 +0000 2017,"@GloCare Cell no- 07051883771; Location- Surulere, Lagos; Device name- BlackBerry: Device model- Q10; APN- gloflat; username &amp; password-flat",1862878,Fri Oct 20 10:57:37 +0000 2017,"@556657 Gabriel, We sincerely apologize for the inconveniences. Your line is fine. Kindly exercise patience, the issue is being resolved. FA"
2483799,709595,Wed Nov 15 12:57:03 +0000 2017,@709596 @GloCare Awww. Take heart my dear 😊😘,2483798,Wed Nov 15 14:40:34 +0000 2017,"@709595 @709596 We apologize, kindly provide your phone number, exact location, device type and error response so we can progress. Thank you. AP"
2330344,676658,Fri Nov 17 07:19:10 +0000 2017,"@GloCare Hello glo, your I bought your sim, but it charges me me too high almost 30 per minute, airtel charge me less than 8naira per minute, what should I do to get good rate? I can’t deal with this high charge.",2339284,Fri Nov 17 08:16:24 +0000 2017,@676658 Kindly dial #100# to know your present package. Then click on for details of our plans to make a choice from https://t.co/bVzBGOevhb . GA
2330482,324025,Sun Nov 12 17:02:52 +0000 2017,"@GloCare Atimbo, Calabar

09053304199

For about 4 Hours now",2330481,Sun Nov 12 17:04:21 +0000 2017,@324025 Kindly confirm if the issue is experienced by other Glo users in your location. Thank you . CA
1043403,366734,Mon Oct 23 06:20:18 +0000 2017,"@GloCare, ""Connection problem or invalid mmi code"" is what I see as I tried recharging 08072006674. Is *123*pin# no longer working? Thanks",1043401,Mon Oct 23 09:25:21 +0000 2017,"@366734 Good morning, we apologize for the inconveniences experienced. Please call 123 and follow info to recharge. SO"
33122,123325,Wed Nov 01 11:46:30 +0000 2017,"@GloCare please where can I locate glo office near University of Ibadan environs.
Need to retrieve my lost sim card ASAP. Thanks",33120,Wed Nov 01 12:46:22 +0000 2017,"@123325 Hello Ijeoma, Conoil Filling Station, Sango/Eleyele Road, Beside Polytechnic south campus gate, Ibadan. SO"
2443723,700710,Fri Nov 17 03:14:58 +0000 2017,"@GloCare Egan  in igando,affected number 08155112423",2443724,Fri Nov 17 07:27:50 +0000 2017,@700710 We sincerely apologize for the inconvenience. We assure you the issue affecting your location is being worked on. We implore you to please bear with us. Thank you. GA
2443718,700710,Wed Nov 15 02:43:54 +0000 2017,"@GloCare Egan in igando,affected number 08155112423",2443720,Wed Nov 15 02:47:07 +0000 2017,@700710 Please bear with us . The network issue in the referenced area is still receiving attention with our network team and would be addressed. CA
2951261,814965,Wed Nov 29 17:57:44 +0000 2017,"@GloCare Pls, let this work this time. I can't deal with any more delays.",2951263,Wed Nov 29 18:19:11 +0000 2017,@814965 it will sir ~ OO
1884511,562301,Sun Oct 22 18:31:42 +0000 2017,"@GloCare ... For about 4 hours now. Kindly investigate and act as required. Data services seem fine. Location is Shasha (behind MMA), Lagos.

Thanks!",1884509,Mon Oct 23 06:26:22 +0000 2017,"@562301 Good morning, we empathize. Please alternate the network mode, select either 2g or 3g only, not both. Restart your device afterwards. SO"
2490262,389621,Wed Nov 15 16:42:14 +0000 2017,@GloCare pls does glo have 4g coverage at Ojo okoko lagos,2490261,Wed Nov 15 16:51:09 +0000 2017,@389621 Yes we have. AP
209560,165603,Wed Oct 04 14:26:39 +0000 2017,"@GloCare Is it possible to retrieve a line on someone's behalf? If yes, what does the person need. Thanks",209559,Wed Oct 04 15:51:09 +0000 2017,@165603 The owner need to give you an authorization letter with an idcard copy along the other documents. UO
1857611,555509,Thu Oct 19 10:00:27 +0000 2017,Before glo 1k = 3.2gigs but now it's 1k= 1.6gig @glocare,1857608,Thu Oct 19 12:49:38 +0000 2017,"@555509 Hello, there is no reduction in data volume. Subscription on active plan or not more than 3 days of expiration gets full plan bundle TT"
2414019,693915,Fri Nov 17 14:57:04 +0000 2017,@GloCare Please can i know the meaning of DND list,2414020,Fri Nov 17 15:13:09 +0000 2017,@693915 Do not disturb . CA
348309,161790,Sat Oct 07 13:33:35 +0000 2017,"@GloCare  I dnt understnd y, after a prper sim reg. I cant retrieve my sim at #Gloword because of 🆔 card despite providing a civil servnt 🆔.",348308,Sat Oct 07 16:26:37 +0000 2017,"@161790 Good evening, sim replacement requirements are: sim card hold (or sworn affidavit),valid I.d card, N100 and frequently 5 dialed numbers. SO"
1691408,513436,Sun Nov 26 17:17:37 +0000 2017,"@GloCare Cellphone number : 07057776132
Device name :Samsung 
Model : galaxy j7
APN: gloflat
Username:  flat
Password: flat",1691410,Sun Nov 26 18:25:41 +0000 2017,"@513436 Good evening,your data subscription has expired. Kindly subscribe then we will follow up. Thank you. AP"
892619,331948,Fri Oct 13 18:00:44 +0000 2017,"@GloCare Dats what I get everytime, anyway 08071727296",892621,Fri Oct 13 18:35:28 +0000 2017,"@331948 Due to system upgrade,  we apologize we are not be able to run a check at this time. Kindly exercise some patience. UO"
233410,165602,Thu Oct 05 10:19:01 +0000 2017,@GloCare  yet to receive my N100. Pls refund it!!!,233409,Thu Oct 05 10:30:35 +0000 2017,"@165602 Good morning, we apologize for the delay. Issue is being worked on. Please exercise patience. Thank you. SO"
2486781,710301,Wed Nov 15 15:45:08 +0000 2017,@GloCare why am I being asked for a court affidavit to retrieve my registered line?,2486780,Wed Nov 15 16:17:33 +0000 2017,"@710301 Where the SIM pack is unavailable, an affidavit attesting to the ownership and loss of the SIM must be provided. AP"
317832,165653,Sat Oct 07 08:46:10 +0000 2017,"@GloCare Please I'm not talking about data bonus. I'm talking about credit bonus, the one you check with #122*2#
Read my tweet well",317828,Sat Oct 07 09:14:04 +0000 2017,"@165653 Morning, we apologize. We are unable to access your account presently due to system maintenance. TT"
2766740,195223,Tue Nov 21 09:12:25 +0000 2017,@GloCare kindly elaborate the free YouTube midnight plan?,2766739,Tue Nov 21 09:38:39 +0000 2017,"@195223 Morning. For all data subscription from N500, free 2.5 GB data is given for You Tube connection from 1:30 AM till 5 AM.  Stay Unlimited! TT"
684268,283312,Sun Nov 26 10:59:02 +0000 2017,"@GloCare 07056882814  yabatech,  iyana ipaja",684269,Sun Nov 26 13:08:30 +0000 2017,@283312 May we know your device type? ^GM
2651040,747753,Tue Nov 28 13:11:32 +0000 2017,"@GloCare That was the response. Do I have to keep recharging, or what? I don't get it please.",2651042,Tue Nov 28 15:15:47 +0000 2017,@747753 Recharge more to unlock some more. Dial #122*23# to view unlocked bonus. ^GM
209532,165600,Tue Oct 03 14:38:56 +0000 2017,"@GloCare 08050579129, No error message just that the network is very slow for 3G and 2G, Aiyetoro-Ijanikin, Oto Awori LCDA, Gionee M5 Mini",209531,Tue Oct 03 15:59:53 +0000 2017,@165600 We apologize for any inconvenience you may have experienced.The complaint has been escalated. Thank you. UO.
94478,136519,Thu Nov 30 15:20:09 +0000 2017,@GloCare someone should Atleast reply me now aha a,94477,Thu Nov 30 15:32:52 +0000 2017,"@136519 We apologize about that, but we don't handle over scratched card issue(s) online. This is due to security reasons. Kindly call 121 for assistance or you may visit the nearest Gloworld:  https://t.co/UZ9syKkvkG. SO"
1570076,484227,Sat Nov 04 15:50:32 +0000 2017,@GloCare I received a message about Welcome back. How true is it?,1570075,Sat Nov 04 16:44:55 +0000 2017,"@484227 Hello Yemi, Welcome back is real , Kindly click  on the link for details https://t.co/4RK37JkQ9D. Thank you .EE"
1931841,574883,Wed Nov 08 18:44:02 +0000 2017,"@GloCare wanna ask, hw much can b transfered, was avin 400 on d line",1931844,Wed Nov 08 18:55:24 +0000 2017,"@574883 Evening, kindly provide your number for a quick check. AP"
2540887,722501,Thu Nov 16 11:21:46 +0000 2017,"@GloCare 08119707063 igando-ikotun road, landmark amen filling station",2540889,Thu Nov 16 11:49:32 +0000 2017,"@722501 Oluwey, we sincerely apologize for the inconveniences. The issue is being resolved. Please, bear with us. FA"
443632,747762,Sat Nov 18 17:13:44 +0000 2017,"@GloCare Sorry not jus call,brows as well. I've abandoned usin my system cus it's a no go",2651109,Sat Nov 18 17:40:17 +0000 2017,"@747762 Our sincere apologies about the issue. Kindly send in the exact location (with landmarks),and number affected,for escalation. CA"
209665,165622,Tue Oct 10 13:09:21 +0000 2017,"@GloCare Please check my combo bundle balance for Int'l calls for 1000k subscription bcoz anytime I check through *777#,#122*1# no ans nr 07059646781",209667,Tue Oct 10 13:26:20 +0000 2017,"@165622 Afternoon Roberts, please dial  #122*1#  to check the IDD pack balance.  TT"
2163272,403387,Thu Nov 09 10:55:10 +0000 2017,@GloCare I'll do. But the unanswered question is: who subscribe me to whatever that's for?,2163273,Thu Nov 09 14:26:14 +0000 2017,@403387 The complaint has been escalated. Please send STOP to 5836 and 2442. Thank you for your patience. AP
995153,192430,Sun Oct 22 15:02:46 +0000 2017,"@GloCare 08118665196
Tenco cx air",995152,Sun Oct 22 15:51:06 +0000 2017,"@192430 Your line is fine. We sincerely apologize for the inconveniences. The issue is being resolved. Please, bear with us. FA"
2270527,494251,Sat Nov 11 10:13:29 +0000 2017,@Glocare the network probz av started again.Guys kindly sort dis tinz once n for all in alagbado.08059189956,2270526,Sat Nov 11 10:33:43 +0000 2017,"@494251 Your complaint has been forwarded to the appropriate unit,for resolution. Kindly exercise some patience,while it is being resolved. CA"
286119,184166,Mon Oct 09 17:46:05 +0000 2017,"@GloCare A plan is active now, I'm using Twitter?",286123,Mon Oct 09 17:55:56 +0000 2017,@184166 Kindly send CANCEL to 127 to stop auto renewal now. Change the MCN and then send STOP to 2442 for full VAS DND.  TT
16086,119528,Wed Nov 22 11:45:16 +0000 2017,@GloCare it has become obvious dat my units are taken illegally. I recharged 300 last week never called for even a minute but yesterday...,16085,Wed Nov 22 11:49:47 +0000 2017,"@119528 Afternoon Daytonye, kindly provide your mobile number for checks and assistance.  TT"
209770,165622,Sun Sep 24 17:25:08 +0000 2017,"@GloCare I'm talking of combo for international calling for 1000k subscription check d bal for me *777#,#122*1# isn't showing it nr is 07059646781",209769,Sun Sep 24 18:56:00 +0000 2017,"@165622 Good evening, please confirm when you subscribed for the combo plan. SO"
496767,227394,Fri Dec 01 11:53:33 +0000 2017,@GloCare earlier this week i used the 2442 DND code given to me by one of ur agents nw am getting msgs 4 a service i didnt subscribe 4 with my airtime deducted 4 said service Again!!!,496765,Fri Dec 01 17:34:29 +0000 2017,@227394 We apologize. May we have your number for assistance? SO
2500270,713314,Wed Nov 15 19:07:36 +0000 2017,@GloCare The issue is on your *777# platform you state it clearly there that  4 GB is for #1000 but when I subscribed what I got is 1.6 GB.,2500272,Wed Nov 15 22:44:16 +0000 2017,"@713314 Hello Bolaji, may we have your number for checks? AA"
2693389,756549,Sun Nov 19 16:03:43 +0000 2017,@GloCare I don't appreciate being ignored and I'm losing my patience. what kind of stupid customer service is this?,2693388,Sun Nov 19 16:43:13 +0000 2017,@756549 The issue has been escalated. Please check our last tweet on your timeline. Thank you for your patience. UO
228210,170403,Thu Nov 02 11:50:35 +0000 2017,@GloCare Honestly I don't really understand wat n wat I should send in d email dart d reason I didn't send it early ...plz put me through...tnxxxxxxx,228211,Thu Nov 02 11:55:03 +0000 2017,@170403 State issue that took place with the wrong line crediting &amp; make your request for the credit to be transferred to the available line. TT
988836,354281,Sat Oct 14 10:19:07 +0000 2017,@GloCare Eeya what a pity where I am not glo outlet,988834,Sat Oct 14 10:28:05 +0000 2017,@354281 May we know your location. Thank you. SO
715158,149804,Fri Oct 06 11:37:54 +0000 2017,@GloCare With calling ah!,715156,Fri Oct 06 11:40:38 +0000 2017,"@149804 Afternoon Bodunde, kindly provide your mobile number for checks and assistance.  TT"
1833990,550127,Wed Oct 18 10:00:12 +0000 2017,"Am I d only one ""enjoying"" ds very poor network from @117627? So terrible. @GloCare @145585",1833989,Wed Oct 18 13:09:45 +0000 2017,"@550127 @117627 @145585 Afternoon Abayomi, may we know the exact issue being experienced at your location to offer you assistance? TT"
120114,139868,Fri Nov 24 14:30:11 +0000 2017,@GloCare u give sending me sms dat my network signal issues has being resolved I said u deducted money 08055451220 work on this pls,120116,Fri Nov 24 15:43:16 +0000 2017,@139868 Hello Kazeem. Kindly dial STOP to  35182 to deactivate the subscribed VAS. You may also send STOP to 2442 for full VAS DND.  TT
1233414,409275,Wed Oct 25 14:57:58 +0000 2017,"@GloCare keep the consistency , And fix the issue as soon as possible",1233413,Wed Oct 25 16:53:35 +0000 2017,"@409275 Good evening, we empathize. Please alternate the network mode, select either 2g or 3g only, not both. Restart your device afterwards. SO"
1600716,491471,Tue Oct 17 09:07:08 +0000 2017,@GloCare I am staying within OAU campus. I don't know where you have your mast installed,1600714,Tue Oct 17 09:21:27 +0000 2017,@491471 May we know exact location with landmarks on the campus and the  issue duration for assistance?  TT
46773,126397,Sat Nov 04 10:18:51 +0000 2017,@GloCare As a matter of fact I didn't download any song So please deactivate any caller tunes and VAS or song as a matter of urgency .thanks,46772,Sat Nov 04 10:28:59 +0000 2017,@126397 Your request for VAS deactivation has bee treated. Stay Unlimited!  TT
209686,165622,Wed Oct 11 16:15:57 +0000 2017,"@GloCare Nawao 4u guys I'm talking of combo intl calling I subscribed last wk Friday 1000k check d bal 4me 07059646781 #122*1#,*777# don't work here",209727,Wed Oct 11 16:28:34 +0000 2017,@165622 Current IDD balance is N1753:20  Stay Unlimited!  TT
2782505,777034,Tue Nov 21 15:36:18 +0000 2017,"@GloCare Hello guys. I bought a SIM this afternoon, registered it at a GLO Dealer outlet. I was promised that it be activated in 1 hour but I am yet to see activation. Kindly let me know what to do...",2782504,Tue Nov 21 16:47:56 +0000 2017,@777034 Kindly exercise patience. ET.
1045311,367127,Mon Oct 23 07:22:33 +0000 2017,@GloCare I got 820mb against your said 850mb. 0705 453 0401,1045308,Mon Oct 23 10:12:41 +0000 2017,"@367127 Sorry, revised data is 800MB (not 850mb), but you got 820mb. Please click this link for details: https://t.co/GvxBuIxUZL. SO"
836106,319042,Fri Oct 13 07:54:46 +0000 2017,@GloCare It isn't changing to English I pressed 1 for English and it's still speaking Hausa!,836105,Fri Oct 13 07:58:39 +0000 2017,"@319042 you should press 1 after to confirm it or you call 121 and wait, when it is picked, request for the language change and it will be done ~ OO"
360520,201381,Sun Oct 08 15:50:38 +0000 2017,@117627 @GloCare if u re having network issues inform ur customers. I thought I ve exhausted my bundle not knowing it's ur incompetence.,360519,Sun Oct 08 16:40:10 +0000 2017,"@201381 @117627 Hello Edu, we empathize. May we know the exact issue experienced for clarification. Thank you. SO"
1054698,369212,Mon Oct 23 21:21:27 +0000 2017,@GloCare Amount 250; date 22-10-2017; platform online recharge e-top up,1122582,Tue Oct 24 07:00:46 +0000 2017,@369212 did you recharge via your bank or a dealer? OO
1966174,582744,Tue Oct 31 12:35:14 +0000 2017,"@GloCare APN: gloflat
Username : flat
Password:****",1966175,Tue Oct 31 13:06:34 +0000 2017,@582744 We apologize. Issue has been escalated to the unit in charge for assistance. We will revert back to you. SO
1135552,126251,Tue Oct 24 08:48:39 +0000 2017,"@GloCare Very slow, barely can watch a video on instagram and facebook. Blurred pictures, takes time when using browsers and very annoying",1135549,Tue Oct 24 08:54:05 +0000 2017,@126251 may we know the network mode your device is set to? OO
209785,165643,Wed Oct 04 07:44:17 +0000 2017,@GloCare Samsung s6,209784,Wed Oct 04 08:39:10 +0000 2017,@165643 go to play store and search for the app ~ OO
1122587,384758,Tue Oct 24 07:28:44 +0000 2017,@GloCare I have restarted my phone a million times. It's not a restart problem. It's a network problem. It's back now though,1122589,Tue Oct 24 07:36:23 +0000 2017,@384758 okay
1535455,476124,Sat Nov 04 06:13:57 +0000 2017,"@GloCare Oban, Calabar. No network for 4 days.
08053530355. Gionee A1. Mast gen. Off.",1535459,Sat Nov 04 07:05:22 +0000 2017,@476124 The issue reported has been escalated for resolution. Kindly be patient.  TT
2672600,752462,Tue Oct 31 07:07:00 +0000 2017,@GloCare morning plz can I get more information abt the glo free browsing today...,2672599,Tue Oct 31 10:19:02 +0000 2017,"@752462 Hello Johnson, please click this link for details: https://t.co/RS6zSIxXAc. SO"
2695567,261264,Sun Nov 19 17:46:07 +0000 2017,"@GloCare pls am currently on #1000 3gb, i heard is now  4gb, hope on my next renewal is 4gb that i’ll see not 3gb as initial.",2695566,Sun Nov 19 17:55:31 +0000 2017,@261264 Yes it will. UO
209547,165602,Wed Oct 04 15:08:04 +0000 2017,@GloCare I am yet to receive my N100,209545,Wed Oct 04 16:04:23 +0000 2017,"@165602 Hello Folasade, 
We apologize for the inconvenience, our engineers are working on the issue. Thank you. UO."
2231246,638609,Fri Nov 10 17:41:07 +0000 2017,"If you have an enemy, don't tell them to use @GloCare 

That's taking things too far.",2231245,Fri Nov 10 17:43:04 +0000 2017,@638609 We apologize. May we know what the exact issue is? AP
2715647,762314,Mon Nov 20 05:35:31 +0000 2017,"@GloCare 3days old sim wit N400, plus bonus and jumbo. Only about 10mins call. No SMS, no internet. Calculate it",2715656,Mon Nov 20 05:53:24 +0000 2017,"@762314 Hello Oses, kindly provide the mobile number for checks and assistance.  TT"
2190313,182118,Thu Oct 19 14:05:29 +0000 2017,"@641185 @GloCare lol I don't know about Abuja, but in Lagos its useless. It doesn't work, and they drink your data!",2211981,Thu Oct 19 14:26:01 +0000 2017,@182118 May we know the exact issue being experienced at your location to offer you assistance? TT
1506137,469548,Fri Nov 03 16:16:15 +0000 2017,"@GloCare Along AIT rd, alagbado Lagos",1506139,Fri Nov 03 17:27:53 +0000 2017,"@469548 We are aware of the connectivity issue in Alagbado,and its already receiving attention. We offer our apologies about this. ^GM"
1122577,384756,Wed Oct 25 07:44:42 +0000 2017,"@GloCare 08182609373, very slow or not connecting, Abaren Street, ikosi Ketu. 7am - 1am, Injoo Halo X.",1122578,Wed Oct 25 12:05:00 +0000 2017,"@384756 Morning Yinus, we apologize for the experience. Network engineers are working to resolve the issue. Kindly be patient. TT"
737730,296442,Wed Oct 11 15:16:57 +0000 2017,@GloCare @296441 I bought the line today,737743,Wed Oct 11 15:17:30 +0000 2017,@296442 @296441 The line is registered on the network. Send REG to 746 to confirm.  TT
2560001,342588,Thu Nov 16 17:10:52 +0000 2017,"@117627 @GloCare 08075525540, New Okooba, Ojokoro LCDA, Samsung galaxy S6edge plus, Very very very very poor internet connectivity for the umpteenth time",2560002,Thu Nov 16 17:11:59 +0000 2017,"@342588 @117627 We sincerely apologize for the inconveniences. The issue is being resolved. Please, bear with us. AP"
1931834,220608,Wed Oct 18 14:16:53 +0000 2017,@GloCare glo 09054590520. The last time I sub.  The message I received is that my data expires 2018. Why are yiu deducting my money na.,1931832,Wed Oct 18 14:32:43 +0000 2017,"@220608 Hello Sandra, the data was exhausted by 2.31 PM today.  TT"
2651024,747750,Sun Nov 19 09:15:03 +0000 2017,"@GloCare Would he/they refund the airtime?  I have used the live chat portal, still on Twitter, now Mail. If @GloCare  cannot provide the needed​ assistance, i think you should just tell me. I'm new on the network. I wouldn't want​ to waste my time and effort chasing after the wind.",2651025,Sun Nov 19 09:35:24 +0000 2017,"@747750 Apologies, the data cannot be refunded. Thank you. DA"
65435,130985,Thu Nov 30 06:38:10 +0000 2017,"@GloCare Someone should explain this to me because I won't have it this way. ""Enough of the cheating""",65433,Thu Nov 30 08:05:13 +0000 2017,@130985 You have over 13gig left and you are sharing data with two people who have both used over 4.5gig. ET.
2724769,764211,Mon Nov 20 12:55:57 +0000 2017,"@GloCare Ive gotten the settings, I applied but the issue is still there.. data isn't coming up.",2724771,Mon Nov 20 13:17:57 +0000 2017,@764211 Ensure your mobile data is turned on. CA
1825321,257779,Sun Nov 26 06:42:28 +0000 2017,I just pray I won't regret porting to @GloCare because they did me strong thing years back,1825322,Sun Nov 26 06:53:03 +0000 2017,"@257779 we apologize, kindly let us know if you experience any challenge ~ OO"
2327945,674167,Tue Oct 31 13:55:00 +0000 2017,"@GloCare 08071885961,ikorodu,infinix p2",2327947,Tue Oct 31 15:10:05 +0000 2017,@674167 We apologize for any inconvenience you may have experienced. Please describe the exact difficulty. Thank you. UO.
1114479,147736,Sat Nov 25 14:02:08 +0000 2017,@GloCare change it  by sending flat to  1234...the  madness still continue,1114478,Sat Nov 25 15:16:47 +0000 2017,"@147736 Victor, there is no deduction on the line while browsing in the last 3 hour.  TT"
94526,136527,Wed Oct 25 20:13:24 +0000 2017,@GloCare Glo charges me 0.24 per secs same network cos I called glo line for 5 secs and was charged 1.2 /5secs =0.24 x60 =N14. 4 per min.,94527,Thu Oct 26 01:54:44 +0000 2017,"@136527 ""Hello Aminu, may we have your number for clarification. Thank you. IQ"
988835,354281,Sat Oct 14 10:49:05 +0000 2017,"@GloCare Offa,  Kwara state",988837,Sat Oct 14 11:13:18 +0000 2017,"@354281 Please visit Glo dealer in front of Tipper Garage along Olofa Way, Adjacent Federal Poly Offa, Kwara State. Thank you. SO"
2443693,700704,Wed Nov 15 17:34:10 +0000 2017,"@GloCare Jos
08118688693
Y'all should fix this!",2443695,Wed Nov 15 17:44:24 +0000 2017,"@700704 We apologize for the inconvenience, our engineers are working on the issue.Kindly bear with us. Thank you.AP"
1511438,470813,Fri Nov 03 16:25:10 +0000 2017,"@GloCare I beg you people in the name of God stop calling urself the grandmaster of data, come &amp; collect ur glo line o! I don't want again",1511437,Fri Nov 03 17:37:36 +0000 2017,@470813 Good evening. May we know if there is any issue you would like to bring our attention to? ^GM
9099,117624,Wed Nov 01 11:00:12 +0000 2017,@GloCare @117628 @117625 @117626 @117627 @48760 @53205 @7476 This is over 10 times u people have been asking 4my number with conflicting responses frm SO &amp; d likes. 08054117690. U must refund my money.,9101,Wed Nov 01 11:32:31 +0000 2017,@117624 @117628 @117625 @117626 @117627 @48760 @53205 @7476 We sincerely apologize.We are unable to assist to access the line that we are currently carrying out an upgrade. Please check back later. SO
859278,324025,Fri Oct 20 16:51:59 +0000 2017,"@GloCare One more thing tho'..

Need Glo World locations in my city.",859280,Fri Oct 20 17:19:03 +0000 2017,@324025 Kindly provide your location for assistance.  TT
2685770,433350,Sun Nov 19 13:19:17 +0000 2017,@GloCare hi would like to deactivate my glo camp-boost plan,2685768,Sun Nov 19 14:57:47 +0000 2017,"@433350 Hello George, do you refer to stopping an already active plan? UO"
107464,233517,Sun Nov 26 07:27:51 +0000 2017,"@139868 @GloCare Am just angry with these people, about last 2 weeks thereabout, i complained here that i experience inexplicable deductions from my balance",1825275,Sun Nov 26 07:34:12 +0000 2017,@233517 may we know if you still experience deductions on your line? OO
1894596,564748,Fri Nov 17 07:45:04 +0000 2017,@GloCare That's not what I have problem with please. Fix this deductions thing.,1894597,Fri Nov 17 08:48:00 +0000 2017,@564748 Complaint has been escalated. You will receive a text informing you when the issue will be rectified. GA
900726,333824,Tue Feb 21 22:51:38 +0000 2017,@GloCare I only hope the network reception I'll be up to enable civet me rec'v ur response.,900725,Wed Feb 22 07:10:08 +0000 2017,"@333824 Kindly alternate the network mode, select either 2g or 3g only, not both. Restart your device afterwards. SO"
2463660,705170,Wed Nov 15 08:15:56 +0000 2017,"@GloCare I lost a job opportunity yesterday, because d company tried calling my num to no avail, and I was sent a mail which I'm seeing now😡",2463658,Wed Nov 15 09:18:04 +0000 2017,"@705170 Sincere apologies, kindly provide your number, device type, exact location with landmark, error message, signal you can see and alternate number. GA"
1304107,424728,Fri Oct 27 12:45:57 +0000 2017,"@GloCare Ikotun/Lekki;  Blackberry Z10; a message about the need to register the line.  However,  I did register upon purchasing the line...",1304108,Fri Oct 27 16:13:25 +0000 2017,"@424728 Hello Jennifer, the line is not registered on the network. Kindly visit the Gloworld shop to register it.  TT"
1266230,331948,Thu Oct 26 07:39:08 +0000 2017,"@GloCare I don't want messages about recharge to get bonus etc, it comes in every morning and it's really disturbing",1266228,Thu Oct 26 12:25:25 +0000 2017,"@331948 Hello Meeday, kindly provide your mobile number for assistance to deactivate it. STOP to 2442 is fo full VAS DND.  TT"
1016172,360439,Sun Oct 22 17:58:41 +0000 2017,@GloCare I'm having issues recharging my glo line. I need help pls,1016170,Sun Oct 22 18:35:58 +0000 2017,"@360439 Good evening. We sincerely apologize for the inconveniences. The issue is being resolved. Please, bear with us. FA"
1123739,385001,Wed Oct 18 06:16:43 +0000 2017,"@GloCare I rchrgd N500 wt *323*PIN# bt none of my accts ws credited, made 2 kols to 121 yet not credited abt 7hrs now. 08050597950.",1123737,Wed Oct 18 06:55:35 +0000 2017,@385001 Good morning. May we have the recharge card serial number via DM? FA
1424879,451038,Wed Nov 01 18:46:04 +0000 2017,"@glocare: refer to our tread of tweet-glo kipnap 
my 50naira twuce. Pretending it was VAS or DROP BAL",1424878,Thu Nov 02 03:24:33 +0000 2017,@451038 Hello. May we know when the deduction was made? PE
1567409,483717,Sat Nov 04 15:00:11 +0000 2017,"@GloCare 08079978821,08054442891,08098442891,08055655085. Naibawa jarkasa off zaria rd kano titin yan shana of western bypass ring road kano",1567407,Sat Nov 04 15:56:46 +0000 2017,@483717 Kindly provide your device type  and issue duration .EE
1922571,165640,Tue Oct 31 18:11:52 +0000 2017,@GloCare Sorry 08117409766,1922570,Tue Oct 31 18:32:23 +0000 2017,"@165640 If you did not get the sms, it means you were not qualified. UO"
65411,130981,Thu Nov 30 07:12:21 +0000 2017,@GloCare u guys wee just be deducting 1s money and if u now call u wee start hearing..u subscribed for certain plans... Issa lie o,65409,Thu Nov 30 08:39:29 +0000 2017,@130981 May we know how much was deducted and when the deduction was made?kindly provide your number for assistance. ET.
2054146,607527,Thu Oct 05 19:49:33 +0000 2017,"@GloCare The network is so irritating, I think it’s high time to swap the network",2054145,Fri Oct 06 07:06:50 +0000 2017,"@607527 Hello Bams, kindly provide your number, error message, exact location with landmarks, issue duration and device type for assistance. TT"
2409915,446820,Thu Nov 16 17:57:58 +0000 2017,@GloCare Send Glo infinito  package short code and call rate to me.,2409917,Thu Nov 16 18:10:58 +0000 2017,"@446820 INFINITO
 Onnet(glo)-22k/s,Offnet(others)-22k/s
sms: Onnet-N4, Offnet-N4 and Int’l-N35
 11k/s to 10 Glo numbers
  Dial  *100*9*2# to migrate to Infinito. AP"
536897,244434,Sat Dec 02 15:38:30 +0000 2017,"@GloCare 08052202040,katsina,funtua local government by makera/dandaji location",536899,Sat Dec 02 15:53:41 +0000 2017,@244434 The issue has been escalated to the unit in charge and It will be resolved soon. AP
304494,188713,Sun Oct 08 06:40:52 +0000 2017,@GloCare I currently do not have sufficient credit to make the call,304495,Sun Oct 08 06:49:05 +0000 2017,@188713 The recharge amount has 5 days validity. View details below.  TT https://t.co/DwDgOHYsCv
2208791,645699,Fri Nov 10 07:24:08 +0000 2017,"@GloCare 08114227842, Not Delivered, United States",2208793,Fri Nov 10 08:28:45 +0000 2017,"@645699 We are aware of it,as such,work is ongoing in order to resolve it. We crave your patience while this is done. Thank you. CA"
315466,191313,Sat Oct 07 08:14:58 +0000 2017,"@GloCare @191307 Is there any 4g site around Egbeda, new Ife road Ibadan?",315468,Sat Oct 07 08:35:00 +0000 2017,"@191313 @191307 Morning, yes there is along egbeda-atuba road, Ibadan, Oyo state. TT"
900742,165650,Tue Oct 17 06:58:39 +0000 2017,"@GloCare Nah ooo
It's not yet refunded o
I tweeted some days back that I noticed another #100 reduction 
OA",900744,Tue Oct 17 07:33:39 +0000 2017,@165650 Please may we know the exact date and time the deduction was made?  TT
1079245,374580,Sat Oct 14 20:28:10 +0000 2017,Glo is steadily frustrating me with their network issues. Just when I switched to their network for data. 😐 @GloCare,1079244,Sun Oct 15 01:22:23 +0000 2017,@374580 We apologize for any inconvenience you may have experienced. Kindly provide your number. Thank you.EE
2470834,706719,Wed Nov 15 10:46:37 +0000 2017,@117627  Data service is just too poor. @GloCare please tell me how are you grandmasters of data. This tweet was sent using @5566 network,2470833,Wed Nov 15 11:06:43 +0000 2017,@706719 @117627 We sincerely apologize for the inconveniences. GA
529832,242703,Sun Dec 03 07:31:50 +0000 2017,@GloCare Is it possible u turn it off from ur system?,529833,Sun Dec 03 07:38:26 +0000 2017,@242703 Kindly dial *321*9*12#. CA
1651477,494251,Mon Nov 06 05:54:20 +0000 2017,@GloCare itz a new complain.d network is bad n needs to be rectified.08059189956,1651476,Mon Nov 06 06:40:57 +0000 2017,"@494251 We apologize for the inconvenience, our engineers are working on the issue. Thank you. UO."
1000324,356824,Mon Nov 20 12:50:32 +0000 2017,"@GloCare Hello,
I just cleared my BMC account of #200 but few mins later I was notified again to still be owing.
Pls can you run a check",1000323,Mon Nov 20 13:13:59 +0000 2017,"@356824 Kindly send in your number ,for a check. CA"
2695574,757494,Thu Jan 12 08:31:02 +0000 2017,"@GloCare Ewupe sango Otta,infinix hot,poor voice call n horribly slow internet dat switches btw 2G n Edge instead of 3G.",2695572,Thu Jan 12 10:03:59 +0000 2017,@757494  kindly ensure your network is not on automatic but set to 3G only ~ OO
209623,165617,Sat Sep 30 20:33:42 +0000 2017,@GloCare She tried it. No connectivity,209622,Sun Oct 01 08:58:13 +0000 2017,@165617 Please provide the number. UO
1451425,456815,Thu Nov 02 15:39:10 +0000 2017,I have sent a complain to @GloCare for over 1hr no respond @117627,1451424,Thu Nov 02 17:06:43 +0000 2017,"@456815 @117627 Good evening, we apologize. May we have your number for clarification? SO"
2812719,120252,Tue Nov 28 00:17:03 +0000 2017,"@GloCare Yeah, but will the extension retain the unused data and take it over to the next month?",2812721,Tue Nov 28 11:59:47 +0000 2017,@120252 yes it will ~ OO
2092975,618457,Tue Nov 07 22:25:02 +0000 2017,@GloCare No improvement yet pls.,2092974,Tue Nov 07 23:59:24 +0000 2017,"@618457 Hello, our engineers are still  working on the issue. Kindly bear with us. Thank you. DA."
228173,170401,Thu Nov 02 09:42:08 +0000 2017,"@GloCare Kano Municipal Emirs Palace, near Kurmawa prison, alternate phon no: 08127310398",228175,Thu Nov 02 10:32:57 +0000 2017,@170401 The issue reported has been escalated for resolution. Kindly be patient.  TT
918858,132391,Mon Nov 20 16:13:28 +0000 2017,"@GloCare When i try making calls the operator replies ""I can't call this number "" I can't call any number at all",918857,Mon Nov 20 16:15:38 +0000 2017,"@132391 Kindly send in your number,and duration of this issue. CA"
2651022,747750,Sun Nov 19 08:57:33 +0000 2017,"@GloCare Hello. It's an office line, it's for calls only. I told you it does not support browsing. Kindly tell me i you can refund the airtime or not. This is taking too long",2651023,Sun Nov 19 09:09:02 +0000 2017,"@747750 Apologies, kindly send a mail to __email__ for further assistance. DA"
1021292,361685,Sat Nov 25 16:20:55 +0000 2017,"@GloCare howI wish the network /signal is good at isolo here, I would have go for 12.5G for #2,500 the cheapest so far",1021290,Sat Nov 25 17:03:42 +0000 2017,"@361685 Evening Isa, may we know what the exact issue is at the location to offer you assistance.  TT"
