customer_tweet_id,golden_customer_text,golden_intent,retrieved_customer_text,retrieved_gloCare_response,similarity,retrieved_customer_tweet_id,relevance,vector_top1_distance,vector_top1_customer_text,vector_top1_response,vector_top1_tweet_id,vector_rank1_distance,vector_rank1_customer_text,vector_rank1_response,vector_rank1_tweet_id,vector_rank2_distance,vector_rank2_customer_text,vector_rank2_response,vector_rank2_tweet_id,vector_rank3_distance,vector_rank3_customer_text,vector_rank3_response,vector_rank3_tweet_id
1936686,"@GloCare so I recharged yesterday and I didn't get my usual bumba bonus, please why, 08117626261",bonus_or_promotion_issue,"@GloCare hi, I subscribed for N500 data and didn't get my bonus. Why?","@257778 Hello Lasaki, kindly provide your mobile number for checks and assistance.  TT",0.3001247516154083,584009,2,0.465856671333313,@GloCare hi!  Yester i recharges with 1000 07050369957 but I couldn't see my Bonus.??,@385002 you are on the Glo infinito plan which does not give bonuses ~ OO,1123758,0.465856671333313,@GloCare hi!  Yester i recharges with 1000 07050369957 but I couldn't see my Bonus.??,@385002 you are on the Glo infinito plan which does not give bonuses ~ OO,1123758,0.47344690561294556,@GloCare I have recharge but can't access my bonuses. Why?,@241944 Kindly dial #122*35# to check it. AP,1917354,0.5088375210762024,@GloCare why didn't I receive bumpa bonus on my last recharge?,@787680 may we know your number so we verify the claim? OO,2828164
2092919,@glocare pls I migrated to Glo jumbo and recharged. I've been given bonus but couldn't use it to call. help,bonus_or_promotion_issue,@GloCare what's wrong with your network.. Couldn't use it to browse since yesterday,@634314 We apologize.Kindly provide your number and location  for checks.EE,0.2632866526549028,2159627,0,0.48284125328063965,"@GloCare @117627 i have migrated to jumbo plan as an existing glo user ,recharged #500 twice and i still havent received any bonus ..","@440565 @117627 Hello Kehinde, May we have your number for checks. Thank you. IQ",1377054,0.48284125328063965,"@GloCare @117627 i have migrated to jumbo plan as an existing glo user ,recharged #500 twice and i still havent received any bonus ..","@440565 @117627 Hello Kehinde, May we have your number for checks. Thank you. IQ",1377054,0.5139738917350769,@GloCare I can't recharge my glo line. Kindly respond to my messages,"@367860, to recharge, pls dial 123 and follow the voice instructions to recharge. Thank you",1048767,0.5331419110298157,@GloCare I'm having issues recharging my glo line. I need help pls,"@360439 Good evening. We sincerely apologize for the inconveniences. The issue is being resolved. Please, bear with us. FA",1016172
1972746,"@GloCare please if I recharge my jumbo SIM, for existing subscriber , will my money be taking or will it still remain on my main balance",data_plan_issue,@GloCare what are the benefit of jumbo SIM for existing subscribers?,"@747770 There is a pre loaded N200,000 credit that can be used to browse, send SMS and call Glo customers. CA",0.2801846440979695,2651167,2,0.5789912939071655,"@GloCare @117627 But do the jumbo sim means no more 200% bonus on all recharges???,if yes how can I deactivate jumbo sim?😡","@232556 @117627 While on Jumbo package you can not get Bumpa 200% bonus. Dial *100*10*1#
to migrate to Bumpa. N100 migration fee will apply.  TT",493070,0.5789912939071655,"@GloCare @117627 But do the jumbo sim means no more 200% bonus on all recharges???,if yes how can I deactivate jumbo sim?😡","@232556 @117627 While on Jumbo package you can not get Bumpa 200% bonus. Dial *100*10*1#
to migrate to Bumpa. N100 migration fee will apply.  TT",493070,0.6610024571418762,@GloCare can I use the jumbo sim credit to buy data? 😔,@657324 You can only buy data plan with the credit on your main account not bonus account. Thank you. #Glo Jumbo #TeamUnlimited#. GA,2256973,0.6965979933738708,"@GloCare Hi, pls how much will i be charged per sec from my main balance if i migrate to jumbo but call another network number?","@463815 Morning Salihu, Jumbo package main account call tariff is 38k/sec.  TT",1480696
1024681,"@GloCare  Could you please send me the steps to recharge my Glo numbers using Ecobank Bank, Wuse 2 Abuja, Nigeria.",recharge_or_airtime_issue,@GloCare Please send me back my #50 deducted from 09054590520,@220608 May we know when the deduction was made? ET.,0.2544789567380093,2782508,0,0.643926203250885,@GloCare Recharge platform is from my first mobile banking application. Etranzact. My number is 08110839798,@233527 Your number was not credited. Kindly contact your bank. AP,496760,0.643926203250885,@GloCare Recharge platform is from my first mobile banking application. Etranzact. My number is 08110839798,@233527 Your number was not credited. Kindly contact your bank. AP,496760,0.6515649557113647,"@GloCare 08077208031, 1k, September 29th..
And used the Gtbank mobile help to do the Recharge transfer.",@350034 Please contact the bank for assistance. Line was not credited. Thank you. SO,969049,0.6551121473312378,@GloCare how to recharge card through bank,"@801996 Good day Bala. You can dial *805#,select your bank,and follow through to recharge. Line must be the one registered with your account. ^GM",2893677
2582778,"@GloCare pls i don't know how this pre-loaded airtime works,  cus I bought a new sim and recharged but didn't see any bonus",bonus_or_promotion_issue,"@GloCare @117627 I just activated jumbo sim and I recharged 1k,I didn't get my 200% bonus or any bonus at all.","@232556 @117627 Evening Evans, dial #122*23# to check the unlocked Jumbo bonus. Stay Unlimited!  TT",0.2365073044235085,493071,2,0.6182297468185425,"@GloCare Pls i just bought a new sim, i'll like to know d platform dat'll give me airtime bonus wen i recharge with bank topup",@780208 Already replied. ^GM,2796054,0.6182297468185425,"@GloCare Pls i just bought a new sim, i'll like to know d platform dat'll give me airtime bonus wen i recharge with bank topup",@780208 Already replied. ^GM,2796054,0.6517992615699768,"@GloCare My sim was on my phone when I discovered the supposed voice and data bonus weren't deducted, rather my airtime gets deducted.",@618470 Please note that on the glo jumbo offer all call bonuses are only for Glo to Glo numbers only. UO,2156639,0.6852379441261292,@117627 @GloCare how are we supposed to use this bonus airtime? I've been trying to use it. It ain't working https://t.co/oU7eveXQJj,"@281378 @117627 Hello Victor, Jumbo bonus is for SMS, Browse and calls to Glo customers . Kindly check the numbers you dialed and revert. Thank you. GA",676551
1885085,"@GloCare,@117627, I've lodged complain that I've not been able to call out except the customer care line, and I can't recharge on my phone",voice_or_line_issue,"@GloCare what is the problem again this evening, I've not been able to call out since morning","@562313 Good morning, we apologize for the inconveniences experienced.The issue is being worked on, will be resolved shortly.Please bear with us. SO",0.3411754396696842,1884568,2,0.3795073926448822,@GloCare why can't I call check my balance or even top my recharge. I can't even reach customer care. I need to call someone,"@701486 Good morning, we apologize for the inconveniences experienced.The issue is being worked on, will be resolved shortly.Please bear with us. SO",2447078,0.3795073926448822,@GloCare why can't I call check my balance or even top my recharge. I can't even reach customer care. I need to call someone,"@701486 Good morning, we apologize for the inconveniences experienced.The issue is being worked on, will be resolved shortly.Please bear with us. SO",2447078,0.38718870282173157,"Dear @GloCare @117627 
I still can't make calls, recharge my line or even check my balance. You owe your customers an explanation. Thanks","@215856 @117627 Hello Seun, we apologize for the inconveniences experienced.The issue is being worked on, will be resolved shortly.Please bear with us. SO",1884792,0.4039584994316101,@GloCare pls I have not been able to recharge or make calls all through the day. Called customer care but u guys keep cutting the line.,"@562341 Good morning, we apologize for the inconveniences experienced.The issue is being worked on, will be resolved shortly.Please bear with us. SO",1884691
734481,"@GloCare please you guys should help me check my line as I was awarded 500mb after I recharged but I'm been deducted from my Normal data subscription which really isn't suppose to be so, this is the number 08058976647",bonus_or_promotion_issue,@GloCare N50 keep deducting from my line every now and then.  Pls help me check this. My no. 08030573601.,"@452790 Afternoon Solomon, the N50 deducted on the line was for the borrowed credit from the network.  TT",0.1774603747194054,1433282,0,0.4956388771533966,@GloCare I just recharged 200 and it was deducted for data I did not subscribe to,@120254 May we know the mode of recharge?,2132556,0.4956388771533966,@GloCare I just recharged 200 and it was deducted for data I did not subscribe to,@120254 May we know the mode of recharge?,2132556,0.5147268772125244,"@GloCare I just recharged 200, and it was deducted for data I never subscribed to","@120254 Evening,  kindly provide your number for a quick check. AP",2092991,0.522682785987854,@GloCare pls I want to know why I'm being deducted 100# from my last recharge. I don't owe you guys. Pls I want to sub to a data plan.,@161615 We apologize for any inconvenience you may have experienced. Kindly provide your number. Thank you. UO.,2697513
1735825,"@GloCare I hav a lot of data&amp;call bonus,but's still charged frm my main balance Wen calln/browsn. &amp; #124#, #124*1# no longa work 08113877114",bonus_or_promotion_issue,"@GloCare Hi! I hav a lot of data &amp; call bonus,but I'm still charged frm my main balance Wen calln/browsn. Also,#124#, #124*1# no longer work","@512323 Evening,  kindly provide your number for a quick check. AP",0.8806304475702236,1686942,2,0.10443535447120667,"@GloCare Hi! I hav a lot of data &amp; call bonus,but I'm still charged frm my main balance Wen calln/browsn. Also,#124#, #124*1# no longer work","@512323 Evening,  kindly provide your number for a quick check. AP",1686942,0.10443535447120667,"@GloCare Hi! I hav a lot of data &amp; call bonus,but I'm still charged frm my main balance Wen calln/browsn. Also,#124#, #124*1# no longer work","@512323 Evening,  kindly provide your number for a quick check. AP",1686942,0.6335304975509644,"@GloCare just recharge 2500 today for data, can't make call wat happen to my bonus? 07056099107","@154814 Evening Opson, may we know the error response you get while attempting a call?  TT",167013,0.6595743894577026,@GloCare Iam tired up till now they dint touch the bonus data is 1049 since last week and is from my main account data they are charging me,"@255512 Hello Ibrahim , please be informed you can only use the bonus to call Glo numbers. DA",2634636
493087,@232561 @117627 @GloCare UPDATE!!! They've Deducted N10 From The 980 Again.. N1k Airtime Just This Morning Now Down To N970.. https://t.co/LWukklgbxv,unauthorized_charge_or_vas,"@232561 @117627 @GloCare That Was How I Hoped When N505 Was Down To Zero Naira... They've Started Again Today. I'm Not Hoping Again

I Was Even Shouting They Should Refund Me But Now They Can Keep The PRevious Money.. They Should Just Stop This Unnecessary Deduction Abeg!

@GloCare @117627 Is Beg I Beg https://t.co/2O7Lz0sSFr","@232560 @232561 @117627 Evening,  kindly provide your number for a quick check. AP",0.3339048191078272,493156,2,0.4788888394832611,@232561 @117627 @GloCare See Ehn!! Its Annoying.. I Am Scared To Load Airtime Again Now Because Of This... I'm Also Praying The Remaining N985 Won't Be Down Before The End Of Today.,@232560 @232561 @117627 We apologize about it. May we have the number to run a check? Thank you. SO,493090,0.4788888394832611,@232561 @117627 @GloCare See Ehn!! Its Annoying.. I Am Scared To Load Airtime Again Now Because Of This... I'm Also Praying The Remaining N985 Won't Be Down Before The End Of Today.,@232560 @232561 @117627 We apologize about it. May we have the number to run a check? Thank you. SO,493090,0.6812899708747864,@GloCare This is really getting out of hand. It has gone down a further N100 to N1861,@374571 We apologize about it. Issue already escalated to the unit in charge for assistance. Please exercise patience. SO,1079217,0.6945281624794006,@GloCare Yet to receive my N100. Pls refund!,"@165602 Hello Folashade, we apologize for the delay experienced. Work is in progress. Please bear with us. Thank you. SO",209546
2474624,"@GloCare My sister recharged and subscribed for glo data plan of N1000 on the 10th, airtime value was deducted but haven't received data paid for, pls resolve asap.",data_plan_issue,"@GloCare, I subscribed for TBT100 in the morning, my airtime was Deducted but I haven't get the service till now.","@693916 Sincere apologies, kindly let us know the code you dialed to subscribe. GA",0.3266424675200646,2414033,2,0.5472778081893921,"@117627 @GloCare 08051656065 that's the number ,the issue is I have not been charged from glo bonus data of 524 MB given to me ,am still Been charged from my subscribed data. Please look into it except it's fake .","@469090 @117627 Hello,
Your data bundle takes precision over bonus data. We empathize with you.

Thank you

PE",1504018,0.5472778081893921,"@117627 @GloCare 08051656065 that's the number ,the issue is I have not been charged from glo bonus data of 524 MB given to me ,am still Been charged from my subscribed data. Please look into it except it's fake .","@469090 @117627 Hello,
Your data bundle takes precision over bonus data. We empathize with you.

Thank you

PE",1504018,0.5531373023986816,@GloCare I bought the airtime for data renewal in hours N110.00 has been deducted to something I know nothing of. Shame for a coy to steal,"@276812 Hello Okey, may we have your number for assistance? Please revert via dm. SO",2673622,0.5555422306060791,"@GloCare I went to a glo office to get a glo sim. I was charged 1150 naira. I asked why, the lady said cause I will be given free data and airtime. Now the line has been activated. Now airtime, no data","@811251 Morning, please email the complete experience report to __email__ with details of personnel involved. You may also visit the shop to register the complaint.  TT",2933851
2267327,"@117627 @659903 Since @GloCare won't take my calls please why is #100 taken from my account daily when I have not subscribed for data or any glo services. I bought this line on Thursday 9th Nov., 2017",unauthorized_charge_or_vas,@GloCare please why is my data paused?,"@404968 Hello Kevin, may we have your number for clarification. Thank you. SO",0.1829803932481904,1214213,0,0.4219322204589844,"@117627 @glocare, for more than 12 hours I can't make nor receive calls after calling 100 for assistance although the data looks great!","@562345 @117627 Hello Chidi, we apologize for the inconveniences experienced.The issue is being worked on, will be resolved shortly.Please bear with us. SO",1884709,0.4219322204589844,"@117627 @glocare, for more than 12 hours I can't make nor receive calls after calling 100 for assistance although the data looks great!","@562345 @117627 Hello Chidi, we apologize for the inconveniences experienced.The issue is being worked on, will be resolved shortly.Please bear with us. SO",1884709,0.44324496388435364,"@GloCare Even to check balance, to subscribe or to call
The glo number; 09057682088
Please help to rectify it because I have much things to do online","@562349 Good morning, we apologize for the inconveniences experienced.The issue is being worked on, will be resolved shortly.Please bear with us. SO",1884721,0.45972740650177,"@GloCare I can't make calls with this number 08158249771, all my calls doesn't go through, why?","@576174 you made calls on the line this morning, may we know the error it now gives? OO",1936670
2490259,"@GloCare @117627 Number-07052632663
Device type- infinix hot note x551
Location- Akwa Ibom state university, Ikot Akpaden, Mkpat enin, Akwa ibom state
Error message- emergency
Signal- No signal
Alternate numbers- 08128059629...08147428657",network_issue,"@GloCare @117627 Device type- infinix hot note x551
Location: Akwa Ibom state university, ikot Akpaden, Mkpat enin LGA, Akwa Ibom",@242707 @117627 Kindly provide your number. AP,0.8154662953373004,2490247,2,0.333105206489563,"@GloCare @117627 Device type- infinix hot note x551
Location: Akwa Ibom state university, ikot Akpaden, Mkpat enin LGA, Akwa Ibom",@242707 @117627 Kindly provide your number. AP,2490247,0.333105206489563,"@GloCare @117627 Device type- infinix hot note x551
Location: Akwa Ibom state university, ikot Akpaden, Mkpat enin LGA, Akwa Ibom",@242707 @117627 Kindly provide your number. AP,2490247,0.4802929759025574,"@GloCare 07051250777, Infinix Hot3, Alagbado AIT side, no signal at all, 08093955968","@634314 We apologize for the inconvenience, our engineers are working on the issue.Kindly bear with us. Thank you.AP",2493430,0.6733987331390381,"@GloCare 09054570702, Infinix hot 2, emergency calls only, no 3g signal and very slow if any, a month, The Bridge College, Obada Ojurin, Abeokuta",@369435 Work is ongoing in order to resolve the issue. We crave your patience while this is done. Thank you. CA,2208813
1371022,Lol prople dey para oo. Hahhahahahaaha. Oya @GloCare kindly stop any VAS service and callertunes oo. They have abused me for being too patient with u. I asked a question and yet to get an answer. How can i get my number across without dropping it on timeline? https://t.co/z5KKf4KEq9,unauthorized_charge_or_vas,@GloCare It is yet to resolved and I'm yet to get my airtime back... And I'm still receiving those goddamned Hausa sports update... What the heck.,@801998 kindly sms STOP to 2442 ~ OO,0.2111379509947954,2893700,2,0.7410619854927063,"@GloCare 07057727789 dats my number
This happened just yesterday, I need una reply bikonu","@349729 Morning,We apologize.May we know what the exact issue is? AP",967829,0.7410619854927063,"@GloCare 07057727789 dats my number
This happened just yesterday, I need una reply bikonu","@349729 Morning,We apologize.May we know what the exact issue is? AP",967829,0.7542873620986938,@GloCare #100 was deducted for callertune service I Neva subscribed to. 07054432423 is my nomba..do somtin abt ur services,"@562318 Good morning, issue has been escalated to the unit in charge for assistance. However, please text DEREG to 7728 to deactivate the service.SO",1884591,0.7559698820114136,@117627 @GloCare I never at anytime subscribed to Guiness Records and my money deducted unjustly.. Just unsubscribe me from any VAS. The reason my Glo sim remains useless.. 08056376989,@570958 @117627 The complaint has been escalated. Please send STOP to 2442. Thank you for your patience. ET.,2785245
2358305,@GloCare I can't browse check your network,data_issue,Glo please check your network  @glocare,@206557 May we know the issue you are encountering? CA,0.4271543795086363,1000334,1,0.29156845808029175,@GloCare Finding it difficult to browse. No network,"@165612 Danny, kindly provide your exact location with landmarks, LGA, Alternate mobile number, issue duration and device type for assistance. TT",1992662,0.29156845808029175,@GloCare Finding it difficult to browse. No network,"@165612 Danny, kindly provide your exact location with landmarks, LGA, Alternate mobile number, issue duration and device type for assistance. TT",1992662,0.31511935591697693,@GloCare what's wrong with your network.. Couldn't use it to browse since yesterday,@634314 We apologize.Kindly provide your number and location  for checks.EE,2159627,0.3804912269115448,@GloCare I having difficulties when it comes to browsing your network is bad.,"@747773 Our sincere apologies about the issue. Kindly send in the exact location (with landmarks),and number affected,for escalation. CA",2651177
296363,@GloCare Why am I charged for airtime not used?,recharge_or_airtime_issue,@GloCare your network is not only BAD but you guys won't stop defrauding Nigerians why am I charged #100 everyday for nothing.#fraudsters 😠😠,@674171 Good evening. May we have your cellphone number to run a check on your line? FA,0.3149404010943905,2327967,1,0.4566196799278259,@Glocare I've been charged twice for the payment of airtime I borrowed last week,"@169699 Sincere apologies, may we have your number for verification? IA",224744,0.4566196799278259,@Glocare I've been charged twice for the payment of airtime I borrowed last week,"@169699 Sincere apologies, may we have your number for verification? IA",224744,0.47874021530151367,@GloCare kindly explain why you guys keep deducting my airtime without making any chargeable transactions?????,"@478886 Morning Raniii, please provide your mobile number for checks and assistance.  TT",1546530,0.4801619052886963,"@GloCare anytime i recharge my glo line, the airtime simply disappears, i am being ripped off. I am not recharging till you check out whats going on.",@768173 We apologize about that. May we have your number for a check? CA,2742341
2380426,@GloCare old how can a customer check his data account? Thanks,data_plan_issue,@GloCare Hi. Pls how can I know number share his data to my number.,"@218151 Afternoon, to check lines sharing your data plan dial *127*00#.  TT",0.3555868417448818,433677,1,0.48755714297294617,@GloCare Pls how can I check my balance account and my data balance?,"@456814 Hello Falade, please dial #124*1# or call 124 press 1 for main balance. Text info to 127 or dial *127*0# for hsi data. SO",1451419,0.48755714297294617,@GloCare Pls how can I check my balance account and my data balance?,"@456814 Hello Falade, please dial #124*1# or call 124 press 1 for main balance. Text info to 127 or dial *127*0# for hsi data. SO",1451419,0.5790511965751648,@GloCare please how do i check my data balance,"@608967 Morning Ajayi, dial *127*0#, send INFO to 127 or visit https://t.co/9AUff9sc8Q or download Glo Cafe App to check HSI data balance.  TT",2059021,0.5857975482940674,@GloCare i can't even buy data or check my data balance,@287108 May we know the error message  received? AP,700293
974051,@GloCare 07057789957....pls check why the money I recharged for auto renew was deducted without any apparent msg on d deduction,unauthorized_charge_or_vas,@GloCare the plans displayed on *777# are they for auto renewals or extension? Bcos I did not auto renew,"@276814 The plans are for both existing and new subscribers. If you subscribe before plan expires or within 7 days after expiration, you will get the 100% data bonus otherwise you will get the revised [half]data. Kindly dial and make your choice of plan. GA",0.2226524255389807,658653,1,0.53436678647995,@GloCare please I don't know why you deduct my money on recharge. Kindly deactivate all deductions on 08118187834,@131703 The service has been deactivated. Please send STOP to 2442. Thank you for your patience. ET.,69343,0.53436678647995,@GloCare please I don't know why you deduct my money on recharge. Kindly deactivate all deductions on 08118187834,@131703 The service has been deactivated. Please send STOP to 2442. Thank you for your patience. ET.,69343,0.5975217223167419,@GloCare please why my line is deducted anytime i recharged 07055250760,"@360438 Hello Hussain, VAS on the line has been deactivated. You may send STOP to 2442 for full VAS DND.  TT",2941346,0.6219322085380554,"@GloCare You said there wasn't gonna be any deductions, but the credit I recharged, has just been deducted",@120254 May we know the mode of recharge?,2121902
120114,@GloCare u give sending me sms dat my network signal issues has being resolved I said u deducted money 08055451220 work on this pls,unauthorized_charge_or_vas,"@GloCare The reference""Dear Customer, Your Network Signal Issues Ref: GLO 1-4817898187 request has been resolved. Glo Unlimited!!!""",@596709 We apologize. May we know what the exact issue is? AP,0.2075418194675376,2049480,0,0.5107802748680115,"@GloCare please i have been having network issues on my line, not able to make or receive calls, use data, sms phone no: 08050610789","@633585 Hello Micheal, Kindly recharge and try using the line .Thank you.EE",2156637,0.5107802748680115,"@GloCare please i have been having network issues on my line, not able to make or receive calls, use data, sms phone no: 08050610789","@633585 Hello Micheal, Kindly recharge and try using the line .Thank you.EE",2156637,0.5560872554779053,@GloCare Pls kindly do something on this line the network is so poor and bad can't even use the internet. 09059293195,"@255855 Apologies, may we know your location? DA",2651017,0.5722929835319519,"@GloCare 08113773291.
Are u telling mi it's my line that as an issue now and not ur network in my area???",@469549 We offer our apologies about the network issue in Ifako-Gbagada axis. Its already receiving attention. ^GM,1506146
2330303,"@GloCare 08119242743,no network  bars atall,and went it comes up,i can't mk calls not even browse  wit it, Ajah, Lagos, Moba town etiosa lga",network_issue,"@GloCare 08119242743,no network  bars at all, and when it come back, i can't mk use it, and I just renewed my subscription,Ajah Lagos, Moba town, etiosa lga.yesterday till now, techno j8 boom","@674684 Hello Abubakar, we apologize. We are aware of the issue and the network engineers are working to resolve it. Kindly be patient. TT",0.4385798986518902,2330306,2,0.4957404136657715,"@GloCare 07053909637, bq x5, iba Lagos....no internet connection. That of calls is emergency","@298299 We apologize for the inconvenience, our engineers are working on the issue.Kindly bear with us. Thank you.AP",745779,0.4957404136657715,"@GloCare 07053909637, bq x5, iba Lagos....no internet connection. That of calls is emergency","@298299 We apologize for the inconvenience, our engineers are working on the issue.Kindly bear with us. Thank you.AP",745779,0.5360304117202759,"@GloCare 08119242743,no network  bars atall, and wen it come back, i can't mk use it, and I just renewed my data,Ajah Lagos, Moba town, etiosa lga.yesterday till now, techno j8 boom","@674684 Hello, we apologize. We are aware of the issue and the network engineers are working to resolve it. Kindly bear with us. DA",2330300,0.5360304117202759,"@GloCare 08119242743,no network  bars atall, and wen it come back, i can't mk use it, and I just renewed my data,Ajah Lagos, Moba town, etiosa lga.yesterday till now, techno j8 boom","@674684 Hello, we apologize. We are aware of the issue and the network engineers are working to resolve it. Kindly be patient. TT",2330300
16086,@GloCare it has become obvious dat my units are taken illegally. I recharged 300 last week never called for even a minute but yesterday...,unauthorized_charge_or_vas,"@GloCare , can you deactivate my glo radio please. It has become a habit of Glo charging me for what i NEVER subscribed for. 08055128099",@313484 We apologize. The complaint has been escalated and deactivated  Please send STOP to 2442. Thank you for your patience. UO,0.218343298620995,811995,2,0.7010706067085266,@GloCare pls I want to know why I'm being deducted 100# from my last recharge. I don't owe you guys. Pls I want to sub to a data plan.,@161615 We apologize for any inconvenience you may have experienced. Kindly provide your number. Thank you. UO.,2697513,0.7010706067085266,@GloCare pls I want to know why I'm being deducted 100# from my last recharge. I don't owe you guys. Pls I want to sub to a data plan.,@161615 We apologize for any inconvenience you may have experienced. Kindly provide your number. Thank you. UO.,2697513,0.7132046222686768,@GloCare I wonder why anytime I recharge my line.... I get charged for a service I don't know..... 08053749532,"@191314 Morning Ayodele, please send STOP to 35184 to deactivate the active VAS on the line.  TT",315470,0.7154021263122559,"@GloCare pls i recharged #400 on my glo line &amp; I've nt made a single call wt it bcoz I traveled 2 an area without network. Bt each day d airtime is deducted. Pls rectify &amp; refund me. My number 08153207322, Gombe town.","@688256 We apologize , Please be informed your complaint has been escalated .Thank you.EE",2388767
793275,"@GloCare, i can't browse with Glo, but same setting, is what am browsing on Mtn, we love ur network more than other, kindly do something pls",data_issue,@GloCare  I can't browse with my line;08153379164. Urgent reply pls,"@614655 Evening Taiwo, the data plan on the line has been exhausted and there isn't sufficient credit on  it for PAYU data. Recharge &amp; subscribe. TT",0.2797545724181443,2078245,1,0.5365239381790161,"@398346 @GloCare @122461 Wallahi, both @122461 and @118424 have better browsing network than Glo I don't know why? MTN problem is high data charging.","@398347 Morning Nura, may we know the exact issue being experienced at your location to offer you assistance? TT",1183745,0.5365239381790161,"@398346 @GloCare @122461 Wallahi, both @122461 and @118424 have better browsing network than Glo I don't know why? MTN problem is high data charging.","@398347 Morning Nura, may we know the exact issue being experienced at your location to offer you assistance? TT",1183745,0.6072506904602051,@GloCare hi there has been an issue with glo network in my area since morning ppl are complaining they are unable to browse thanks,"@634311 We apologize.Kindly provide your number, device type, exact location and error response for a quick check . Thank you. EE",2159608,0.6762999296188354,@GloCare The network for browsing isn't stable n reliable,"@674167 May we have your cellphone number, location, landmark, device name, model, APN, username and password? FA",2327946
745771,"@GloCare I have made complaints severally on how glo deducts my airtym,yet nothing was done abt. I will never patronize ur useless network again",unauthorized_charge_or_vas,@GloCare wow.. Its the 3rd day... Yet nothing has been done... Do u even take these complaints seriously?? https://t.co/7GB9BK2E7D,"@163788 Hello @163788, We apologize for the inconvenience, our engineers are working on the issue. Please bear with us . Thank you. UO.",0.1901289285362209,384316,2,0.6548984050750732,@GloCare good morning.. Why is my GLO network poor??? Since on Friday up till now showing me emergency call only. Pls. 08052515535,"@128809 We apologize for any inconvenience. Kindly provide your, exact location, device type and error response so we can progress UO.",1732070,0.6548984050750732,@GloCare good morning.. Why is my GLO network poor??? Since on Friday up till now showing me emergency call only. Pls. 08052515535,"@128809 We apologize for any inconvenience. Kindly provide your, exact location, device type and error response so we can progress UO.",1732070,0.6609838008880615,@GloCare the glo network in my environment is very poor. Please do something about it,"@806538 We apologize, may we know the exact network issue you are having? AP",2913533,0.6740642189979553,"@GloCare @117627 The Entire Glo Customers Care Service needs a deep evaluation including your network services because the network has been bad now for months. 

Stop playing around @GloCare 

This is a very serious issue for me and I believe for most people. 

Step up your game and do your job.","@131704 @117627 We empathize. May we know the exact  issue you are experiencing?Kindly provide your mobile number, error response, exact location with landmarks, LGA , alternate mobile number, issue duration and device type for assistance.ET",69348
1258137,@GloCare network been switching off &amp; on. It has been completely off for a while now &amp; I can't even call customercare pls help 07053337908,network_issue,"@GloCare glo network has been completely off in potiskum yobe state,its 2days now","@432915 Hello Nafiu, kindly provide your number, error message, exact location with landmarks, issue duration and device type for assistance. TT",0.2632623066115359,1836354,2,0.40602177381515503,Its been over two weeks we have been battling with no network service @GloCare,"@625142 We apologize.Kindly provide your number, device type, exact location and error response for a quick check . Thank you. AP",2121867,0.40602177381515503,Its been over two weeks we have been battling with no network service @GloCare,"@625142 We apologize.Kindly provide your number, device type, exact location and error response for a quick check . Thank you. AP",2121867,0.4351766109466553,@GloCare your network has started again in my area oooo... Seems it's time to get rid of your sim card.. I didn't have service since yesterday morning,"@634314 Sincere apologies. kindly provide your number, device type, exact location with landmark, error message, signal you can see and alternate number. AP",2493431,0.4358219504356384,@GloCare my network has been bad for 4days now no service coming on.....pls how can you fix this,@685968 We sincerely apologize for the inconvenience. May we have your location? IQ,2378670
2764089,"Dear customer, your subscription of CHOLESTROL's gpa cannot be renewed due to insufficient balance. @117627 @GloCare CANCEL. I did not subscribe to it. #Fraud.",unauthorized_charge_or_vas,@GloCare cancel date renewal.,@153133 Please send CANCEL to 127 to stop data auto renewal.  TT,0.2217746896650435,160995,0,0.6832364797592163,"@GloCare @263682 @263683 @215975 Dear Glo, please unsubscribe me from 577 {skin's GPA} I was about to recharge my line this morning when I was notified that 577 renewal was not possible due to insufficient balance. I never subscribed to this so help stop it. Thanks. 08079813135","@263684 Hello Adesanya, your request for VAS deactivation has been treated. You may send STOP to 2442 for full VAS DND.  TT",604414,0.6832364797592163,"@GloCare @263682 @263683 @215975 Dear Glo, please unsubscribe me from 577 {skin's GPA} I was about to recharge my line this morning when I was notified that 577 renewal was not possible due to insufficient balance. I never subscribed to this so help stop it. Thanks. 08079813135","@263684 Hello Adesanya, your request for VAS deactivation has been treated. You may send STOP to 2442 for full VAS DND.  TT",604414,0.728347659111023,"@GloCare  pls for heaven's sake, I have never subscribed for cholesterol. Why will I be charged unnecessarily. 08050275568. This is fraud","@763710 Hello Lukman, the VAS on the line has been deactivated. Send STOP to 2442 for full VAS DND.  TT",2722106,0.8240797519683838,"@GloCare there is one ""cholesterol tips"" I did not subscribe to which I receive update and deduction. Please cancel it. My number is 07057192077",@285530 The service has been deactivated. Please send STOP to 2442. Thank you for your patience. AP,694178
2651022,"@GloCare Hello. It's an office line, it's for calls only. I told you it does not support browsing. Kindly tell me i you can refund the airtime or not. This is taking too long",recharge_or_airtime_issue,"@GloCare @117627 the issue is sim replacement is taking too long, but kindly help us get some of ur CAs trained before handling cases with customers. some lack business etiquettes. I dont get fooled by this ""for quality and training purpose this call will be recorded"" Pfft😒cos some CAs are poor.",@220089 @117627 We apologize for the experience Marshall. Have a nice day and stay Unlimited!  TT,0.1774075508442489,443567,0,0.7620606422424316,"@GloCare something wrong with my line,I can't call and text.i thought it was airtime tho it doesn't say I don't have airtime but I tried to","@232556 Good morning, we apologize for the inconveniences experienced.The issue is being worked on, will be resolved shortly.Please bear with us. SO",1884673,0.7620606422424316,"@GloCare something wrong with my line,I can't call and text.i thought it was airtime tho it doesn't say I don't have airtime but I tried to","@232556 Good morning, we apologize for the inconveniences experienced.The issue is being worked on, will be resolved shortly.Please bear with us. SO",1884673,0.8015835285186768,"@GloCare Would he/they refund the airtime?  I have used the live chat portal, still on Twitter, now Mail. If @GloCare  cannot provide the needed​ assistance, i think you should just tell me. I'm new on the network. I wouldn't want​ to waste my time and effort chasing after the wind.","@747750 Apologies, the data cannot be refunded. Thank you. DA",2651024,0.8020086288452148,@GloCare But when I made a call and surfed the Internet my airtime gets deducted. Why is it so? https://t.co/LSjs2VcJnw,@618470 We apologize.Kindly provide your number for checks.EE,2159660
2330300,"@GloCare 08119242743,no network  bars atall, and wen it come back, i can't mk use it, and I just renewed my data,Ajah Lagos, Moba town, etiosa lga.yesterday till now, techno j8 boom",network_issue,"@GloCare 08119242743,no network  bars at all, and when it come back, i can't mk use it, and I just renewed my subscription,Ajah Lagos, Moba town, etiosa lga.yesterday till now, techno j8 boom","@674684 Hello Abubakar, we apologize. We are aware of the issue and the network engineers are working to resolve it. Kindly be patient. TT",0.8646211846910392,2330306,2,0.17204633355140686,"@GloCare 08119242743,no network  bars at all, and when it come back, i can't mk use it, and I just renewed my subscription,Ajah Lagos, Moba town, etiosa lga.yesterday till now, techno j8 boom","@674684 Hello Abubakar, we apologize. We are aware of the issue and the network engineers are working to resolve it. Kindly be patient. TT",2330306,0.17204633355140686,"@GloCare 08119242743,no network  bars at all, and when it come back, i can't mk use it, and I just renewed my subscription,Ajah Lagos, Moba town, etiosa lga.yesterday till now, techno j8 boom","@674684 Hello Abubakar, we apologize. We are aware of the issue and the network engineers are working to resolve it. Kindly be patient. TT",2330306,0.30986106395721436,"@GloCare 08119242743,no network  bars at all, and when it come back, i can't mk use it, and I just renewed my","@674684 Hello, we apologize. We are aware of the issue and the network engineers are working to resolve it. Kindly be patient. TT",2330304,0.536030650138855,"@GloCare 08119242743,no network  bars atall,and went it comes up,i can't mk calls not even browse  wit it, Ajah, Lagos, Moba town etiosa lga","@674684 Hello, we apologize. We are aware of the issue and the network engineers are working to resolve it. Kindly bear with us. DA",2330303
496767,@GloCare earlier this week i used the 2442 DND code given to me by one of ur agents nw am getting msgs 4 a service i didnt subscribe 4 with my airtime deducted 4 said service Again!!!,unauthorized_charge_or_vas,@GloCare One of ur agent has called me and the issue has been resolved.,@585688 Thank you for the feedback. Stay Unlimited. UO.,0.1633313184021394,1977870,0,0.6309784650802612,@GloCare i don't get 3036 messages deducting my airtime for what ever services please stop this and refund all money deducted,"@651092 Evening,  kindly provide your number for a quick check. AP",2231286,0.6309784650802612,@GloCare i don't get 3036 messages deducting my airtime for what ever services please stop this and refund all money deducted,"@651092 Evening,  kindly provide your number for a quick check. AP",2231286,0.6466171741485596,"@GloCare
there is a service on 08054831945 they just keep deducting my airtime everyday... kindly stop the service now",@153955 You also may send STOP to 2442 for full VAS DND.  TT,163987,0.6466171741485596,"@GloCare
there is a service on 08054831945 they just keep deducting my airtime everyday... kindly stop the service now","@153955 Hello Sunday, the subscribed VAS on the line have been cancelled. Stay Unlimited!  TT",163987
2817931,"@GloCare Please check again, Firstly 400 naira was deducted, I loaded 100 naira, no deduction, 500 naira was loaded, and the last 100 naira was deducted, why deducting from the 1000 naira, and why is 20 naira still remaining",unauthorized_charge_or_vas,@GloCare I loaded 500 naira on Friday and 100 naira was deducted,"@785493 we apologize, please provide your number so we verify and assist ~ OO",0.5858771816338761,2817934,2,0.36102238297462463,@GloCare I loaded 500 naira on Friday and 100 naira was deducted,"@785493 we apologize, please provide your number so we verify and assist ~ OO",2817934,0.36102238297462463,@GloCare I loaded 500 naira on Friday and 100 naira was deducted,"@785493 we apologize, please provide your number so we verify and assist ~ OO",2817934,0.4321075677871704,"@GloCare Well I texted STÒP to 2442, and in response 100 of the 200 Naira I loaded this morning was deducted. For what, I don't even know. Please return my 100 Naira. My guess that you'll make unwarranted deductions from my balance was right after all","@253080 Hello, kindly send STOPImage to 6611 to deactivate the VAS on the line.  Thank you. TT",567428,0.5045462846755981,"@GloCare please what have I done to you ,i asked you to stop all forms of deduction and you still deducted my 50 naira why",@126397 Kindly provide your number for assistance. ET.,2788447
2159663,"@GloCare The number is 08050630693, HTC M8, Igbeti in olorunsogo LG OYO state, 3G network failure and also kindly note that we experience incessant network outage due power failure ( some times 4 days in a week) since Dec 2016, several complaint but still same .",network_issue,"@117627 @GloCare Oyo state, ibarapa central LG","@472323 @117627 Dear Samuel, we are aware of the sitaution and the issue is already receiving attention. We offer our apologies about this. ^GM",0.1886549547372043,1518988,2,0.7896603345870972,"@GloCare
3g data network bad
08119004611
Oke-Mosan
Abeokuta","@557026 Hello Mide, may we know street name at Oke-Mosan with landmarks, LGA, issue duration, alternate number &amp; device type for assistance.  TT",1864431,0.7896603345870972,"@GloCare
3g data network bad
08119004611
Oke-Mosan
Abeokuta","@557026 Hello Mide, may we know street name at Oke-Mosan with landmarks, LGA, issue duration, alternate number &amp; device type for assistance.  TT",1864431,0.7965695858001709,@GloCare Though 2G can't be reached.... I can be reached on my 3G phone on 08053355365,@773395 The issue reported has been escalated for resolution. Kindly be patient.  TT,2765226,0.8035521507263184,"@GloCare I have called 3G helpline for the 3rd time now, 3G in my area been down for 2days. Pls I can't be going about looking for network","@429558 Sincere apologies, kindly provide your phone number, exact location, device type and error response so we can progress. Thank you. AA",1326723
2724779,"@GloCare @117627 Stop emphasizing with mee. I've provided you with the number - +234 807 683 5245 - not fewer than 3times. Afterwards, you still resubscribed mee to the unsolicited services and deducted my money. @104856 @117626 @7475 @104937 @120330 @127588 @562660",unauthorized_charge_or_vas,"After @117627 claimed to have resolved the issue of subscribing mee to unsolicited services, I've been resubscribed to the services 3times. But they couldn't deduct my money cos my a/c balance was almost zero. @117627 @GloCare is fraudulent, @7475 @117626 note.","@264735 @117627 @7475 @117626 Afternoon Mimiola, investigation shows VAS was subscribed by subscriber. That is why refund was not made.  TT",0.3371420256692062,608908,2,0.5575880408287048,"After @117627 claimed to have resolved the issue of subscribing mee to unsolicited services, I've been resubscribed to the services 3times. But they couldn't deduct my money cos my a/c balance was almost zero. @117627 @GloCare is fraudulent, @7475 @117626 note.","@264735 @117627 @7475 @117626 Afternoon Mimiola, investigation shows VAS was subscribed by subscriber. That is why refund was not made.  TT",608908,0.5575880408287048,"After @117627 claimed to have resolved the issue of subscribing mee to unsolicited services, I've been resubscribed to the services 3times. But they couldn't deduct my money cos my a/c balance was almost zero. @117627 @GloCare is fraudulent, @7475 @117626 note.","@264735 @117627 @7475 @117626 Afternoon Mimiola, investigation shows VAS was subscribed by subscriber. That is why refund was not made.  TT",608908,0.5662674903869629,"Behold, screen shot of messages sent to mee from @117627 @GloCare claiming the unsolicited subscription to some service was without intent. Now, #Glo was 'smart' to claim that I subscribed to the services. @117626 @7475 @139055 @26653 Take note. https://t.co/BgUokvOjj2","@264735 @117627 @117626 @7475 @139055 @26653 Please note, VAS without intent is the category for escalating the issue for further investigation  based on your claim. The feedback was that subscriber activated VAS on the line. Therefore no refund will be given. Stay Unlimited! TT",608896,0.5676227807998657,@GloCare @117628 @117625 @117626 @117627 @48760 @53205 @7476 This is over 10 times u people have been asking 4my number with conflicting responses frm SO &amp; d likes. 08054117690. U must refund my money.,@117624 @117628 @117625 @117626 @117627 @48760 @53205 @7476 We sincerely apologize.We are unable to assist to access the line that we are currently carrying out an upgrade. Please check back later. SO,9099
2651024,"@GloCare Would he/they refund the airtime?  I have used the live chat portal, still on Twitter, now Mail. If @GloCare  cannot provide the needed​ assistance, i think you should just tell me. I'm new on the network. I wouldn't want​ to waste my time and effort chasing after the wind.",recharge_or_airtime_issue,@GloCare please i have recharge issue. I tried using the live chat portal but the customer care couldn't provide the needed assistance. HELP,"@747750 Apologies, may I know what you are experiencing with your card? GA",0.3313076561447998,2651029,2,0.4329643249511719,@GloCare Kindly refund my airtime too...  Thank you,"@140961 ""The complaint has been escalated. ET.",112428,0.4329643249511719,@GloCare Kindly refund my airtime too...  Thank you,"@140961 ""The complaint has been escalated. ET.",112428,0.48222652077674866,@GloCare Nothing is happening in my side... It'd really be great to get my airtime back...,"@318687 Morning, kindly be patient the refund is being processed.  TT",834353,0.5301138162612915,@GloCare I'm still waiting for my airtime refund. Check your DM for more details,"@142130 Hello Tobi, We will check it and revert to you. Thank you .AA",117810
788938,@GloCare  okk. I've sent in my complaint,non_actionable_or_context_required,@GloCare Okk,@350033 You're welcome. FA,0.6311306072984892,1371026,2,0.2777477204799652,@GloCare I'm yet to get any response about my complaint.,"@186799 Hello Isaac, we apologize for the delay. Your request is being processed. You will be notified by SMS when it is resolved.  TT",297198,0.2777477204799652,@GloCare I'm yet to get any response about my complaint.,"@186799 Hello Isaac, we apologize for the delay. Your request is being processed. You will be notified by SMS when it is resolved.  TT",297198,0.3853493332862854,"@GloCare well, we are expected to send our complaints while u guys @GloCare don't reply... Cool huh...😕😎","@571252 Hello Williams, we apologize for delay. May we know the network issue experienced? Please DM your number, location and device type. SO",1920528,0.40070831775665283,@GloCare hello and good afternoon i have one complain,@244434 We apologize. May we know what the issue is? AP,536903
209546,@GloCare Yet to receive my N100. Pls refund!,non_actionable_or_context_required,@GloCare  yet to receive my N100. Pls refund it!!!,"@165602 Good morning, we apologize for the delay. Issue is being worked on. Please exercise patience. Thank you. SO",0.9936166185341596,233410,2,0.05407201126217842,@GloCare  yet to receive my N100. Pls refund it!!!,"@165602 Good morning, we apologize for the delay. Issue is being worked on. Please exercise patience. Thank you. SO",233410,0.05407201126217842,@GloCare  yet to receive my N100. Pls refund it!!!,"@165602 Good morning, we apologize for the delay. Issue is being worked on. Please exercise patience. Thank you. SO",233410,0.27600663900375366,@GloCare I am yet to receive my N100,"@165602 Hello Folasade, 
We apologize for the inconvenience, our engineers are working on the issue. Thank you. UO.",209547,0.3625366687774658,@GloCare I want my N100 refunded. I didn't subscribe to any Health Tips,@165602 The sms you got is confirming escalation has been done. Please exercise some patience. UO,209556
496751,@117627 @GloCare Please confirm if 08118280516 is 4G simcard,sim_or_device_issue,@117627 @GloCare How do I know a sim card is 4G enabled. I bought a simcard on Saturday and was told its 4g but i can't see that on my phone,@233526 @117627 Kindly send 4G to 400 for confirmation of compatibility with 4G on the network. AP,0.3164265457453503,496758,2,0.376769483089447,@117627 Is this glo jumbo sim a 4G lite sim? @117627 @GloCare ?????,"@722502 @117627 Good morning Omoparegbe. Yes, you can get a 4G Jumbo SIM card. Kindly visit the nearest Gloworld for one. FA",2540898,0.376769483089447,@117627 Is this glo jumbo sim a 4G lite sim? @117627 @GloCare ?????,"@722502 @117627 Good morning Omoparegbe. Yes, you can get a 4G Jumbo SIM card. Kindly visit the nearest Gloworld for one. FA",2540898,0.38725215196609497,"@117627 @GloCare I need to confirm the sim, please check","@233526 @117627 Evening, the line is on a 4G SIM. Stay Unlimited!  TT",507051,0.4144476056098938,@117627 @GloCare How do I know a sim card is 4G enabled. I bought a simcard on Saturday and was told its 4g but i can't see that on my phone,@233526 @117627 Kindly send 4G to 400 for confirmation of compatibility with 4G on the network. AP,496758
1931789,@GloCare how does one transfer credit from one phone to another?,recharge_or_airtime_issue,@GloCare...i have been unable to transfer credit from my glo line.. kindly reply ASAP..,@131711 Kindly provide your phone number and error message received for assistance. .ET.,0.288259615842106,69384,2,0.3435555100440979,"@GloCare Okay
How can i transfer credit to other GLO number?","@152141 Hello, you cannot transfer credit on your package. DA",2345068,0.3435555100440979,"@GloCare Okay
How can i transfer credit to other GLO number?","@152141 Hello, you cannot transfer credit on your package. DA",2345068,0.4108425974845886,"@GloCare hi, pls how can i transfer credit to other glo line.?","@130987 Good evening. Dial *131*Phone Number of the recipient*Amount to be transferred*Password#. For example, if your password is 12345 and you want to transfer N75 to a customer with Phone Number 08155570458, then you dial *131*08155570458*75*12345#.
Default password is 00000. ^GM",65475,0.4742526412010193,"@GloCare Please, how do i transfer or share credit on glo platform.","@716616 Good evening, Gift. Dial *131*Phone Number of the recipient*Amount to be transferred*Password#. For example, if your password is 12345 and you want to transfer N75 to a customer with Phone Number 08155570458, then you dial *131*08155570458*75*12345#.Default password is 00000. ^GM",2515540
1964647,Please and please epp my solution @GloCare  this your network is crawling 😭😭,network_issue,@401884 @GloCare Your network is bad,"@401883 @401884 Hello, we empathize with you. May we know the error message you get? PE",0.3018879300500589,1199684,2,0.779919445514679,@GloCare @674690 We are facing network problem here in epe local gov,@676659 We sincerely apologize for the inconvenience. We assure you the issue affecting your location is being worked on. We implore you to please bear with us. Thank you. GA,2330345,0.779919445514679,@GloCare @674690 We are facing network problem here in epe local gov,@676659 We sincerely apologize for the inconvenience. We assure you the issue affecting your location is being worked on. We implore you to please bear with us. Thank you. GA,2330345,0.8578299283981323,@GloCare I think I'm going to migrate to one of the networks since you have failed to solve my problem,"@405358 Hello Salisu, kindly provide your mobile number for checks and assistance.  TT",1216093,0.8693523406982422,@GloCare pls help sort out my network issues.,@648040 Good evening. Routine upgrade is done from time to time to optimize the network. Thank you for staying with us. ^GM,2339119
1138796,@GloCare please is glo me2u not functioning again? I want to transfer credit,recharge_or_airtime_issue,@GloCare...i have been unable to transfer credit from my glo line.. kindly reply ASAP..,@131711 Kindly provide your phone number and error message received for assistance. .ET.,0.299584293849583,69384,2,0.4821684956550598,@GloCare...i have been unable to transfer credit from my glo line.. kindly reply ASAP..,@131711 Kindly provide your phone number and error message received for assistance. .ET.,69384,0.4821684956550598,@GloCare...i have been unable to transfer credit from my glo line.. kindly reply ASAP..,@131711 Kindly provide your phone number and error message received for assistance. .ET.,69384,0.6057953834533691,"@GloCare Please, how do i transfer or share credit on glo platform.","@716616 Good evening, Gift. Dial *131*Phone Number of the recipient*Amount to be transferred*Password#. For example, if your password is 12345 and you want to transfer N75 to a customer with Phone Number 08155570458, then you dial *131*08155570458*75*12345#.Default password is 00000. ^GM",2515540,0.6074939370155334,"@GloCare hi, pls how can i transfer credit to other glo line.?","@130987 Good evening. Dial *131*Phone Number of the recipient*Amount to be transferred*Password#. For example, if your password is 12345 and you want to transfer N75 to a customer with Phone Number 08155570458, then you dial *131*08155570458*75*12345#.
Default password is 00000. ^GM",65475
2765226,@GloCare Though 2G can't be reached.... I can be reached on my 3G phone on 08053355365,network_issue,@GloCare it's all about customer satisfaction and it can't be bought by giving excess data that can't be used happily. #CustomerService is 0,@403376 We sincerely apologize for the inconvenience. May we know your location? DA,0.2602292302921374,2345102,1,0.4559727609157562,@GloCare @117627 I have 3G for now and not the regular GSM. Please can't I have LTE?,"@356821 @117627 It depends on your location,for now. Kindly confirm your exact location. CA",1000301,0.4559727609157562,@GloCare @117627 I have 3G for now and not the regular GSM. Please can't I have LTE?,"@356821 @117627 It depends on your location,for now. Kindly confirm your exact location. CA",1000301,0.4574478566646576,Been using 2G on @GloCare  as 3G seems unusable on my device. Nawah o.,"@134709 Adetoun evening. We apologize for the inconvenience. Kindly provide your mobile number, error response, exact location with landmarks, LGA , alternate mobile number, issue duration and device type for assistance. TT",507064,0.47012603282928467,@GloCare It has been on 3g only,"@674690 Kindly provide your mobile number, error response, exact location with landmarks, LGA, alternate mobile number, issue duration and device type for assistance.  TT",2330347
1122587,@GloCare I have restarted my phone a million times. It's not a restart problem. It's a network problem. It's back now though,network_issue,@GloCare it's on 3G only. I have restarted my phone SEVERAL TIMES. Check your POP site. This is d 1st time I'm experiencing this in 3months,"@373015 Good evening. May we have your cellphone number, device name, model, APN, username and password? FA",0.2480554819770704,1072215,2,0.7067825794219971,@GloCare it's on 3G only. I have restarted my phone SEVERAL TIMES. Check your POP site. This is d 1st time I'm experiencing this in 3months,"@373015 Good evening. May we have your cellphone number, device name, model, APN, username and password? FA",1072215,0.7067825794219971,@GloCare it's on 3G only. I have restarted my phone SEVERAL TIMES. Check your POP site. This is d 1st time I'm experiencing this in 3months,"@373015 Good evening. May we have your cellphone number, device name, model, APN, username and password? FA",1072215,0.7841349840164185,@GloCare 08159318025. I don't think it's a device issue. I use two phones and both have the same problem. Network turns on and off for about 24 hrs&gt;,@217008 You can only use PAYU when there is credit on the line with the glosecure APN.  TT,428858,0.8695757389068604,@GloCare @276815. Your network is at it again. Since yesterday its been unable to open a page. Its fast becoming a constant issue.  My phone no: 08062951872.,"@276815 We apologize for the inconvenience, our engineers are working on the issue. Thank you. UO.",1442971
2345094,"@GloCare I have done all these your device tyre ,off and on,restart your device and change to 3G only all these these did not work...even one your guys told me the fault is from your end .common its talking long for christsake",network_issue,"@GloCare There is no bonus here. Why all these, did I complained before now?",@171020 Please make a call to see if you are charged from your current balance. Please note that you have not made a call from what we see here. UO,0.2108673783296493,254450,0,0.5500688552856445,"@GloCare Done that severally 
Only my 3G gets turned on but 2G won't",@318686 Kindly note that 3G signal works at a faster speed than 2G. CA,2218209,0.5500688552856445,"@GloCare Done that severally 
Only my 3G gets turned on but 2G won't",@318686 Kindly note that 3G signal works at a faster speed than 2G. CA,2218209,0.5986239910125732,@GloCare I always use 3G only. It's NOT working please,"@170401 Kindly provide your number, error message, exact location with landmarks, issue duration and device type for assistance. TT",228186,0.6663203835487366,"@GloCare Network challenge, if I change to 3G it read no service. Pls what do I do? I noticed this since Friday last week 07056328122","@392295 Hello Emmanuel, step to gsm or 2g only for now. However, you can try 3g much later. Thank you. SO",1157564
209818,"@GloCare We are having difficulties using your network for the past two days now. We can't check balance, we are having call drops and the worst is",network_issue,"@GloCare we are having poor network at Eket, Akwa Ibom. Please when are we gonna enjoy uninterrupted data we subscribed for? Help a brother, to avoid porting....","@130983 We apologize for the inconvenience, our engineers are working on the issue.Kindly bear with us. Thank you.EE",0.3234160187174045,703691,2,0.42612120509147644,"@GloCare 2 days now. Can't make calls, check balance or load airtime. What is going on? Sort it out for fucks sake!!!","@399851 Kindly provide your number, error message, exact location with landmarks, issue duration and device type for assistance. TT",1190655,0.42612120509147644,"@GloCare 2 days now. Can't make calls, check balance or load airtime. What is going on? Sort it out for fucks sake!!!","@399851 Kindly provide your number, error message, exact location with landmarks, issue duration and device type for assistance. TT",1190655,0.45810467004776,@GloCare I have been unable to make calls and check balance since yesterday.,"@562500 Hello Sena, we apologize for the inconveniences experienced. The issue has been resolved. Please restart your device and try again. SO",1885867,0.4783998131752014,"@GloCare your network is really frustrating, I have had the worst of your service this week, from no signal to disappearance of data and airtime, now again I can't check both call credit balance and data balance, no internet network, how long will this continue?","@451039 We apologize.Kindly provide your number, device type, exact location and error response for a quick check . Thank you. AP",2231265
2391726,@GloCare  OK,non_actionable_or_context_required,@GloCare Ok,@281379 Thank you. AP,1.0,676556,2,4.334716721850207e-13,@GloCare OK,@574883 Okay. Thank you. AP,1931847,4.334716721850207e-13,@GloCare OK,@574883 Okay. Thank you. AP,1931847,4.334716721850207e-13,@GloCare Ok,@123325 Yes please. ET,2178908,4.334716721850207e-13,@GloCare OK,@692907 Thank you for your patronage. Glo unlimited. DA,2669561
2092975,@GloCare No improvement yet pls.,network_issue,@GloCare 48hrs and still no improvement,"@660656 Sincere apologies, kindly provide your number, device type, exact location with landmark, error message, signal you can see and alternate number. GA",0.4747991324717592,2270506,2,0.3254522979259491,"@GloCare Dear Team, no update, no better improvement, please help","@130986 We apologize for the inconvenience, our engineers are working on the issue. Thank you. ET"".",65447,0.3254522979259491,"@GloCare Dear Team, no update, no better improvement, please help","@130986 We apologize for the inconvenience, our engineers are working on the issue. Thank you. ET"".",65447,0.35378026962280273,@GloCare 48hrs and still no improvement,"@660656 Sincere apologies, kindly provide your number, device type, exact location with landmark, error message, signal you can see and alternate number. GA",2270506,0.4809403121471405,@GloCare Any feedback yet?,"@165650 Hello Olawale, feedback is that refund has been made for the VAS deductions on the line.  TT",900739
2414073,"@GloCare Hello my subscription was stopped days before it was supposed to expire,called your customer care twice stayed on the phone for 22 minutes no response.",data_plan_issue,"@GloCare had credited my account before it expired, therefore,it was supposed to auto-renew normally because I never wanted any PAYU plan.Pls rectify",@381292 A deduction was made for subscribed VAS from the credit before the data renewal was due.  TT,0.2463760158053966,1107119,1,0.4423691928386688,@GloCare I've not been able to renew my subscription. I've been trying for over 30 minutes now.  What's going on?,@281374 We sincerely apologize for the inconvenience. We are currently carrying out an upgrade.We implore you to please bear with us as soon we would be able to assist you. Kindly try again later. GA,676536,0.4423691928386688,@GloCare I've not been able to renew my subscription. I've been trying for over 30 minutes now.  What's going on?,@281374 We sincerely apologize for the inconvenience. We are currently carrying out an upgrade.We implore you to please bear with us as soon we would be able to assist you. Kindly try again later. GA,676536,0.495335191488266,@GloCare just subscribed.  My data doesn't expire until sometimes next month. Am already receiving notifications that it will expire,"@220608 Good afternoon, may we have your number for clarification. Thank you. SO",1062747,0.5142099261283875,@GloCare why did you auto renew my subscription after I already cancelled it?,@374571 We apologize for any inconvenience you may have experienced. Kindly provide your number. Thank you. EE,1079202
474020,@GloCare @227840 Wetin happen. You guys are charging me for iflix after using for less than 60 days. Kilode? Iflix finished my last day subscription I didn't notice until I resubscribed and saw data dropping fast as I use iflix. Please what's the rule? 08051891193.,unauthorized_charge_or_vas,@GloCare You guys said iflix is free for 2 months if there is an active data bundle above N500?.. why did my N2500 data plan run out while watching iflix?  07058192844,"@233519 Subscription is free for 60 days,but access is through your data bundle. CA",0.1713310037364648,2628697,2,0.5402652621269226,@GloCare You guys said iflix is free for 2 months if there is an active data bundle above N500?.. why did my N2500 data plan run out while watching iflix?  07058192844,"@233519 Subscription is free for 60 days,but access is through your data bundle. CA",2628697,0.5402652621269226,@GloCare You guys said iflix is free for 2 months if there is an active data bundle above N500?.. why did my N2500 data plan run out while watching iflix?  07058192844,"@233519 Subscription is free for 60 days,but access is through your data bundle. CA",2628697,0.5499690771102905,@117627 @GloCare I tot u said iflix is free for the first 60 days... How come my MB is been deducted... I also registered on Glo cafe...   Or from what data bundle does one qualifies,"@153956 @117627 Evening Mohammed, registration for the service is free for first 60 days but streaming can only be done with data.  TT",138731,0.6421289443969727,@GloCare despite subscribing for 1000 data and 500  weekend data I can't still watch YouTube and iflix for free am been charged from my data,@674703 We apologize for any inconvenience you may have experienced. Kindly provide your number. Thank you. UO.,2330447
2782505,"@GloCare Hello guys. I bought a SIM this afternoon, registered it at a GLO Dealer outlet. I was promised that it be activated in 1 hour but I am yet to see activation. Kindly let me know what to do...",sim_or_device_issue,"@GloCare Please if done, let me know",@123325 Please check your DM.,0.2335708461638702,2178903,1,0.4134785234928131,"@GloCare Hw long does it take for a glo sim to be activated after registration? I registered a glo sim ystdy and till nw, it's not working.","@404974 Hello Magnus, may we have your number for clarification. Thank you. SO",1214234,0.4134785234928131,"@GloCare Hw long does it take for a glo sim to be activated after registration? I registered a glo sim ystdy and till nw, it's not working.","@404974 Hello Magnus, may we have your number for clarification. Thank you. SO",1214234,0.4950406551361084,"@GloCare 24 hours later, my SIM is not yet activated after 'Welcome Back'. Help?",@362472 Kindly provide your number and the serial number of the line for checks .Thank you.EE,1024669,0.5104047060012817,"@GloCare i hv been callin 4 25 mins no answer. I registered my sim on Tuesday and called with it,today's it's saying I need to go register. https://t.co/cOUsSaZnsk","@236384 Evening Young, please provide your mobile number and the SIM serial number for checks.  TT",507017
2470834,@117627  Data service is just too poor. @GloCare please tell me how are you grandmasters of data. This tweet was sent using @5566 network,data_issue,@117627 @GloCare Grandmasters Of Data!!! 🙌🏾🙌🏾❤️ https://t.co/W61sHYp4Yr,@606575 @117627 Good evening and thanks for the commendation. SG,0.334122512664275,2051131,0,0.40683940052986145,@117627 @GloCare Over 70% of ur customers hv been complaining of poor data network for yrs now. We appreciate the cheap data but fix ur network to enable us enjoy it. Stop paying deaf ears to our complains. For God's sake fix you network #GloDataUnMatched,@706395 @117627 Thank you for the feedback. Noted. We assure you the issue is being worked on. We implore you to please bear with us. #GloEveryDayBonanza #GloDataUnmatched  #GloUnfairAdvantage  GA,2469268,0.40683940052986145,@117627 @GloCare Over 70% of ur customers hv been complaining of poor data network for yrs now. We appreciate the cheap data but fix ur network to enable us enjoy it. Stop paying deaf ears to our complains. For God's sake fix you network #GloDataUnMatched,@706395 @117627 Thank you for the feedback. Noted. We assure you the issue is being worked on. We implore you to please bear with us. #GloEveryDayBonanza #GloDataUnmatched  #GloUnfairAdvantage  GA,2469268,0.5210292935371399,@117627 @GloCare @117627 Data service is very poor in my area.,"@161790 @117627 We apologize.Kindly provide your number, device type, exact location and error response for a quick check . Thank you. AP",2031927,0.5246289968490601,"@117627 @GloCare After tweeting that I can now browse with my data yesterday, this morning ur data network not coming up again, glo don't need praise becos dey fumble anytime, just few hours ago now back to data network again,","@523255 @117627 Morning Martins, we apologize. May we know the current network status at the location?  TT",2668203
2395492,@145588 @7693 @117627 @GloCare Please to inform you @117627 &amp; @145588 that your data connectivity in Apete by Yidi Road is worst that has imprisoned me and outcast my update on news as the data network needs 2b improve in d area please to allow me enjoy my data,network_issue,"@117627
@glocare
@8205
@145588
@7693
 You may invite him via 08165886572, @108326 or __email__. Thank u.",@787765 @117627 we will get in touch with him~ OO,0.2383868712224722,2829685,0,0.6720565557479858,@117627  Data service is just too poor. @GloCare please tell me how are you grandmasters of data. This tweet was sent using @5566 network,@706719 @117627 We sincerely apologize for the inconveniences. GA,2470834,0.6720565557479858,@117627  Data service is just too poor. @GloCare please tell me how are you grandmasters of data. This tweet was sent using @5566 network,@706719 @117627 We sincerely apologize for the inconveniences. GA,2470834,0.6789194345474243,@117627 @GloCare Over 70% of ur customers hv been complaining of poor data network for yrs now. We appreciate the cheap data but fix ur network to enable us enjoy it. Stop paying deaf ears to our complains. For God's sake fix you network #GloDataUnMatched,@706395 @117627 Thank you for the feedback. Noted. We assure you the issue is being worked on. We implore you to please bear with us. #GloEveryDayBonanza #GloDataUnmatched  #GloUnfairAdvantage  GA,2469268,0.7219847440719604,The worst network you could ever subscribe to its data is @117627 @GloCare @117626. You have data but you can't browse.,"@636151 We apologize for any inconvenience. Kindly provide your phone number, exact location, device type and error response so we can progress UO.",2167982
2414077,"@GloCare there's no flooding network in some areas of Ado-Ekiti. From Ijigbo Junction up to Oke Ureje is a complete black spot. No network at all both for call and data. Please,  I have a good spot to erect your master if this will resolve the issues. It's very bad. Please assist",network_issue,@GloCare there's no network at all 3G or otherwise.,"@450524 Kindly provide your number, error message, exact location with landmarks, issue duration and device type for assistance. TT",0.29954839532648,1422183,2,0.7131854891777039,"@GloCare pls, we don't have network since yesterday around ado-odo ota LGA, Ogun state. Help us rectify whatever the issue is. Thanks","@721886 Good morning Omotayo. We sincerely apologize for the inconveniences. The issue is being resolved. Please, bear with us. FA",2538074,0.7131854891777039,"@GloCare pls, we don't have network since yesterday around ado-odo ota LGA, Ogun state. Help us rectify whatever the issue is. Thanks","@721886 Good morning Omotayo. We sincerely apologize for the inconveniences. The issue is being resolved. Please, bear with us. FA",2538074,0.7368331551551819,"@GloCare Pls,  look into d network at EKSU in Ado Ekiti..  D network is poor for browsing.. Thanks","@689604 We apologize , Kindly be patient.EE",2395501,0.7446004152297974,"@117627  @GloCare  please work on your network in Ado Ekiti, for two days now it has not been stable!","@256532 @117627 We apologize. Please confirm your number, error message, exact location with landmarks and device type for assistance? DA",2669569
317832,"@GloCare Please I'm not talking about data bonus. I'm talking about credit bonus, the one you check with #122*2#
Read my tweet well",bonus_or_promotion_issue,"@GloCare I'm not talking about the Bonus, the credit i recharged can i use it to subscribe?",@242702 Your main account is not credited so you can not subscribe to data plan at all. The recharge goes straight to your promo account. AP,0.3958346571922338,529823,1,0.48950713872909546,@GloCare Iam talking about the bonus data....,"@255512 Hello, the bonus has been added to the 4gb given for your N1000 subscription . DA",2634638,0.48950713872909546,@GloCare Iam talking about the bonus data....,"@255512 Hello, the bonus has been added to the 4gb given for your N1000 subscription . DA",2634638,0.48950713872909546,@GloCare Iam talking about the bonus data....,@255512 Kindly confirm your number. DA,2634638,0.6003003120422363,"@GloCare good day. What's the code ""#122#"" bonus data used for on a jollific8 plan? Cos I ve a lot of bonus data but I am getting charged from my main data.","@268895 to enable you use your bonus data after exhausting the main plan, sms PAYU to 127 ~ OO",2945947
2910699,"@GloCare I borrowed #200 and recharged #400 card, and bought #200 data only for glo to deduct #100 from my account again. My number is 07054544145.",unauthorized_charge_or_vas,"@GloCare I borrowed #200 credit, recharged #400 and used the balance for data only for you to deduct extra. Also, your customer care lines haven't been responding to calls.","@805787 Evening, kindly provide your number for a quick check. 
Its due to the queue on the customer care line
Kindly exercise patience on the line and you will be attended to. AP",0.3757979860435159,2910703,2,0.4579729735851288,@GloCare I recharged my Glo phone number today several times and the value was not credited even after being deducted from my bank account,@747760 Good evening Leonardo. May we have your number to run a check on your line? May we also know the value of the airtime? FA,2651094,0.4579729735851288,@GloCare I recharged my Glo phone number today several times and the value was not credited even after being deducted from my bank account,@747760 Good evening Leonardo. May we have your number to run a check on your line? May we also know the value of the airtime? FA,2651094,0.5152968168258667,"@GloCare Pls stop deducting my money 08118860449 N1000
card almost finished. I have tired of calling 121 they can't get
it solved.","@422596 Morning Olufemi, the VAS has been cancelled and a refund is being processed.  kindly be patient.  TT",1293987,0.5275044441223145,"@117627 @GloCare 08051656065 that's the number ,the issue is I have not been charged from glo bonus data of 524 MB given to me ,am still Been charged from my subscribed data. Please look into it except it's fake .","@469090 @117627 Hello,
Your data bundle takes precision over bonus data. We empathize with you.

Thank you

PE",1504018
584005,"@GloCare my mobile #08159821678...I just recharge 1400 - was goin to load anoda 1100 so I can activate d (5gb) 2500 data plan, pls is there anything u can do to help?",data_plan_issue,@GloCare is there anything I can do to enable me make free calls to all cug users?,"@404154 Hello Philip, you can only call lines in your close user group for free,if you use a cug line. You'll be charged for calls to other lines.SO",0.3102418095608606,1210543,0,0.7450597882270813,"@GloCare pls I am trying to do a 2k plan on 4g/3g and it's not working. Pls help me with the plan, I have recharged already. 08118835696",@280417 We sincerely apologize for the inconvenience. We are currently carrying out an upgrade.We implore you to please bear with us as soon we would be able to assist you. Kindly try again later. GA,672412,0.7450597882270813,"@GloCare pls I am trying to do a 2k plan on 4g/3g and it's not working. Pls help me with the plan, I have recharged already. 08118835696",@280417 We sincerely apologize for the inconvenience. We are currently carrying out an upgrade.We implore you to please bear with us as soon we would be able to assist you. Kindly try again later. GA,672412,0.7677127718925476,"@GloCare I recharge my glo line with a thousand naira for data purchase but the recharge didn't hit my phone meanwhile my account was debited for the 1k
. kindly assist. Thanks",@233527 May we know the recharge platform used and your number? SO,496761,0.7793616056442261,"@GloCare just recharge 2500 today for data, can't make call wat happen to my bonus? 07056099107","@154814 Evening Opson, may we know the error response you get while attempting a call?  TT",167013
2409934,"@GloCare please I need u assist me. When ever they are is money on you used to deduct it and I can remember subscribing to any news, advert or any",unauthorized_charge_or_vas,"@GloCare But my money can't be refunded, cause I didn't remember subscribing to any infotainment",@139861 The issue has been escalated to the unit in charge . Please exercise patience. AA,0.3114512718796541,107420,2,0.5161352157592773,"@GloCare Please help check my line, they won't stop deducting my money.","@674683 Hello Damilola, kindly provide your mobile number for checks and assistance.  TT",2330297,0.5161352157592773,"@GloCare Please help check my line, they won't stop deducting my money.","@674683 Hello Damilola, kindly provide your mobile number for checks and assistance.  TT",2330297,0.5277825593948364,"@GloCare You guys deduct my money if I'm browsing, instead of data",@280419 Please make the gloflat APN default on the line to avoid PAYU data charges. Thank you.  TT,672426,0.5560265779495239,@GloCare You guys are still deducting my money oooo,"@372397 Morning Samsondeen, kindly provide your mobile number for checks and assistance with the issue reported.  TT",1069652
209665,"@GloCare Please check my combo bundle balance for Int'l calls for 1000k subscription bcoz anytime I check through *777#,#122*1# no ans nr 07059646781",data_plan_issue,"@GloCare Please help me check my combo bundle balance from there 1000k subscription my nr is 07059646781 I can't access it hia *777# nor #122""1#","@165622 God morning, you have 38.18mb remaining on your bundle. Thank you. AA",0.5464821022294101,209772,2,0.3002829849720001,"@GloCare Please help me check my combo bundle balance from there 1000k subscription my nr is 07059646781 I can't access it hia *777# nor #122""1#","@165622 God morning, you have 38.18mb remaining on your bundle. Thank you. AA",209772,0.3002829849720001,"@GloCare Please help me check my combo bundle balance from there 1000k subscription my nr is 07059646781 I can't access it hia *777# nor #122""1#","@165622 God morning, you have 38.18mb remaining on your bundle. Thank you. AA",209772,0.41117361187934875,"@GloCare I'm talking of combo for international calling for 1000k subscription check d bal for me *777#,#122*1# isn't showing it nr is 07059646781","@165622 Good evening, please confirm when you subscribed for the combo plan. SO",209770,0.586927592754364,"@GloCare Nawao 4u guys I'm talking of combo intl calling I subscribed last wk Friday 1000k check d bal 4me 07059646781 #122*1#,*777# don't work here",@165622 Current IDD balance is N1753:20  Stay Unlimited!  TT,209686
471935,@GloCare @117627 Please why can’t I buy internet data? Been trying this since last night?,data_plan_issue,@GloCare Last night,"@236388 We apologize,we are unable to check your line now. Our engineers are carrying out system upgrade. Kindly check back much later. Thank you.AP",0.3173503776423843,507061,2,0.3930202126502991,"I'm unable to buy data, I'm getting error message every time I try,  what's going on @GloCare",@338129 Hello Diran. We apologize.  Kindly provide your mobile number for checks.  TT,918837,0.3930202126502991,"I'm unable to buy data, I'm getting error message every time I try,  what's going on @GloCare",@338129 Hello Diran. We apologize.  Kindly provide your mobile number for checks.  TT,918837,0.4365427494049072,@GloCare morning I have been trying to buy data since morning but I’m getting an error response,"@439149 Good afternoon Engr Omoba. We apologize for the inconveniences. May we have your number, subscription code used and the error message received? FA",1371065,0.44971784949302673,@GloCare been trying to buy data but not working,"@229322 We apologize for the inconvenience, our engineers are working on the issue. Kindly try it again later.Thank you. ET""",480995
2636639,@GloCare This is the sub I did (the first one) only to get 1636mb. Please! Whats up.?.?! https://t.co/A50adS4T5F,data_plan_issue,@GloCare please whats your 4G help line?,"@153134 Hello Papi, please dial 400 help desk  for 4G  assistance.  TT",0.2717906830998363,161005,0,0.6507009863853455,Why are you people giving me 1638MB instead of 4GB 🙁🙁🙁 @GloCare @117627 ??? What kind of scam is this https://t.co/6CufmOZGdb,@147248 @117627 You will get the 100% data volume(4Gb) if you are on auto renewal or if you subscribe within 3 days after your data expires. AP,2247246,0.6507009863853455,Why are you people giving me 1638MB instead of 4GB 🙁🙁🙁 @GloCare @117627 ??? What kind of scam is this https://t.co/6CufmOZGdb,@147248 @117627 You will get the 100% data volume(4Gb) if you are on auto renewal or if you subscribe within 3 days after your data expires. AP,2247246,0.7029706239700317,"Trust me people, @GloCare  's new 4gb data is really just 400mb or shit! I practically makes new monthly sub every week!  😡😠😎","@242259 Apologies, may we know what network inconvenience you are experiencing on your line or location? GA",528108,0.7160345911979675,@GloCare I just did a thousand naira 1000 sub for my mum which was supposed to be 4Gb of data but they end up giving me 1.6Gb why ???? 😕,@804580 Please supply your number so we verify. Renewal rules apply. ^GM,2905471
1503862,"@GloCare @469054 My data is paused and is on a weekend plan, I want to switch back to my normal data plan . How please?",data_plan_issue,@GloCare @GloCare I've data on my weekend plan and my normal data is still reading 08157803688,"@140961 Good evening, plan valid till 02/12/2017 18:07:16hrs. Thanks. SG",0.4039911639728775,549926,2,0.3958294987678528,@GloCare how far guys. Please how do I pause my data so I can use the weekend plan instead,@482082 Morning Dipo. You can not pause an active plan with a new subscription/ different data plan.  TT,1560162,0.3958294987678528,@GloCare how far guys. Please how do I pause my data so I can use the weekend plan instead,@482082 Morning Dipo. You can not pause an active plan with a new subscription/ different data plan.  TT,1560162,0.5108670592308044,Please my data plan just disappeared this morning  i need help @GloCare,@721120 Good morning Great. May we have your cellphone number to run a check on your line? FA,2534350,0.5433803200721741,"@GloCare I would have been more patient if you would stop my data plan from running, since I'm not able to use it for what's meant for.","@674704 We sincerely apologize for the inconveniences. The issue is being resolved. Please, bear with us.EE",2330466
2391743,@GloCare @117627 please what is going on ? I'm trying to renew my data bundle and It's not working.  As usual your customer care line never works!!!! Always held up🙄 please can you do something?,data_plan_issue,@GloCare please I can't subscribe what is going on,"@689123 Hello Okoroji, We apologize , Please try it again later .EE",0.2985828965126145,2393371,2,0.40533390641212463,@GloCare @742416 *777# no longer work for existing users who want to renew their data bundle. What is all this?,@742421 @742416 Morning Biodun. We apologize. Network engineers are working to resolve the issue. Kindly be patient . TT,2628685,0.40533390641212463,@GloCare @742416 *777# no longer work for existing users who want to renew their data bundle. What is all this?,@742421 @742416 Morning Biodun. We apologize. Network engineers are working to resolve the issue. Kindly be patient . TT,2628685,0.4774824380874634,"@GloCare Hi please i can't renew my Data plan, it normally auto renews once there""s money on my sim card",@439148 Good afternoon Adebayo. We apologize for the inconveniences. May we have your number to run a check on your line? FA,1371062,0.4831603169441223,"@GloCare renew my data plan pls, what is the problem?
09050102471","@165599 Hello Alex, the line has successfully subscribed to a plan. Please dial *127*0# to check data balance. TT",1211603
2218206,"@GloCare pls Dear customer, a warm welcome of N200200 Free Airtime is yours. Since o, my normal bonus if I recharge, I nor dey c am again o.. Pls help",bonus_or_promotion_issue,@GloCare how can I unlock dis crdt... a warm welcome of N200200 Free Airtime is yours. Recharge ur Glo line to unlock ur FREE credit. Dial #122*23# to check balance.,"@653894 Hello Onome, please recharge to unlock the bonus. Click this link for detials: https://t.co/760y8fDOaK. SO",0.3307481932272887,2242954,2,0.48485901951789856,"@GloCare Kindly help me, My airtime gets deducted indiscriminately. I'm now wary of Recharging, in fact. My No is 08056041889. Pls do something quickly!!!","@685970 Hello, Value added service activated on the line,has been deactivated. You may want to send STOP to 2442 to add number to the list of DND numbers. IQ",2378674,0.48485901951789856,"@GloCare Kindly help me, My airtime gets deducted indiscriminately. I'm now wary of Recharging, in fact. My No is 08056041889. Pls do something quickly!!!","@685970 Hello, Value added service activated on the line,has been deactivated. You may want to send STOP to 2442 to add number to the list of DND numbers. IQ",2378674,0.5583906173706055,@GloCare pls am a new user what's the code to recharge airtime,"@751865 Hello, kindly dial *123*PIN# or Call 123 and follow the voice instruction to recharge. DA",2669554,0.5896926522254944,"@GloCare Hi,got airtime and i cant recharge it its saying i should contact the customer care",@352792 Good evening Aderibigbe. May we have your number and the card serial number via DM? FA,981821
834381,"@GloCare please I made a recharge of #1500,yesterday only to see #95 as my balance",recharge_or_airtime_issue,"@GloCare No, I made a recharge of #1500 yesterday I still have the cards with me, please check my account",@318689 May we have the card serial number and recharge code dialed. Thank you. SO,0.4643280907102622,834361,2,0.5175004005432129,@GloCare Again I recharged #500 yesta,@504337 Line check show you where given 2500 yesterday. UO,1651473,0.5175004005432129,@GloCare Again I recharged #500 yesta,@504337 Line check show you where given 2500 yesterday. UO,1651473,0.5366065502166748,@117627 recharged #200 few days back left around 193 as my balance only to see 43 today @GloCare return my money pls before I vex for you,"@163790 @117627 Good morning, may we have your number for clarification on the issue. Thank you. SO",202253,0.5611464977264404,"@GloCare No, I made a recharge of #1500 yesterday I still have the cards with me, please check my account",@318689 May we have the card serial number and recharge code dialed. Thank you. SO,834361
493063,@GloCare @232556 @117627 Good Evening. Please help to scan my line and remove what do deduct my credit. Thank,unauthorized_charge_or_vas,@GloCare Good evening...,"@170403 Hello Yukandie, how may we help you? UO",0.2930006485256318,228212,1,0.371307909488678,@GloCare please  check my line 09058974494 my credit is being  deducted instead of  Data,@147736 Good afternoon Victory. You don't have data subscription on your line. Kindly subscribe via *777# and browse. FA,1371031,0.371307909488678,@GloCare please  check my line 09058974494 my credit is being  deducted instead of  Data,@147736 Good afternoon Victory. You don't have data subscription on your line. Kindly subscribe via *777# and browse. FA,1371031,0.41077280044555664,@GloCare please  stop  deducting for my credit my number 09058974494,"@147736 Victory, you were charged for the value added services on your line - Caller tune and Yellowdot. You may text DEREG to 7728 and STOP to 55223 to unsubscribe. FA",1114483,0.42939937114715576,"@GloCare something keeps deducting my credit. It has gone from 1411 to 1211 and I have no idea. My number is 0805 486 3429
Please solve","@367320 Hello Dark Beasth , Line check shows you have invited guest sharing data with you. UO",1046222
1000324,"@GloCare Hello,
I just cleared my BMC account of #200 but few mins later I was notified again to still be owing.
Pls can you run a check",recharge_or_airtime_issue,@GloCare hello,@206561 We apologize for the delayed response.. How may we help you. UO?,0.1898981769489496,381911,0,0.7227097749710083,@GloCare Aren't you guys gonna debit my account for my BMD purchase??....08155356601,"@206558 Good afternoon, Yes we will debit you soon. AP",2837431,0.7227097749710083,@GloCare Aren't you guys gonna debit my account for my BMD purchase??....08155356601,"@206558 Good afternoon, Yes we will debit you soon. AP",2837431,0.7291890978813171,"@GloCare, my account was debited of #50, don't know how???","@286595 Evening Emmanuel, kindly provide your mobile number for checks and assistance.  TT",698355,0.7650532126426697,@GloCare please Why can't I check my account balance ?,"@562496 Hello Deola, we apologize for the inconveniences experienced. The issue has been resolved. Please restart your device and try again. SO",1885853
1884940,@GloCare unable to make calls or send message again. Error response: call drop.Please its becoming annoying complaining everyday.08079053766,voice_or_line_issue,"@GloCare I have not been able to Mk calls or send message from my line 08079053766,error response: call drops, since the past 29hrs.","@562409 Hello Femi, we apologize for the inconveniences experienced.The issue is being worked on, will be resolved shortly.Please bear with us. SO",0.4262149543143764,1884941,2,0.3086300194263458,"@GloCare I have not been able to Mk calls or send message from my line 08079053766,error response: call drops, since the past 29hrs.","@562409 Hello Femi, we apologize for the inconveniences experienced.The issue is being worked on, will be resolved shortly.Please bear with us. SO",1884941,0.3086300194263458,"@GloCare I have not been able to Mk calls or send message from my line 08079053766,error response: call drops, since the past 29hrs.","@562409 Hello Femi, we apologize for the inconveniences experienced.The issue is being worked on, will be resolved shortly.Please bear with us. SO",1884941,0.3476165235042572,@GloCare can't make calls with my glo number 09057930070 since yesterday. Kindly help rectify the issue. Thanks,"@562452 Hello Olayinka,we apologize for the inconveniences experienced.The issue is being worked on, will be resolved shortly.Please bear with us.SO",1885071,0.3974483907222748,@GloCare can't make calls with my line since yesterday 07058755836. Pls resolve the issue,"@511611 Hello Victor, we apologize for the inconveniences experienced.The issue is being worked on, will be resolved shortly.Please bear with us. SO",1884811
445933,"@glocare! Good morning! Want to migrate to call unit of 20/s, what the code pls. Th,ks",voice_or_line_issue,@GloCare.what is the code for glojollyficate i want to migrate,@747769 To opt into the package dial *603#. CA,0.4629473568392083,2651164,1,0.7524887323379517,"@GloCare  , many thanks, what the migration code pls",@220607 May we know which of the packages you want to migrate into? TT,445934,0.7524887323379517,"@GloCare  , many thanks, what the migration code pls",@220607 May we know which of the packages you want to migrate into? TT,445934,0.8773459792137146,@GloCare..bt wen I dial d code I was told dat I don't av access to d service..*122*24#,@483364 Kindly provide your number for checks. EE,1565791,0.8897572755813599,"@GloCare pls I need an answer and urgent response, have not been able to make calls with my line and I have about #800 08073886621","@562503 Hello Faye, we apologize for the inconveniences experienced. The issue has been resolved. Please restart your device and try again. SO",1885877
2651040,"@GloCare That was the response. Do I have to keep recharging, or what? I don't get it please.",bonus_or_promotion_issue,@GloCare @117627 08116238635 do I have to shout on Twitter to get response.,@659902 @117627 A check on your line does not show any deduction of such. Kindly give us the date(s) deductions were made. CA,0.2772840114035207,2267324,0,0.5936478972434998,@GloCare I don't understand sir.  I recharged the same I have always done. The problem started when I welcomed back by alpine after a loss.,@523894 Good morning Joseph. Kindly call 200 (Postpaid/CUG specialized help desk) or send a mail to __email__ for necessary,1734938,0.5936478972434998,@GloCare I don't understand sir.  I recharged the same I have always done. The problem started when I welcomed back by alpine after a loss.,@523894 Good morning Joseph. Kindly call 200 (Postpaid/CUG specialized help desk) or send a mail to __email__ for necessary,1734938,0.5936478972434998,@GloCare I don't understand sir.  I recharged the same I have always done. The problem started when I welcomed back by alpine after a loss.,@523894 assistance. FA,1734938,0.6226651072502136,"@GloCare Have recharged already, how many times will i do it","@731949 Hello Chinedu, please dial #122*23# to confirm unlocked Jumbo bonus. Please revert with your number for clarification? Thank you. SO",2582777
1433270,"@GloCare I call 124, still is the same thing. my call can not be completed please contact customer care.",voice_or_line_issue,"@GloCare please what is the problem with my account, here is the massage sorry, operation failed please contact the call centre  09053698480","@452788 Afternoon Ibrahim, may we know which operation you tried on the line before you got the error?  TT",0.2778589396101273,1433274,1,0.5449351668357849,"@GloCare I've been calling 121 for the past 2 hours to no avail, pls can you kindly respond here? Arrrrgh","@165618 Hello Olamide, how may we help you? SO",209639,0.5449351668357849,"@GloCare I've been calling 121 for the past 2 hours to no avail, pls can you kindly respond here? Arrrrgh","@165618 Hello Olamide, how may we help you? SO",209639,0.5716111063957214,"@117627 @53686 @GloCare, Don't tell me to contact ur customer care, I've done so countlessly. I have provided my #. Just resolve it.",@494922 We apologize this is Glo-Nigeria and we are not able to access your number from this end. Please bear with us. UO,1613032,0.5716111063957214,"@117627 @53686 @GloCare, Don't tell me to contact ur customer care, I've done so countlessly. I have provided my #. Just resolve it.","@494922 @117627 @53686 We will however try to connect the GLO- Ghana office to assist. 
We apologize for any inconvenience you may have experienced.  UO.",1613032
469805,@GloCare please Globacom how will i activate my deactivated line ? If i load a Card will it activated ?????,sim_or_device_issue,@GloCare Please how do I activate my line,"@751866 Hello, kindly call 125 or any Glo number to activate the SIM. DA",0.2932080652714084,2669566,2,0.5841512084007263,@GloCare I have a glo line which has been deactivated for whatever reasons.I have re-registered the line and it has remained deactivated,"@265502 Hello Femi, kindly provide the mobile number for checks. TT",611902,0.5841512084007263,@GloCare I have a glo line which has been deactivated for whatever reasons.I have re-registered the line and it has remained deactivated,"@265502 Hello Femi, kindly provide the mobile number for checks. TT",611902,0.5995211601257324,@GloCare My line is deactivated. How do I reactivate it? 0815 972 6023,"@540712 Kindly visit any Gloworld outlet with a valid means of identification, at least N100 and the sim pack,with 5 frequently dialed numbers.AP",1799566,0.6151211857795715,"@GloCare What do I need to do to re-activate a Glo line I haven't used in months, immediately ?","@463618 Hello Azeez, please provide your number for clarification. Thank you. SO",1479790
2146010,Dear @GloCare why am I still getting messages from 8888 after I've fully activated DND? Kilode Gan sef😠,unauthorized_charge_or_vas,"@GloCare dear all, kindly assist deactivate me from this constant messages from 8888. I did not subscribe for it pls. Thanks",@636146 We apologize for any inconvenience you may have experienced. Kindly provide your number. Thank you. UO.,0.2766494112995178,2167963,2,0.5890716910362244,"@GloCare dear all, kindly assist deactivate me from this constant messages from 8888. I did not subscribe for it pls. Thanks",@636146 We apologize for any inconvenience you may have experienced. Kindly provide your number. Thank you. UO.,2167963,0.5890716910362244,"@GloCare dear all, kindly assist deactivate me from this constant messages from 8888. I did not subscribe for it pls. Thanks",@636146 We apologize for any inconvenience you may have experienced. Kindly provide your number. Thank you. UO.,2167963,0.6803215146064758,@GloCare unsubscribe me from the unsolicited text I get everytime from 8888 on this line 08159443289 😬,"@244993 Hello Tisan, your request for VAS deactivation has been treated. Stay Unlimited!  TT",608898,0.6889801621437073,I put a full DND on my sim and I still get these messages @GloCare,"@170399 Morning Fantasma, please provide your mobile number and the VAS name for assistance.  TT",228167
1553142,@GloCare I wish to why I was deactivated from using the *200# package. I never knew when I stopped from using it,account_or_general_support,@GloCare @117627 It seems like you have deactivated me from using my data from 7pm till next day. This is not fair as I can't use my data,"@206799 @117627 Hello, we empathize with you. May we know the error message you get? PE",0.2064111380919862,1123741,0,0.8674056529998779,@GloCare I used *600# I also tried *200# it's still  not workin ..my number 07052151070,@220601 Hello Star Girl. Dial *300# on the line to migrate to the package. Thank you. TT,445899,0.8674056529998779,@GloCare I used *600# I also tried *200# it's still  not workin ..my number 07052151070,@220601 Hello Star Girl. Dial *300# on the line to migrate to the package. Thank you. TT,445899,0.9130920171737671,"@glocare I have 1500 on my bonus and can't use it, each time I am told to load #100 to use it yet I couldn't. Please how do I benefit in it.","@576158 we apologize, may we know your number so we verify? OO",1936608,0.9337540864944458,@GloCare I keep getting this message when I dial *200#. Why? https://t.co/qcRJ5uDjxF,"@141397 Hello Elisha, may we know what you are dialing the code for?  TT",2330543
2933831,@GloCare thankz. But dey didn't give me any bonus as i bought new jumbo sim yesterday with #1100 Recharge card.,bonus_or_promotion_issue,@GloCare Please I need the internet configuration for my new jumbo sim,"@777660 Ensure you have the correct settings. APN- Gloflat, Username - Flat and Password-Flat. Thank you. ET.",0.2806623534330378,2785241,1,0.5063386559486389,"@GloCare @117627 I just activated jumbo sim and I recharged 1k,I didn't get my 200% bonus or any bonus at all.","@232556 @117627 Evening Evans, dial #122*23# to check the unlocked Jumbo bonus. Stay Unlimited!  TT",493071,0.5063386559486389,"@GloCare @117627 I just activated jumbo sim and I recharged 1k,I didn't get my 200% bonus or any bonus at all.","@232556 @117627 Evening Evans, dial #122*23# to check the unlocked Jumbo bonus. Stay Unlimited!  TT",493071,0.6158570051193237,"@GloCare @117627 But do the jumbo sim means no more 200% bonus on all recharges???,if yes how can I deactivate jumbo sim?😡","@232556 @117627 While on Jumbo package you can not get Bumpa 200% bonus. Dial *100*10*1#
to migrate to Bumpa. N100 migration fee will apply.  TT",493070,0.6509383916854858,"@GloCare I made an e-recharge of #100 and was given my accrued bonus on my jumbo sim. However, on recharging #300 via same platform, I wasn't given any bonus at all on the jumbo sim. Na so?","@688560 We apologize, Kindly provide your number for checks.Thank you . EE",2390219
2330344,"@GloCare Hello glo, your I bought your sim, but it charges me me too high almost 30 per minute, airtel charge me less than 8naira per minute, what should I do to get good rate? I can’t deal with this high charge.",voice_or_line_issue,"@GloCare @165622 @117627 I just registered my sim, but it says my account has been deactivated. What should I do?","@165633 Hello Titus, may we have your number for clarification. Thank you. SO",0.1787441556158903,209685,0,0.6855490207672119,@GloCare how can I opt out of this your jumbo sim thing? Noticed that I'm being charged 40k per second now on my calls as against 15k. Moreover ur free airtime isn't useful to me bcoz it's only for Glo to Glo calls. I want to opt out immediately.,@648042 Kindly dial the code for the plan you wish to opt into. You can find the list of available packages on this link https://t.co/bVzBGOevhb CA,2218258,0.6855490207672119,@GloCare how can I opt out of this your jumbo sim thing? Noticed that I'm being charged 40k per second now on my calls as against 15k. Moreover ur free airtime isn't useful to me bcoz it's only for Glo to Glo calls. I want to opt out immediately.,@648042 Kindly dial the code for the plan you wish to opt into. You can find the list of available packages on this link https://t.co/bVzBGOevhb CA,2218258,0.725995659828186,@GloCare I am currently being charged 38kobo per second for voice calls on my Glo SIM  07118050307.. What can I do to reduce the tarrif?,"@705168 Good day, kindly dial #100# to know your present package. Then click on https://t.co/bVzBGOevhb to view our list of plans and make your preferred choice of plan. GA",2463653,0.8147366046905518,"@GloCare I don't know what is wrong with my sim, it goes out of network coverage every hour. I have to keep restarting my phone.","@737105 We empathize. Kindly provide your mobile number, error response, exact location with landmarks, LGA , alternate mobile number, issue duration and device type for assistance. ET.",2785230
1043403,"@GloCare, ""Connection problem or invalid mmi code"" is what I see as I tried recharging 08072006674. Is *123*pin# no longer working? Thanks",recharge_or_airtime_issue,"@GloCare __credit_card__, error msg is connection probably or invalid mmi code and I use used cod *123*nopin#","@391674 Hello, we empathize with you. Call 123 and follow the voice instruction to load the voucher. 

PE",0.3987513981227312,1154818,2,0.5526988506317139,"@GloCare I used the regular recharge code at first *123*pin# but it was saying invalid.
Tried *323*pin# again and it still said invalid.",@372396 Dial #122*30# to confirm the 4x bonus. Thank you. SO,1069641,0.5526988506317139,"@GloCare I used the regular recharge code at first *123*pin# but it was saying invalid.
Tried *323*pin# again and it still said invalid.",@372396 Dial #122*30# to confirm the 4x bonus. Thank you. SO,1069641,0.6253199577331543,"@GloCare __credit_card__, error msg is connection probably or invalid mmi code and I use used cod *123*nopin#","@391674 Hello, we empathize with you. Call 123 and follow the voice instruction to load the voucher. 

PE",1154818,0.635706901550293,@117627 @GloCare The recharge method I used is *123*pin#,@296715 Please dial 123 listen and punch in the pin numbers. UO,738890
1862879,"@GloCare Cell no- 07051883771; Location- Surulere, Lagos; Device name- BlackBerry: Device model- Q10; APN- gloflat; username &amp; password-flat",data_issue,"@GloCare Cellphone number : 07057776132
Device name :Samsung 
Model : galaxy j7
APN: gloflat
Username:  flat
Password: flat","@513436 Good evening,your data subscription has expired. Kindly subscribe then we will follow up. Thank you. AP",0.6505449881022689,1691408,2,0.6365019083023071,"@GloCare Cellphone number : 07057776132
Device name :Samsung 
Model : galaxy j7
APN: gloflat
Username:  flat
Password: flat","@513436 Good evening,your data subscription has expired. Kindly subscribe then we will follow up. Thank you. AP",1691408,0.6365019083023071,"@GloCare Cellphone number : 07057776132
Device name :Samsung 
Model : galaxy j7
APN: gloflat
Username:  flat
Password: flat","@513436 Good evening,your data subscription has expired. Kindly subscribe then we will follow up. Thank you. AP",1691408,0.6436079740524292,"@GloCare so now I want to change it back to BlackBerry APN so dat I can buy BlackBerry bundle, wat do I type in as BlackBerry APN","@297064 Hello Anita, please use https://t.co/Huzr6eShun for the device APN. Stay Unlimited!  TT",740355,0.6503087282180786,@GloCare but a data plan for 1000 Naira yesterday! Blackberry 10. But still having gotten the data. Kindly assit. My number 08059304599.,"@198669 Hello Lawal, you subscribed for HSI data plan and it is active on the line. Dial *127*0# to check the data balance.  TT",2320164
348309,"@GloCare  I dnt understnd y, after a prper sim reg. I cant retrieve my sim at #Gloword because of 🆔 card despite providing a civil servnt 🆔.",sim_or_device_issue,@GloCare Java (china) 2 sim slots,"@747750 Hello, Please go to your device settings and click on 'APN',type in gloflat,scroll down to 'username' and type in flat,click on 'password' after that and type in flat. save and exit. Kindly use the information above to activate the data plan. DA",0.2820552964869012,2651019,1,0.6056159138679504,"@GloCare 
Also got my number and confirmation that the sim is active and all..but I can't do anything on it",@250410 Good evening Olaniran. We apologize for the inconveniences. May we have your number to run a check on your line? FA,558210,0.6056159138679504,"@GloCare 
Also got my number and confirmation that the sim is active and all..but I can't do anything on it",@250410 Good evening Olaniran. We apologize for the inconveniences. May we have your number to run a check on your line? FA,558210,0.6224155426025391,@117627 @241369 @232560 @GloCare Pls I have problems with my sim,"@243576 @117627 Good day Rabiu, may we know what you are experiencing? GA",531486,0.6390103101730347,"@GloCare I did sim registration and replacement on the 20th of November, till date i haven't been able to use the simcard given to me. No is;08152221821. Pls can these be resolved ASAP?","@814965 we apologize for the delay, you may insert the sim anytime from 10am tomorow ~ OO",2951262
395956,"@GloCare 
Hello, can we plz have some reprieve to network quality in Graceland, Zaria, Kaduna State? 
It's embarrassingly slow n unstable.",network_issue,@GloCare hello,@206561 We apologize for the delayed response.. How may we help you. UO?,0.2234029942904149,381911,0,0.5707192420959473,"@GloCare Lately, your network in environs around lagos-ibadan expway has become poor especially the internet service. Kindly address this matter quickly. Downtime isn't good for business. Thank you",@706394 We sincerely apologize for the inconvenience. We assure you the issue affecting your location is being worked on. We implore you to please bear with us. Thank you. GA,2469266,0.5707192420959473,"@GloCare Lately, your network in environs around lagos-ibadan expway has become poor especially the internet service. Kindly address this matter quickly. Downtime isn't good for business. Thank you",@706394 We sincerely apologize for the inconvenience. We assure you the issue affecting your location is being worked on. We implore you to please bear with us. Thank you. GA,2469266,0.5863291621208191,"@GloCare Hi Glocare, why is ur network 4 data is so bad this days. Ur network in area area used to okay but nw so fluctuated. Wuse 2 Abuja.","@557618 We apologize for any inconvenience. Kindly provide your phone number,  device type and error response so we can progress UO.",2418922,0.6001240611076355,@GloCare It is really disheartening that @117627 couldn't fix a lingering poor network condition in Mubi North of Adamawa state for more than a week. I wonder if they care about the quality of services they offer.,"@165649 We do care about your plight. Kindly explain the exact issue you are having . Please include your number,and exact location.CA",1721194
2247212,"@GloCare URGENT! I have not had network in my house area (somewhere in Rumuodara,PHC) for months. Which kain wahala be this? Once i get back from work i cant call or use data on my Glo line.",network_issue,@GloCare i have no network in my area.,"@127129 Sincere apologies, may we have your number, location &amp; exact landmark. IA",0.1974714218059744,2305843,2,0.5484249591827393,"@GloCare almost a week now,no Glo network is my town,OKEMESI ekiti,in ekiti west,pls we we're unable to browse or call,,,,do sometin oo","@144577 Hello. We apologize for the inconvenience. Kindly provide your mobile number, error response, exact location with landmarks, LGA , alternate mobile number, issue duration and device type for assistance. TT",2810040,0.5484249591827393,"@GloCare almost a week now,no Glo network is my town,OKEMESI ekiti,in ekiti west,pls we we're unable to browse or call,,,,do sometin oo","@144577 Hello. We apologize for the inconvenience. Kindly provide your mobile number, error response, exact location with landmarks, LGA , alternate mobile number, issue duration and device type for assistance. TT",2810040,0.5630621910095215,"@GloCare your network is so bad around my area, I could not call, I could not use my data. Meiran, in Lagos. For the past 3weeks now.",@653897 We sincerely apologize for the inconvenience. The issue with your location is being worked on. We implore you to please bear with us. GA,2242970,0.6021203994750977,"@GloCare the Glo network in OKEMESI ekiti,in ekiti west is down for almost 3days now,we ar outside d town to make calls, pls..find solution.",@144577 The issue reported has been escalated for resolution. Kindly be patient.  TT,918842
315466,"@GloCare @191307 Is there any 4g site around Egbeda, new Ife road Ibadan?",network_issue,@GloCare is there any new code to load Glo aside *123*?,"@216612 Afternoon Balogun, Please call 123 and follow the prompt to recharge.  TT",0.3247450381578362,427203,0,0.432886004447937,@117627 @GloCare do you have 4g service in Ibadan?,@220069 Yes there is. Thank you. UO,1732052,0.432886004447937,@117627 @GloCare do you have 4g service in Ibadan?,@220069 Yes there is. Thank you. UO,1732052,0.462124764919281,@GloCare please is ur 4G service available around mokola area in ibadan,@367317 Hello Ifevic Yes we do. UO,1046205,0.4642956256866455,@GloCare No 4G network here in agbede Ikorodu Lagos State,@199861 We sincerely apologize for the inconvenience. We assure you the issue affecting your location is being worked on. We implore you to please bear with us. Thank you. GA,2414071
2800841,"@GloCare @117627 
I load card and subscribed u telling me e never work that all these time am using my money de browse ? i DM u guys ‘ una de do me like hausa girl una no even wan pick my calls 
No be by force to use Glo oo 
God punish all of una 🚶🏿✌🏿
Hi @118424 🤚🏿",data_issue,@GloCare hmmmm ...una de try provoke me oh Glo,@126396 Good evening. May we know if there is any network issue you would like to bring our attention to? ^GM,0.2444162242266979,46769,1,0.6675443649291992,@GloCare @GloCare it is now becoming unbearable for me. Because why will I load every time and they keep deducting my money without calling and have complained several times still nothing was done. Are you saying I should stop using glo mobile because it's unfair,@242257 Sincere apologies may we have the affected number for checks and assistance? GA,528097,0.6675443649291992,@GloCare @GloCare it is now becoming unbearable for me. Because why will I load every time and they keep deducting my money without calling and have complained several times still nothing was done. Are you saying I should stop using glo mobile because it's unfair,@242257 Sincere apologies may we have the affected number for checks and assistance? GA,528097,0.7941129207611084,@GloCare it seems u ppl r mad abi? Is it by force to subscribe ni haha? U go just dey deduct my like say u dey give free credit,"@491462 Morning Owolabi, kindly provide your mobile number for checks and assistance.  TT",1600695,0.7975436449050903,@GloCare . Tryin to load a card since yesterday wit 323 telin me card has bin used after several attempt. Yet to b credited.Kindly luk it up,"@120451 Hello Oladimeji, may we have the card serial number and your mobile number? SO",20365
967837,"@GloCare if a friend share his data with me ,does it indirectly means I share mine with him too ?",data_issue,@GloCare The data was poused after my friend started sharing his data with me,"@747774 If you wish to resume browsing with your plan,your number has to be deleted from the sharer's list. CA",0.4180934476428745,2651179,2,0.5569185614585876,@GloCare pls could explain what it means to share data,"@165623 Good morning, data sharing is adding number/s to browse on your data plan. SO",1050595,0.5569185614585876,@GloCare pls could explain what it means to share data,"@165623 Good morning, data sharing is adding number/s to browse on your data plan. SO",1050595,0.5579839944839478,@GloCare Without my consent??? I never share data with anyone or added a data recipient.,@232574 you stated you found out someone was sharing your data and that can only be done from an access to your device. Let us have your number so we verify ~ OO,1825325,0.6219155788421631,@GloCare The data was poused after my friend started sharing his data with me,"@747774 If you wish to resume browsing with your plan,your number has to be deleted from the sharer's list. CA",2651179
658682,How can I have 4095mb of glo data as at 13th November and today 22nd I'm left with only 200mb haba @GloCare which kind 419 be this?,data_issue,@GloCare november 22nd,@145165 Record shows the link used PAYU data to connect and also dialed bank USSD for transactions.  TT,0.327177842890871,129462,0,0.5054962038993835,@GloCare Pls I need details of glo 1000 data plan of 4gb,@145578 Here: https://t.co/GvxBuIxUZL. ^GM,443641,0.5054962038993835,@GloCare Pls I need details of glo 1000 data plan of 4gb,@145578 Here: https://t.co/GvxBuIxUZL. ^GM,443641,0.5789155960083008,@GloCare the glo 1.6gb data for #500 is valid for how many days  ?,"@194179 Hello Pablo, valid for 10 days. Thank you. SO",327881,0.6111857891082764,@GloCare I bought  30G data and the next day Glo is off from my area for almost 4 months now why,@802596 We offer our apologies about this outage. May we have the location of this occurrence? ^GM,2896521
2945949,"@GloCare that Streaming #YouTube video from 1am-5:30am is it still on ?
Because I always buy data of #2.5k",data_plan_issue,@GloCare Is it true that I can get Free YouTube streaming on my current Data plan from 1am to 5am,"@681151 Yes , you can enjoy the free youtube with a data plan of N500 and above. From 1.00pm to 5.30pm. DA",0.2294807575256809,2358287,2,0.5518165826797485,@GloCare Is it true that I can get Free YouTube streaming on my current Data plan from 1am to 5am,"@681151 Yes , you can enjoy the free youtube with a data plan of N500 and above. From 1.00pm to 5.30pm. DA",2358287,0.5518165826797485,@GloCare Is it true that I can get Free YouTube streaming on my current Data plan from 1am to 5am,"@681151 Yes , you can enjoy the free youtube with a data plan of N500 and above. From 1.00pm to 5.30pm. DA",2358287,0.5537160634994507,"@GloCare Good morning, pls if i subscribe for #2500 data, will i be able to stream free on YouTube between 1am and 5am","@800587 yes sir, you will be able to do so ~ OO",2886816,0.6054460406303406,@GloCare Is it true that the 4gb plan for 1k come with free YouTube data for streaming and around what time does it work?,@295737 You can access YouTube between 1.am and 5.am. CA,2443677
2812719,"@GloCare Yeah, but will the extension retain the unused data and take it over to the next month?",data_plan_issue,"@GloCare Does your data plans rollover data? If I don't finish my data in 30 days, does it roll over to the next month? Or it gets wiped","@120252 Hell Tolulade, All you need do is resubscribe before  the plan expires to extend your plan. UO",0.2792885920302629,2812720,2,0.5660010576248169,"@GloCare Does your data plans rollover data? If I don't finish my data in 30 days, does it roll over to the next month? Or it gets wiped","@120252 Hell Tolulade, All you need do is resubscribe before  the plan expires to extend your plan. UO",2812720,0.5660010576248169,"@GloCare Does your data plans rollover data? If I don't finish my data in 30 days, does it roll over to the next month? Or it gets wiped","@120252 Hell Tolulade, All you need do is resubscribe before  the plan expires to extend your plan. UO",2812720,0.594680666923523,@GloCare two weeks and still counting and yet our data will expire without extension as a result of your own fault.,@627532 We apologize for the delay. We crave your patience while the issue is being resolved. CA,2132611,0.6246118545532227,@GloCare and does it mean I won't b able to roll over my unused data to the next subscription?,"@412860 Sorry, if you don't exhaust the data before validity date, it will be wiped off. Thank you. SO",1248219
69361,"@GloCare just bought 1000 data and instead of 3.2gb I saw 1648mb on 07059556635 Wi-Fi modem, what's happening?",data_plan_issue,"@GloCare I subscribed for #1000 data which is 3.2gb, but i was given 1.6gb instead of 3.2gb. My number is 09055489757.","@522954 Hello Aina,you did not meet conditions for 100% data. Auto renew/re-subscribe within 3days after expiration to get 3.2gb otherwise 1.6gb. SO",0.2936063605758461,1801323,2,0.6033306121826172,@GloCare Further to our earlier discussions. I bought 1k data but wasn't given 4gb instead 3.2gb. Why?,@634315 We apologize.Kindly provide your number for checks.EE,2159635,0.6033306121826172,@GloCare Further to our earlier discussions. I bought 1k data but wasn't given 4gb instead 3.2gb. Why?,@634315 We apologize.Kindly provide your number for checks.EE,2159635,0.6057491302490234,"@117627 @GloCare I see that you have increased your data offer of 3GB to 4GB at N1,000. This would make sense if your internet network is faster than the speed of a snail. Credit for increasing your data offer, but you should also upgrade the quality of your internet network.","@743800 @117627 We appreciate the feedback.  Kindly send in the exact location (with landmarks),and number affected,for escalation. CA",2634616,0.6062993407249451,Hi @GloCare I subscribed for #200 data which is suppose to be 250mb. I only got 100mb. Why?,@647143 We apologize for any inconvenience you may have experienced. Kindly provide your number. Thank you. UO.,2697510
228170,"@GloCare I got a message that I should dial x100x6x1#,hope it wouldn't affect my package of #2500 for 10G data?",data_plan_issue,"@GloCare Yes if I migrate to gbam, will it not affect my 10G data if I load 2500#?","@170400 Johnson, please note that package migration does not affect subscribed data plan.  TT",0.2596710608125351,228169,2,0.7910095453262329,@GloCare I bought  #1000 data from your network with my number 08118877816 on Oct 20th and I was only given 1.6g,"@588030 Please note, with active  plan, or if data expired less than 3 days, line gets the full data bundle. Otherwise, the revised plan. TT",1986466,0.7910095453262329,@GloCare I bought  #1000 data from your network with my number 08118877816 on Oct 20th and I was only given 1.6g,"@588030 Please note, with active  plan, or if data expired less than 3 days, line gets the full data bundle. Otherwise, the revised plan. TT",1986466,0.8262601494789124,"@GloCare I subscribed for #1000 data which is 3.2gb, but i was given 1.6gb instead of 3.2gb. My number is 09055489757.","@522954 Hello Aina,you did not meet conditions for 100% data. Auto renew/re-subscribe within 3days after expiration to get 3.2gb otherwise 1.6gb. SO",1801323,0.8310642242431641,@GloCare I got SMS that I could get 4GB for N1000. I checked and it was actually listed in d glo monthly data. When I tried to subscribe for it I got 1.6GB instead. Number is 08071918096. Been trying to call customer care for 2 hours.,"@807933 Your data is pre activated. You need to activate your data plan first. APN-gloflat,username-flat,password-flat.  Kindly provide your device/phone type too. AP",2919070
1199678,No glo network since 6pm ...@GloCare what's up?,network_issue,@GloCare what's happening to glo network since morning is off,"@419753 Hello Rich, we empathize. May we have your number, error message, exact location, issue duration and device type? Revert via DM. SO",0.368071853151513,1920888,2,0.2528165280818939,@GloCare what's happening to glo network since morning is off,"@419753 Hello Rich, we empathize. May we have your number, error message, exact location, issue duration and device type? Revert via DM. SO",1920888,0.2528165280818939,@GloCare what's happening to glo network since morning is off,"@419753 Hello Rich, we empathize. May we have your number, error message, exact location, issue duration and device type? Revert via DM. SO",1920888,0.27536022663116455,"please I can't subscribe this morning, what is really happening to glo network? @GloCare",@773170 Morning Henry. We apologize. Network engineers are working to resolve the issue. Kindly be patient . TT,2764095,0.3184205889701843,@GloCare what’s happening with Glo network? I can’t make call since yesterday.,"@399852 Hello Nkanga, we empathize.Please provide your number, error message, exact location, issue duration and device type for assistance. SO",1190659
1732070,@GloCare good morning.. Why is my GLO network poor??? Since on Friday up till now showing me emergency call only. Pls. 08052515535,network_issue,"@GloCare Good day , Network service has been poor since last night up till now,please kindly fix it , thanks 🙏","@409275 We apologize.Kindly provide your number, device type, exact location and error response for a quick check . Thank you. ET",0.2902097233263363,2195558,2,0.3180401921272278,@GloCare for some weeks now the Glo network has been so poor when it comes to Internet services... Pls what is wrong,"@292544 We apologize for any inconvenience. Kindly provide your phone number, exact location, device type and error response so we can progress EE",720891,0.3180401921272278,@GloCare for some weeks now the Glo network has been so poor when it comes to Internet services... Pls what is wrong,"@292544 We apologize for any inconvenience. Kindly provide your phone number, exact location, device type and error response so we can progress EE",720891,0.4165639281272888,@GloCare my network has been very bad since the last 4days always showing emergency call or no service pls fix this,"@685968 Hello Biola, We sincerely apologize for the inconvenience. May we have your phone number and location? IQ",2380732,0.4202902615070343,"@GloCare please what is happening, for days now no Glo network in my area (Jega,  kebbi state)","@637147 We apologize for the inconvenience, our engineers are working on the issue.Kindly bear with us. Thank you.AP",2172644
2769400,@GloCare @170399 what sort of network is this? over 7hrs I've been trying to subscribe. network engineers have been working since 6am,data_plan_issue,@117627 @GloCare Been trying to load my data bundle since 6am to no avail. Are you guys experiencing some sort of network glitch? 08058380758 is the number,@280909 @117627 We sincerely apologize for the inconvenience. We are currently carrying out an upgrade.We implore you to please bear with us as soon we would be able to assist you. Kindly try again later. GA,0.4692252310044275,674691,2,0.5622214078903198,@GloCare Pls what is happening to your network nowadays  ?,@456814 Good evening Johnson. May we know the exact issue being experienced in order to offer assistance? ^GM,1518980,0.5622214078903198,@GloCare Pls what is happening to your network nowadays  ?,@456814 Good evening Johnson. May we know the exact issue being experienced in order to offer assistance? ^GM,1518980,0.5810722708702087,"@GloCare @117627 The network has been terrible for about a week now and all I hear is ""we are working on it""","@122576 @117627 We empathize. May we have your number, error message, exact location with landmarks, issue duration and device type? SO",29883,0.6213476657867432,@GloCare can I know why my network has been non-existent since Thursday????,"@679684 Hello Aditi, may we know what you are experiencing? DA",2351848
1210497,"@GloCare Network status? Worst! I Just replying 2 days later means, everything was shot down till last night, hope this last past 12 noon.",network_issue,@GloCare Last night,"@236388 We apologize,we are unable to check your line now. Our engineers are carrying out system upgrade. Kindly check back much later. Thank you.AP",0.3071076214341607,507061,2,0.46647149324417114,"@GloCare Unfortunately Network is down again.
This is truly unfortunate. No guarantee on glo networks!","@476124 Kindly provide your number,device type,error message,duration,location/landmark. Thank you. ET.",1686962,0.46647149324417114,"@GloCare Unfortunately Network is down again.
This is truly unfortunate. No guarantee on glo networks!","@476124 Kindly provide your number,device type,error message,duration,location/landmark. Thank you. ET.",1686962,0.46647149324417114,"@GloCare Unfortunately Network is down again.
This is truly unfortunate. No guarantee on glo networks!","@476124 We apologize for the inconvenience, our engineers are working on the issue. Thank you.",1686962,0.49814677238464355,No glo network since 6pm ...@GloCare what's up?,"@401880 Hello, we empathize with you. May we know the error message you get? PE",1199678
1833990,"Am I d only one ""enjoying"" ds very poor network from @117627? So terrible. @GloCare @145585",network_issue,@GloCare Very poor network in Olowora from 8am -10pm...its only okay at midnight,"@594592 Good morning Teerimz. We sincerely apologize for the inconveniences. The issue is being resolved. Please, bear with us. FA",0.2409003344448895,2010754,2,0.620657205581665,@GloCare @117627 Network is still bad.. very bad.,"@700201 @117627 Sincere apologies Skizzyyo. kindly provide your number, device type, exact location with landmark, error message, signal you can see and alternate number. AP",2441576,0.620657205581665,@GloCare @117627 Network is still bad.. very bad.,"@700201 @117627 Sincere apologies Skizzyyo. kindly provide your number, device type, exact location with landmark, error message, signal you can see and alternate number. AP",2441576,0.6482693552970886,@117627 @GloCare Why is your network always bad after 6 p.m?,"@585386 @117627 We apologize for any inconvenience. Kindly provide your phone number, exact location, device type and error response so we can progress UO.",1976818,0.6565716862678528,"goodbye 👋 to @117627 @GloCare poor network.. 4years of poor network is over today.
I brake up completely with Glo, the grand Master of poor network","@637146 @117627 We apologize for the inconvenience. Kindly provide your mobile number, error response, exact location with landmarks, LGA , alternate mobile number, issue duration and device type for assistance.  TT",2330333
1917354,@GloCare I have recharge but can't access my bonuses. Why?,bonus_or_promotion_issue,"@GloCare I have 400 bonuses but can't use it what is the problem with glo?
080110885639",@241944 May we know the error message you received? Kindly confirm your phone number. AP,0.2635056978096124,1917339,2,0.4050842523574829,@GloCare I recharged with my bank code but am not giving the 15% bonus,"@139865 Hello Laski, please provide your number for clarification. Thank you. SO",1057864,0.4050842523574829,@GloCare I recharged with my bank code but am not giving the 15% bonus,"@139865 Hello Laski, please provide your number for clarification. Thank you. SO",1057864,0.41552263498306274,@glocare why isn't 4 times recharge bonus working,@120254 It is working. AP,2132576,0.42950037121772766,@GloCare  I was to told to recharge to activate 200200 bonus credit  I did recharge and no bonus was given,@130980 Dial #122*23# to confirm your unlocked bonus. SO,65403
469794,"@GloCare i did not apply for any #service. Dear User, your billing for Glo Gamestore has failed due insufficient balance. Please recharge",unauthorized_charge_or_vas,"@GloCare Dear User, your billing for Glo Gamestore has failed due insufficient balance. Please recharge your account and try again",@222686 The service has been deactivated from your line. ET.,0.7664321071227865,453795,2,0.1936098039150238,"@GloCare Dear User, your billing for Glo Gamestore has failed due insufficient balance. Please recharge your account and try again",@222686 The service has been deactivated from your line. ET.,453795,0.1936098039150238,"@GloCare Dear User, your billing for Glo Gamestore has failed due insufficient balance. Please recharge your account and try again",@222686 The service has been deactivated from your line. ET.,453795,0.20912666618824005,"@GloCare @227840 Dear User, your billing for Glo Gamestore has failed due insufficient balance. Please recharge your account and try again, this is what I see and I didn't subscribe to this.",@268898 @227840 The service has been deactivated. Please send STOP to 2442. Thank you for your patience. AP,474019,0.5227504968643188,@GloCare I didn't subscribe to Glo Gamestore. pls stop the subscription and return my credit.,@201381 Send STOPimage or UNSUBimage to 6611 to deactivate the service. SO,2874389
1894596,@GloCare That's not what I have problem with please. Fix this deductions thing.,unauthorized_charge_or_vas,@GloCare 08053772444 please fix up,"@147263 We apologize for any inconvenience you may have experienced. The complaint has been escalated and deactivated  
Please send STOP to 2442. Thank you for your patience. UO",0.2769552973838041,138703,2,0.3292488157749176,@GloCare Please do something about this problem of deductions,@136527 Hello Aminu kindly provide your mobile number for assistance with the issue reported.  TT,1206714,0.3292488157749176,@GloCare Please do something about this problem of deductions,@136527 Hello Aminu kindly provide your mobile number for assistance with the issue reported.  TT,1206714,0.40294981002807617,@GloCare but one things remains. I am a victim of unsolicited deductions. Please deactivate all deductions on 0815699716,"@329777 Good evening, we empathize, number not correct. Please dial 777*# to know number. SG",883415,0.4495578408241272,"@GloCare Hello,please check my glo line,I have  unnoticed deductions,thank you, 08076957315.","@388718 Hello Edu, charged N50 for caller tune service. Thank you. SO",1141600
988312,"@GloCare haba, my glo 4g lte wanna kill me this month since i subscribed. It doesnt go again, im tired pls help 😩😭😭😭",data_issue,"@GloCare im trying to get the bonus on my existing glo number but its not going through ,,pls help me i wanna benefit from this bonus ,, thanks","@135259 Hello Akorede, may we have your number for clarification? SO",0.1751969235092658,89010,0,0.5876451134681702,@GloCare pls my glo subscription isn't working it keeps sending me this https://t.co/MXX7v5E6UL,@773721 Morning Paschal. We apologize. Network engineers are working to resolve the issue. Kindly be patient . TT,2766744,0.5876451134681702,@GloCare pls my glo subscription isn't working it keeps sending me this https://t.co/MXX7v5E6UL,@773721 Morning Paschal. We apologize. Network engineers are working to resolve the issue. Kindly be patient . TT,2766744,0.6126656532287598,@GloCare And my 4g signal keeps going off intermittently..... Aaah! 😡,"@526572 We apologize for any inconvenience. Kindly provide your phone number, exact location, device type 
and error response so we can progress UO.",1746629,0.6275398135185242,@GloCare please whats your 4G help line?,"@153134 Hello Papi, please dial 400 help desk  for 4G  assistance.  TT",161005
883415,@GloCare but one things remains. I am a victim of unsolicited deductions. Please deactivate all deductions on 0815699716,unauthorized_charge_or_vas,@GloCare I topped up 1000 airtime and 105+ was deducted reason(s) unknown to me. Please deactivate all deductions on 2348156997716,"@329777 Charged for voice alert service, 77022. Thanks. SG",0.3733423199381545,883414,2,0.3154059052467346,@GloCare Please can you help me to deactivate this finally so that this won't re-occure again. I don't want all these unreasonable deductions again!!,@190742 The complaint has been escalated and deactivated. Thank you for your patience. AP,312952,0.3154059052467346,@GloCare Please can you help me to deactivate this finally so that this won't re-occure again. I don't want all these unreasonable deductions again!!,@190742 The complaint has been escalated and deactivated. Thank you for your patience. AP,312952,0.33656346797943115,@GloCare @186581 Please how can I stop unnecessary deductions in my account. This is becoming unbearable. My number is 08113924290,"@139876 @186581 We apologize for the inconvenience,our engineers are carrying out system upgrade. Kindly check back much later. Thank you.AP",676540,0.33804088830947876,Hi @glocare @117627 Pls an unwarranted deduction is been made on my account 08051206329. Kindly look into it,"@280422 @117627 Hello Peter, the line subscribed to a VAS that is now cancelled. Send STOP  to 2442 for full VAS DND.  Stay Unlimited.  TT",2717670
46773,@GloCare As a matter of fact I didn't download any song So please deactivate any caller tunes and VAS or song as a matter of urgency .thanks,unauthorized_charge_or_vas,@GloCare wrote a national song for Nigeria. Its a peace song.I want Glo to be the sponsor of the song.Am Bernard eniyome,"@119035 .......or send soft copy to __email__

SG",0.3037887038382014,1971123,0,0.46896082162857056,@GloCare what of caller tunes I didn't suscribe for any thing on this line only data!pls deactivate everything TT pls! Thanks again,@126397 The Caller Tune service has been deactivated.  Stay Unlimited!  TT,46771,0.46896082162857056,@GloCare what of caller tunes I didn't suscribe for any thing on this line only data!pls deactivate everything TT pls! Thanks again,@126397 The Caller Tune service has been deactivated.  Stay Unlimited!  TT,46771,0.5211796164512634,@GloCare Can you guys please cancel the caller tunes that I don't remember signing up for. Thank you.,"@266527 Hello Nerdy, please text DEREG to 7728 to deactivate the service. Thank you. SO",617530,0.5270887613296509,"@GloCare I don't need caller tunes service too...

Pls deactivate as well","@404972 Hello Akomolafe, please text DEREG to 7728 to deactivate caller tune service. Thank you. SO",1214229
2414019,@GloCare Please can i know the meaning of DND list,account_or_general_support,@GloCare please what's the meaning of DND list.,"@199051 Morning Zeus, DND means - Do Not Disturb.  TT",0.7642648129848136,348900,2,0.022813184186816216,@GloCare please what's the meaning of DND list.,"@199051 Morning Zeus, DND means - Do Not Disturb.  TT",348900,0.022813184186816216,@GloCare please what's the meaning of DND list.,"@199051 Morning Zeus, DND means - Do Not Disturb.  TT",348900,0.34330934286117554,@GloCare What is DND?,"@165599 Good morning, DND= Do not Disturb. Deactivation of unsolicited services. Thank you. SO",209517,0.8556826114654541,@GloCare I have gotten a reply from 2442 that full DND is now active on my line. Thank you.,@206559 You are welcome. UO,381892
2685770,@GloCare hi would like to deactivate my glo camp-boost plan,data_plan_issue,"@GloCare please would like to deactivate my campus boost plan, what's the code?",@433350 Good afternoon Kelvin. Kindly send a mail to __email__ stating you want to forfeit your data plan. FA,0.6155216215795558,1370596,2,0.42554396390914917,"@GloCare please would like to deactivate my campus boost plan, what's the code?",@433350 Good afternoon Kelvin. Kindly send a mail to __email__ stating you want to forfeit your data plan. FA,1370596,0.42554396390914917,"@GloCare please would like to deactivate my campus boost plan, what's the code?",@433350 Good afternoon Kelvin. Kindly send a mail to __email__ stating you want to forfeit your data plan. FA,1370596,0.5588011741638184,@glocare please how can I reactivate my deactivated glo sim,"@288114 To replace or reactivate your SIM, you need to visit any Gloworld/Glo zone outlet with a valid means of identification, at least N100 and the sim pack,with 5 frequently dialed numbers.Where the SIM pack is unavailable, an affidavit attesting to the ownership must be provided. AP",703670,0.5861567258834839,"@GloCare my Glo SIM has been deactivated. Please, how can I reactivate it asap.","@803848 Good evening. To replace/retrieve your deactivate SIM, you need to visit any Gloworld/Glo zone outlet with a valid means of identification, at least N100 and the sim pack,with 5 frequently dialed numbers .^GM",2902287
1157088,@GloCare pls i want to remove a no. From glo gifting how do i do that,data_plan_issue,"@GloCare pls i want to tranfer credit frm my glo line, hw do i do dat",@574883 Hello Kafilah. Dial *131*Number*Amount* PIN# to share credit. To change PIN dial *132*00000*New PIN*New PIN# Default PIN is 00000. TT,0.4060773961608644,1931843,0,0.7669403553009033,@GloCare Thank you. And how can i easily remove the numbers.?,@130987 Kindly dial *127*02*Number# to remove lines sharing data with you.  TT,918863,0.7669403553009033,@GloCare Thank you. And how can i easily remove the numbers.?,@130987 Kindly dial *127*02*Number# to remove lines sharing data with you.  TT,918863,0.7728442549705505,@GloCare Okk then How can I remove numbers I added?,@350033 Dial *127*02*[friend’s number]# OR Send “Remove [friend’s number]” to 127. Thank you. SO,969044,0.810197114944458,@GloCare Please GLO remove me from this nuisance.,"@403528 Evening Chima, kindly provide your mobile number for assistance to cancel the VAS.  TT",1207511
33122,"@GloCare please where can I locate glo office near University of Ibadan environs.
Need to retrieve my lost sim card ASAP. Thanks",sim_or_device_issue,"@GloCare ,I've sworn an affidavit but somehow misplace it, though I have the copies,can I go with it to retrieve my lost sim card. Thks","@161788 Good morning, please with the document for clarification. Thank you. SO",0.3138559528525831,194826,2,0.5776581764221191,"@GloCare @117627 the glo line on 12th November 2015 @ glo office in Adeniran Ogunsanya surulere, I lost the Sim card and also the pack","@171018 @117627 Please visit the Gloworld shop with frequently dialed number list, valid ID and a sworn affidavit for SIM replacement assistance.  TT",428017,0.5776581764221191,"@GloCare @117627 the glo line on 12th November 2015 @ glo office in Adeniran Ogunsanya surulere, I lost the Sim card and also the pack","@171018 @117627 Please visit the Gloworld shop with frequently dialed number list, valid ID and a sworn affidavit for SIM replacement assistance.  TT",428017,0.6270236968994141,"@GloCare do you have a Glo office in Ile-Ife Osun state? If yes, how can I locate the place? I need a Glo LTE 4G sim. Thanks","@282709 We have an outlet at  71, Along Ibadan- Ife Rd. Opposite POPLAT Filling Station, Mayfair Round About, Ile-Ife, Osun State. CA",2742343,0.6312017440795898,@glocare i was @ glo office kaduna to activate my new glo sim but its telling me 'sim card registration failed'. What do i do next?,@176477 We apologize for any inconvenience you may have experienced. Kindly provide your number. Thank you. UO.,254439
1123739,"@GloCare I rchrgd N500 wt *323*PIN# bt none of my accts ws credited, made 2 kols to 121 yet not credited abt 7hrs now. 08050597950.",recharge_or_airtime_issue,@GloCare hi. I loaded 2 N500 pins normally. I then loaded another N500 pin with the code *323*pin# without success but I wasn't credited.,"@171566 Good morning, may we have your number and card serial number via DM for clarification. Thank you. SO",0.2750744296300184,233413,2,0.7048190832138062,@GloCare my line has not been credited&amp; my acct has bn debited 4an e-top up. 09055101935,"@369212 Good afternoon, please confirm the amount recharged, date and platform used. Thank you. SO",1054697,0.7048190832138062,@GloCare my line has not been credited&amp; my acct has bn debited 4an e-top up. 09055101935,"@369212 Good afternoon, please confirm the amount recharged, date and platform used. Thank you. SO",1054697,0.7740650773048401,@GloCare My main acct has jst been credited w/ N500. Thanks anyway.,@385001 you are welcome,1123722,0.7899882793426514,@GloCare Hello. My accts have nt been credited up till now. Kindly advise further.,"@385001 Hello Luck, kindly provide the recharge card serial number anf state the time of the transaction for assistance.  TT",1123736
2121921,What are the requirements for retrieving a lost sim @GloCare,sim_or_device_issue,@GloCare I lost my glo sim card.  What are the requirements for a welcome back.,"@688258 The SIM pack or other evidence of direct purchase/ownership of the SIM must be provided and where it is unavailable, an affidavit attesting to the ownership and loss of the SIM must be provided.Thank you.EE",0.5685067175470042,2388775,2,0.4004875421524048,"@GloCare pls i want to retrieve my damaged glo sim. How do i go about it.

Thanks","@596711 Kindly visit any Gloworld/Glo zone outlet with a valid means of identification,at least N100 &amp; sim pack,with 5 frequently dialed numbers. AP",2032272,0.4004875421524048,"@GloCare pls i want to retrieve my damaged glo sim. How do i go about it.

Thanks","@596711 Kindly visit any Gloworld/Glo zone outlet with a valid means of identification,at least N100 &amp; sim pack,with 5 frequently dialed numbers. AP",2032272,0.4636399745941162,@GloCare I lost my glo sim card.  What are the requirements for a welcome back.,"@688258 The SIM pack or other evidence of direct purchase/ownership of the SIM must be provided and where it is unavailable, an affidavit attesting to the ownership and loss of the SIM must be provided.Thank you.EE",2388775,0.4636399745941162,@GloCare I lost my glo sim card.  What are the requirements for a welcome back.,"@688258 To replace/retrieve your SIM, you need to visit any Gloworld/Glo zone outlet with a valid means of identification, at least N100 and the sim pack,with 5 frequently dialed numbers.",2388775
20402,@GloCare *123*pin#,recharge_or_airtime_issue,@GloCare *123*,"@443222 You recharged 100, 200 and 500 naira cards at  4:39pm, 4:41pm and 4:42 pm respectively.They were loaded,kindly check your balance again. AP",0.7085505553459195,2231276,2,0.4233415424823761,@GloCare *123*,"@443222 You recharged 100, 200 and 500 naira cards at  4:39pm, 4:41pm and 4:42 pm respectively.They were loaded,kindly check your balance again. AP",2231276,0.4233415424823761,@GloCare *123*,"@443222 You recharged 100, 200 and 500 naira cards at  4:39pm, 4:41pm and 4:42 pm respectively.They were loaded,kindly check your balance again. AP",2231276,0.5348309278488159,@GloCare *303#,@207996 The line has 100MB data subscribe with the code dialed. Dial *127*0# to check data balance.  TT,388786,0.6004990935325623,@GloCare *123*card pin #  I'm not a new customer. Have been using glo since 2005. 12years and you turn me down with bad network and attitude,@241369 Kindly provide the serial number of the recharge card and also any other code you may have used apart from the *123*. Thank You. GA,526057
347136,"@GloCare i went to ur office to change my sim to Nano sim, after presenting my sim n idcard, d lady there said I mst bring an affidavit",sim_or_device_issue,@GloCare how do I change my sim to 4glit,"@367835 Good morning, please visit any Gloworld with the sim for swap to 4G sim. N100 for sim swap. Thank you. SO",0.3759247548502447,1048682,1,0.5692307949066162,"@GloCare A sworn Affidavit. That's all i require to change the name and retrieve my sim, right?",@356819 ...and a valid ID card. CA,1000280,0.5692307949066162,"@GloCare A sworn Affidavit. That's all i require to change the name and retrieve my sim, right?",@356819 ...and a valid ID card. CA,1000280,0.7269837260246277,"@GloCare I shud provide affidavit bcos of sim pack? What's d essence of the registration then? I have my sim with me, its not lik the sim is missing","@198670 Morning NK, we apologize. That is the mandated process by regulators for SIM replacement.  TT",347137,0.746001124382019,"@GloCare ,I've sworn an affidavit but somehow misplace it, though I have the copies,can I go with it to retrieve my lost sim card. Thks","@161788 Good morning, please with the document for clarification. Thank you. SO",194826
2717684,"@GloCare I don't have the Sim pack but, I have a valid ID",sim_or_device_issue,"@GloCare i don't have the sim pack anymore, what do i do?",@495409 Tunde you will be required to provide a police report and a sworn affidavit to get the SIM replaced.,0.5216086070056714,1615273,2,0.4048788845539093,@GloCare I can't find my Sim pack,"@151446 For SIM replacement , please visit the nearest Gloworld with N100, sim certificate and valid identity card. Please note that you need the sim pack to replace the line. If you do not have it. Please get a sworn affidavit.  UO",1114459,0.4048788845539093,@GloCare I can't find my Sim pack,"@151446 For SIM replacement , please visit the nearest Gloworld with N100, sim certificate and valid identity card. Please note that you need the sim pack to replace the line. If you do not have it. Please get a sworn affidavit.  UO",1114459,0.5038020610809326,"@117627 @GloCare I need to confirm the sim, please check","@233526 @117627 Evening, the line is on a 4G SIM. Stay Unlimited!  TT",507051,0.5064333081245422,@GloCare Thanks for your response. Please what if I can't find the sim pack?,"@649105 Where the SIM pack is unavailable, an affidavit attesting to the ownership and loss of the SIM must be provided. AP",2222637
1123768,"@GloCare Please, I want to complain about the poor service in my area. If I put on 3G service it shows emergency calls only.  PLEASE HELP!",network_issue,"@GloCare good morning team, just to complain about poor data network in my area ""Cameroon Street, Mushin LGA, Lagos State","@130986 We apologize for the inconvenience. Kindly provide your mobile number, error response, exact location with landmarks, LGA , alternate mobile number, issue duration and device type for assistance. TT",0.2329781260337469,65467,2,0.5102402567863464,@117627 @GloCare unable to connect to 3g network when I switched to 3g it show emergency calls only...   Pls help ASAP,"@242700 @117627 Sincere apologies, may we have the affected number, device type, error message and location for checks? GA",529818,0.5102402567863464,@117627 @GloCare unable to connect to 3g network when I switched to 3g it show emergency calls only...   Pls help ASAP,"@242700 @117627 Sincere apologies, may we have the affected number, device type, error message and location for checks? GA",529818,0.5824880599975586,@GloCare The when the glo network is turned to 3g it always shows emergency calls only. the 2g network cant even load https://t.co/Y1BPwp9ggS,"@153133 Morning  Aigbona, we apologize for the experience. Network engineers are working to resolve the issue. Kindly be patient. TT",1123763,0.6012511849403381,"@GloCare I have called 3G helpline for the 3rd time now, 3G in my area been down for 2days. Pls I can't be going about looking for network","@429558 Sincere apologies, kindly provide your phone number, exact location, device type and error response so we can progress. Thank you. AA",1326723
94526,@GloCare Glo charges me 0.24 per secs same network cos I called glo line for 5 secs and was charged 1.2 /5secs =0.24 x60 =N14. 4 per min.,voice_or_line_issue,"@GloCare I made 38 secs called and was charged about N7 to another network 
made then 2mins 15secs and was charged N28","@136527 Morning Aminu, billing rate on your line is okay with respect to Gbam Plus package.  TT",0.3584133458221505,94528,2,0.6128767728805542,"@GloCare I made 38 secs called and was charged about N7 to another network 
made then 2mins 15secs and was charged N28","@136527 Morning Aminu, billing rate on your line is okay with respect to Gbam Plus package.  TT",94528,0.6128767728805542,"@GloCare I made 38 secs called and was charged about N7 to another network 
made then 2mins 15secs and was charged N28","@136527 Morning Aminu, billing rate on your line is okay with respect to Gbam Plus package.  TT",94528,0.7440323233604431,"@GloCare pls I'm being charged 22k/sec instead of 20k, what is d reason for this? Number is 08056744368","@165598 Hello, line check chow you are currently on the infinto plan and you are charged at 22k. Please visit https://t.co/2IqthK0VYi. UO",1744729,0.763445258140564,@GloCare What is the call rate/sec on Glo jumbo package? Your timely response is highly appreciated.,"@618465 Good evening, Calls from Main account is charged at 38k/s
•Bonus account is charged- 80k/s
•SMS is charged at N4. AP",2093038
2330459,@GloCare Kindly help deactivate auto renewal on my line. I have tried to do so via text messages it wasn't going. My phone no: 08056341036,data_plan_issue,@GloCare kindly help me to cancel auto renewal on my phone number 08056341036 ASAP,"@419756 Hello Olasunkanmi, please text cancel to 127 to deactivate hsi data plan auto renewal on the line. Thank you. SO",0.4095836151147189,1281110,2,0.2966662347316742,@GloCare kindly help me to cancel auto renewal on my phone number 08056341036 ASAP,"@419756 Hello Olasunkanmi, please text cancel to 127 to deactivate hsi data plan auto renewal on the line. Thank you. SO",1281110,0.2966662347316742,@GloCare kindly help me to cancel auto renewal on my phone number 08056341036 ASAP,"@419756 Hello Olasunkanmi, please text cancel to 127 to deactivate hsi data plan auto renewal on the line. Thank you. SO",1281110,0.3242522180080414,"@GloCare Hello, I want to deactivate auto renewal on my phone number 08056341036 so as to upgrade to the next package ASAP","@419756 Hello Olasunkanmi, please send cancel to 127 while plan is still active to deactivate your data auto renewal status. DA",2330458,0.34202829003334045,@GloCare Please check your DM  and please how   can I stop auto renewal subscription,@142132 Kindly send cancel to 127 while plan is still active first to cancel auto renewal. Thank you. AP,2553558
1199689,"@GloCare Your call cannot be completed at the moment, please try again later",voice_or_line_issue,"@GloCare Token cannot be generated at this moment please try again ,since yesterday","@691334 Morning, we suggest you contact your financial institution for assistance.  TT",0.5419125760773046,2723661,0,0.3799212574958801,"@117627 @GloCare Cant call, cant recieve","@700201 @117627 Please send in exact location,and affected number, for escalation. CA",2441574,0.3799212574958801,"@117627 @GloCare Cant call, cant recieve","@700201 @117627 Please send in exact location,and affected number, for escalation. CA",2441574,0.4010717272758484,@GloCare can't make calls with my line since yesterday 07058755836. Pls resolve the issue,"@511611 Hello Victor, we apologize for the inconveniences experienced.The issue is being worked on, will be resolved shortly.Please bear with us. SO",1884811,0.41302114725112915,"@GloCare dialled it but not getting any tangible response, your request is under processing",@130980 You migrated 2 days ago. You need to recharge to unlock the bonus. SO,65405
2092984,@GloCare pls my line got blocked while trying to input my code,sim_or_device_issue,@GloCare Pls,"@181727 Morning Samuel, the deductions on the line are for subscribed VAS services.  TT",0.3039017178054141,275089,0,0.5037223100662231,I'm having issues with my line @GloCare,@442531 We apologize for any inconvenience you may have experienced. Please describe the exact difficulty. Thank you. UO.,1386016,0.5037223100662231,I'm having issues with my line @GloCare,@442531 We apologize for any inconvenience you may have experienced. Please describe the exact difficulty. Thank you. UO.,1386016,0.5252400636672974,@GloCare i should load my line and try again?,@122460 Please do and revert with feedback. Thank you.  TT,1371046,0.5531622171401978,@GloCare The line is still blocked,"@122206 We apologize, the Issue  is been worked on .EE",28350
1266230,"@GloCare I don't want messages about recharge to get bonus etc, it comes in every morning and it's really disturbing",unauthorized_charge_or_vas,@GloCare Pls how do I recharge to get 4x of the airtime?,@690467 Good afternoon Kazeem. Kindly dial *323*PIN#. FA,0.2000308702484788,2399517,0,0.5845032930374146,Dear @GloCare please stop sending me 3/4 different messages to prompt a single recharge....it doesn't show efficient customer service.,@706393 Sincere apologies. Kindly send STOP to 2442 to stop unsolicited sms and calls advertising any VAS service alerts. GA,2469264,0.5845032930374146,Dear @GloCare please stop sending me 3/4 different messages to prompt a single recharge....it doesn't show efficient customer service.,@706393 Sincere apologies. Kindly send STOP to 2442 to stop unsolicited sms and calls advertising any VAS service alerts. GA,2469264,0.7025657892227173,"@GloCare Dear Sir/madam my recharges is being siphoned from my mom's GLO line 07053245379.
Kindly stop this.

Thanks in Anticipation.","@384754 we apologize, we have forwarded the complaint to the appropriate team and it will be rectified shortly ~ OO",1122569,0.717320442199707,"@GloCare please I've been trying to recharge, but a message of ""sorry you don't have access to your account"" keeps showing.","@207995 Afternoon Shewa, we apologize. Please dial 123 and follow the prompt to recharge.  TT",388781
1016172,@GloCare I'm having issues recharging my glo line. I need help pls,recharge_or_airtime_issue,@GloCare pls help having issues recharging my line.,"@562347 Good morning, we apologize for the inconveniences experienced.The issue is being worked on, will be resolved shortly.Please bear with us. SO",0.554992150996894,1884716,2,0.17532037198543549,@GloCare I can't recharge my glo line. Kindly respond to my messages,"@367860, to recharge, pls dial 123 and follow the voice instructions to recharge. Thank you",1048767,0.17532037198543549,@GloCare I can't recharge my glo line. Kindly respond to my messages,"@367860, to recharge, pls dial 123 and follow the voice instructions to recharge. Thank you",1048767,0.18564918637275696,@GloCare pls help having issues recharging my line.,"@562347 Good morning, we apologize for the inconveniences experienced.The issue is being worked on, will be resolved shortly.Please bear with us. SO",1884716,0.2555381655693054,Having problems recharging my line @GloCare Wassup,"@120454 Morning Lanre, may we know if you have been able to  recharged successfully?  TT",1190632
304494,@GloCare I currently do not have sufficient credit to make the call,voice_or_line_issue,"@GloCare 08116679540, you currently do not have sufficient credit to call this number... Tecno wx3. Ibadan, ring road",@337685 Please check your balance again. There is no sufficient balance. Thank you. SO,0.5436953099562817,916910,2,0.29289138317108154,@GloCare for god sakes I've not been able to make any call for 2 days! Keeps saying I have insufficient credit. What the hell ?!,"@654883 We apologize.Kindly provide your number, device type, exact location and error response for a quick check . Thank you. AP",2247216,0.29289138317108154,@GloCare for god sakes I've not been able to make any call for 2 days! Keeps saying I have insufficient credit. What the hell ?!,"@654883 We apologize.Kindly provide your number, device type, exact location and error response for a quick check . Thank you. AP",2247216,0.36496371030807495,@GloCare 0805 498 3236 that's my number I have not been able to use credit to make calls,"@481004 Morning.We apologize.Kindly provide device type, exact location and error response for a quick check . Thank you. AP",2605165,0.38597404956817627,@GloCare You don't have enough money to make this call. That's what I get.,@634315 We apologize. Issue has been escalated to our technical unit for assistance. Thank you. SO,2159641
2330443,"Hello @gloCare 
I don't receive SMS on my line. Please kindly correct",voice_or_line_issue,@GloCare I no longer receive sms on my phone. How can I rectify this?,@723115 Good afternoon Makcit. We apologize for the inconveniences. Kindly try the SIM in a different cellphone. Thank you. FA,0.3450369203810491,2543713,2,0.3319338262081146,@GloCare I have not been able to receive phone calls and send sms on my line for a while now,"@571833 Hello Dimeji, we empathize. Please restart the device or try sim in another device. Revert via DM with the number if issue persists. SO",1920846,0.3319338262081146,@GloCare I have not been able to receive phone calls and send sms on my line for a while now,"@571833 Hello Dimeji, we empathize. Please restart the device or try sim in another device. Revert via DM with the number if issue persists. SO",1920846,0.3589721918106079,"@GloCare please I can't send SMS on my glo line, follow back I need to dm.","@384760 Okay, we will. AP",2563704,0.37749969959259033,@GloCare so kindly explain why it's my fault that I didn't get any sms especially  when I was supposed  to get it.,"@165651 Good morning, sorry welcome-back bonus will not be credited, if you did not get the message before recharging. Thank you. SO",209885
1518982,@GloCare please kindly deactivate the Auto borrow me on dis line 07057946656 up,recharge_or_airtime_issue,@GloCare please I need to deactivate auto borrow.... why am I unable to do so? 08153882782,"@207618 Hello-vaiz, To cancel auto borrow, please dial *321*9*12#. Thank you. UO.",0.2612724339502867,387013,2,0.16683466732501984,@GloCare please I need to deactivate auto borrow.... why am I unable to do so? 08153882782,"@207618 Hello-vaiz, To cancel auto borrow, please dial *321*9*12#. Thank you. UO.",387013,0.16683466732501984,@GloCare please I need to deactivate auto borrow.... why am I unable to do so? 08153882782,"@207618 Hello-vaiz, To cancel auto borrow, please dial *321*9*12#. Thank you. UO.",387013,0.31519049406051636,"@GloCare good morning,there is auto borrow on my glo line and I wish to deactive it .08118881658","@283311 Please dial the short code *321# and select Auto Borrow. Upon selecting Auto Borrow, you will get the response; ""You are already subscribed to Auto Borrow. To unsubscribe reply 2"". Once you reply with 2, the response ""You have been unsubscribed from Auto Borrow"" will be sent. GA",684259,0.5732836723327637,"@GloCare Glo my line keeps doing borrow me credit on its own,  how do I deactivate that stuff",@740227 Kindly dial *321*9*12# to deactivate auto borrow. CA,443617
424203,@GloCare @215975 Please unsubscribe entertainment factory on my line 0905 585 8471.,unauthorized_charge_or_vas,@GloCare kindly deactivate entertainment factory on this line 08054695339.Thanks.,@215975 Kindly send STOP to 55357.Thank you.,0.4292544126954327,424210,2,0.1563487946987152,@GloCare kindly unsubscribe 08050456720 from Entertainment Factory (55357),"@308421 Good afternoon, please text STOP to 55357 to deactivate the service. Thank you. SO",790131,0.1563487946987152,@GloCare kindly unsubscribe 08050456720 from Entertainment Factory (55357),"@308421 Good afternoon, please text STOP to 55357 to deactivate the service. Thank you. SO",790131,0.2134004682302475,@GloCare  09058741659 kindly unsubscribe my number from entertainment factory I hate it......,@747767 The service has been deactivated. You may want to send STOP to 2442. This will add your number to the DND list. CA,2651149,0.2436288297176361,@GloCare please kindly unsubscribe as soon as possible entertainment Factory club on this line 07054858757. Thanks,@443670 Good morning Lawal. Kindly text STOP to 55357  and 2442. FA,1391665
1632844,@GloCare .THIS is sad cause am thinking of changing my line. not fair . What's happening wit ur network .,network_issue,@GloCare what's happening to ur network.,"@165612 Morning Danny, may we know the exact issue being experienced at your location to offer you assistance? TT",0.2915715900143987,1992665,2,0.391323983669281,@GloCare what's happening to ur network.,"@165612 Morning Danny, may we know the exact issue being experienced at your location to offer you assistance? TT",1992665,0.391323983669281,@GloCare what's happening to ur network.,"@165612 Morning Danny, may we know the exact issue being experienced at your location to offer you assistance? TT",1992665,0.4581149220466614,"@GloCare your network is terrible, fix up.","@404148 Helo Murna, may we know the exact issue being experienced at your location to offer you assistance? TT",1210514,0.45894479751586914,@GloCare Your network is bad. You are trying to push blame. Please work on your network,@165610 We apologize for any inconvenience you may have experienced. Please describe the exact difficulty. Thank you. UO.,209582
65411,@GloCare u guys wee just be deducting 1s money and if u now call u wee start hearing..u subscribed for certain plans... Issa lie o,unauthorized_charge_or_vas,Pls oh I didn’t sub for anything oh. You guys will just be deducting someone’s airtime haba. @GloCare https://t.co/nveOqC2suk,"@280910 we apologize, may we know your number so we assist? OO",0.2310968844108941,1936666,2,0.6212266683578491,@GloCare as usual you will still deduct my money after som time.u will always unsubscribe&amp;do other wise later.I will break off this sim soon,@126397 Peter please send  STOP to 55060 to deactivate the VAS. You may send STOP to 2442 for full VAS DND.  Thank you.  TT,606551,0.6212266683578491,@GloCare as usual you will still deduct my money after som time.u will always unsubscribe&amp;do other wise later.I will break off this sim soon,@126397 Peter please send  STOP to 55060 to deactivate the VAS. You may send STOP to 2442 for full VAS DND.  Thank you.  TT,606551,0.6844318509101868,"Pls @117626 I want 2 call ur attention 2 hw @GloCare Ave been deductin money 4rm my line 4 no reason, it is becomin unbearable","@165596 @117626 Hello Oladimeji, sincere apologies, may we have your number for checks? Thank you. AA",2075031,0.6893344521522522,@GloCare Any time I by card on my phone the following day they will take money without no reason,"@740854 May we have your number,so we may verify that. Thank you. CA",443618
2715647,"@GloCare 3days old sim wit N400, plus bonus and jumbo. Only about 10mins call. No SMS, no internet. Calculate it",sim_or_device_issue,"@GloCare I bought a new glo jumbo sim 3days ago, loaded N400, I only made 10mins call &amp; all balance + bonus &amp; jumbo 200k wiped out, can I get my money back?","@762314 Good Morning, Calls from Main account is charged at 38k/s
• Bonus account is charged- 80k/s
• SMS is charged at N4. AP",0.3152993947806319,2715648,1,0.5956156849861145,"@GloCare  my no is 08118101301
I had a bonus of #2500 on my Jumbo Sim, and #500 as my main balance, made a 20 mins call on my to a glo line","@139859 Kindly note that you can not call other networks and numbers in your friends and family package with the bonus,bonus is meant for glo to glo calls only. AP",111183,0.5956156849861145,"@GloCare  my no is 08118101301
I had a bonus of #2500 on my Jumbo Sim, and #500 as my main balance, made a 20 mins call on my to a glo line","@139859 Kindly note that you can not call other networks and numbers in your friends and family package with the bonus,bonus is meant for glo to glo calls only. AP",111183,0.6400902271270752,@GloCare please how much is being charged per second when a customer makes a call from his main account on the jumbo sim?,"@584205 Hello  Osman, 
Calls from Main a/c-38k/s,  Bonus a/c- 80k/s, SMS- N4
Thank you. UO",1972400,0.6528014540672302,Hi @GloCare @117627. My sim is not making or receiving calls and text messages.,"@562373 @117627 Hello Adeola, we apologize for the inconveniences experienced.The issue is being worked on, will be resolved shortly.Please bear with us. SO",1884807
1855757,"@GloCare seems you guys now run shift with a data service I paid for. At night no network, in the morning it shows face.",data_issue,What is wrong with @glocare at night?? Why does the network go off at night,"@173473 Good morning. May I know the exact location of occurrence and how long its being this way,as well your number? ^GM",0.2125325790445058,1831504,2,0.7874802350997925,"@GloCare What is your problem? How can I subscribe to your network and not have access to your data service? Just so you know, its been like this all day.",@374580 Good evening. We offer our apologies about this.May we have your number and the location of this occurrence? ^GM,2902282,0.7874802350997925,"@GloCare What is your problem? How can I subscribe to your network and not have access to your data service? Just so you know, its been like this all day.",@374580 Good evening. We offer our apologies about this.May we have your number and the location of this occurrence? ^GM,2902282,0.8394674062728882,"@GloCare, Hi,  I subscribed for data and for the whole month there's been no network...  What happened to my unused   data?  Haba!!!","@410276 Morning, kindly provide your mobile number and also state your location. Thank you.  TT",1258140,0.8582891821861267,@GloCare can I know why my network has been non-existent since Thursday????,"@679684 Hello Aditi, may we know what you are experiencing? DA",2351848
2218246,"@GloCare please guys, data browsing just stopped at egbeda/idimu/ikotun area . Alimosho Lagos. Full network bars but no browsing",data_issue,"@GloCare hello guys , please browsing is not working here at egbeda/idimu/ikotun axis of Lagos. Please do somthing about it .","@343861 Hello Julius, we apologize. We are aware of the issue and the network engineers are working to resolve it. Kindly be patient. TT",0.3150051708677585,2330575,2,0.4416460692882538,"@GloCare hello guys , please browsing is not working here at egbeda/idimu/ikotun axis of Lagos. Please do somthing about it .","@343861 Hello Julius, we apologize. We are aware of the issue and the network engineers are working to resolve it. Kindly be patient. TT",2330575,0.4416460692882538,"@GloCare hello guys , please browsing is not working here at egbeda/idimu/ikotun axis of Lagos. Please do somthing about it .","@343861 Hello Julius, we apologize. We are aware of the issue and the network engineers are working to resolve it. Kindly be patient. TT",2330575,0.5974853038787842,"@GloCare hello , please data network is absolutely in stand still at egbeda/ikotun area of Lagos state. Please do your magic and correct it","@343861 Afternoon Julius, we apologize for the inconvenience. Our engineers are working to resolve the issue. Please be patient.  TT",2211983,0.6038731336593628,@GloCare ur data service at Lagos island is terrible. I can't browse since morning,"@233522 We apologize. May we have your number, error message, exact location with landmarks, issue duration and device type for assistance. SO",496739
2443697,"@GloCare @700705 @117627 Bukuru, Jos. Loss of signal for &gt;6 hours. Tafawa Balewa, Jos. Loss of Internet service. This happens on a daily actually.",network_issue,"@GloCare Jos
08118688693
Y'all should fix this!","@700704 We apologize for the inconvenience, our engineers are working on the issue.Kindly bear with us. Thank you.AP",0.2265258555719475,2443693,2,0.6363216638565063,"@GloCare @139868 Omu aran, kwara state. It is not only me. No glo network signal since ystrday morning.",@144578 @139868 Okay. Kindly provide the details for general resolution. Thank you. DA,127261,0.6363216638565063,"@GloCare @139868 Omu aran, kwara state. It is not only me. No glo network signal since ystrday morning.",@144578 @139868 Okay. Kindly provide the details for general resolution. Thank you. DA,127261,0.6794202327728271,@117627 @GloCare Barely less than 24hrs ...the signal issue started again sigh !!!!! https://t.co/Z8wwaVXNom,"@242258 @117627 Good morning, we apologize. Please alternate the network mode, select either 2g or 3g only, not both. Restart your device and connect afterwards. Thank you. SO",1692396,0.6832801103591919,"@688260 @GloCare poor network in Eket, Akwa Ibom state and Oyigbo area of Rivers State. I visited the latter, I couldn't do anything for the weekend. Poor services, have complained several times....","@130983 @688260 We apologize, Please be informed we are working on it .Thank you.EE",2388786
496739,@GloCare ur data service at Lagos island is terrible. I can't browse since morning,data_issue,"@GloCare My office is at military street, Onikan Lagos Island.",@550130 Please state the issue experienced and provide your mobile number for assistance.  TT,0.2696722666865556,1834001,1,0.466425359249115,"@GloCare your network is so bad around my area, I could not call, I could not use my data. Meiran, in Lagos. For the past 3weeks now.",@653897 We sincerely apologize for the inconvenience. The issue with your location is being worked on. We implore you to please bear with us. GA,2242970,0.466425359249115,"@GloCare your network is so bad around my area, I could not call, I could not use my data. Meiran, in Lagos. For the past 3weeks now.",@653897 We sincerely apologize for the inconvenience. The issue with your location is being worked on. We implore you to please bear with us. GA,2242970,0.48320212960243225,"@GloCare your call and data services are worse than terrible here in Agbe Road/Segun Akinola strt, Abule Egba, Lagos. cc: @117626","@635136 Hello Victor, 
We apologize for the inconvenience, our engineers are working on the issue. Thank you. UO.",2163284,0.5045759081840515,@GloCare what's wrong with your data service....its been poor today and network outage,"@191314 Good day, we empathize. Please alternate the network mode, select either 2g or 3g only, not both. Restart your device afterwards. IQ",1915731
1389446,@GloCare help me check my line 08058011999 i ave megabyte but i pay for internet from the main acct,data_issue,@GloCare .i ave sub on my sim instead of deducting from the meg they deduct from my main acct my line is 08058011999,"@443002 Ensure you have the correct settings. APN- Gloflat, Username - Flat and Password-Flat. Thank you. UO.",0.339423971306824,1388334,2,0.6130773425102234,@GloCare Pls kindly do something on this line the network is so poor and bad can't even use the internet. 09059293195,"@255855 Apologies, may we know your location? DA",2651017,0.6130773425102234,@GloCare Pls kindly do something on this line the network is so poor and bad can't even use the internet. 09059293195,"@255855 Apologies, may we know your location? DA",2651017,0.6374073624610901,@GloCare  Please no Network for Data on my line for a month now... 08119875094.. No E and 3G,"@320494 Hello Adeyemi, sorry you don't have active data plan on the line. Please dial *777# to activate preferred plan. Thank you. SO",843023,0.643180787563324,@GloCare my name is samuel a glo customer 4 sometime now my glo network ve not been bringing Internet icons &amp; unable 2 check data balance,"@574361 We apologize for any inconvenience. Kindly provide your phone number, exact location, device type and error response so we can progress UO.",1930138
2358270,"Good evening guys, so i have been unable to browse properly with my Glo sim since Saturday @GloCare",data_issue,@GloCare i have been unable to browse with my glo sim for about 2days now. I need assistance ASAP,"@660656 May we have the affected location (with nearest landmark),and number,for resolution. Thank you. CA",0.392729401957079,2270507,2,0.27372419834136963,@GloCare i have been unable to browse with my glo sim for about 2days now. I need assistance ASAP,"@660656 May we have the affected location (with nearest landmark),and number,for resolution. Thank you. CA",2270507,0.27372419834136963,@GloCare i have been unable to browse with my glo sim for about 2days now. I need assistance ASAP,"@660656 May we have the affected location (with nearest landmark),and number,for resolution. Thank you. CA",2270507,0.4678761959075928,"@GloCare hello, i can't browse with my Glo CUG Sim, in fact the data didn't on at all.","@636145 We apologize for any inconvenience. Kindly provide your phone number, exact location, device type 
and error response so we can progress UO.",2167936,0.5803544521331787,@GloCare am one step away from throwing away my glo sim... For 2weeks no steady network,"@232574 Sincere apologies, kindly provide your number, device type, exact location with landmark, error message, signal you can see and alternate number. GA",2463679
134239,"@airtel_care @GloCare Pls what is the cheapest data u have because all like other networks like glo, have 1000 for 3.5gb",data_plan_issue,@GloCare pls what is the code for checking data balance,"@201382 Kindly dial *127*0# or send INFO to 127 to check your data balance and validity. You may also dial *777#, select 1 for 3G-4G data Plan, then 4 to Manage Plan, then 4 to Get Data Balance. AP",0.2148952683524468,2752998,1,0.5805238485336304,@201381 @117627 @GloCare 3.2g for 1k and u can't even view pictures.... Airtel free data mode,@215653 We apologize for any inconvenience you may have experienced. Please describe the exact difficulty. Thank you. UO.,422641,0.5805238485336304,@201381 @117627 @GloCare 3.2g for 1k and u can't even view pictures.... Airtel free data mode,@215653 We apologize for any inconvenience you may have experienced. Please describe the exact difficulty. Thank you. UO.,422641,0.6406396627426147,@GloCare @134709 @airtel_care @117627. pls tell me more about Data revolution that has just been introduced. 1000 naira to give 4G,"@134708 @117627 It is live already. Kindly click on the link for details https://t.co/GvxBuIxUZL Please note If you subscribe before plan expires or within 7 days after expiration, you will get the 100% data bonus otherwise you will get the revised [half]data. GA",84896,0.6610147356987,@GloCare Pls I need details of glo 1000 data plan of 4gb,@145578 Here: https://t.co/GvxBuIxUZL. ^GM,443641
445883,"@GloCare pls no Glo network in OKEMESI ekiti,in ekiti west for d past 9days pls,we want to make call and browse ,find sometin do pls",network_issue,"@GloCare pls help us to restore glo network in OKEMESI -ekiti, In ekiti west,... No network for d past 2 days ooo.","@144577 We sincerely apologize for the inconveniences. Kindly provide the affected number, error message, device type, in addition to the location you have provided for checks and assistance. GA",0.584240993767569,526061,2,0.2526829242706299,"@GloCare the Glo network in OKEMESI ekiti,in ekiti west is down for almost 3days now,we ar outside d town to make calls, pls..find solution.",@144577 The issue reported has been escalated for resolution. Kindly be patient.  TT,918842,0.2526829242706299,"@GloCare the Glo network in OKEMESI ekiti,in ekiti west is down for almost 3days now,we ar outside d town to make calls, pls..find solution.",@144577 The issue reported has been escalated for resolution. Kindly be patient.  TT,918842,0.27880460023880005,"@GloCare almost a week now,no Glo network is my town,OKEMESI ekiti,in ekiti west,pls we we're unable to browse or call,,,,do sometin oo","@144577 Hello. We apologize for the inconvenience. Kindly provide your mobile number, error response, exact location with landmarks, LGA , alternate mobile number, issue duration and device type for assistance. TT",2810040,0.32633405923843384,"@GloCare pls no Glo network in OKEMESI ekiti,in ekiti west again,the network has gone 3days ago,we were unable to call out,,pls check","@144577 Kindly provide the number, device type and  network mode selected.We apologize. Thank you. DA",127256
1931834,@GloCare glo 09054590520. The last time I sub.  The message I received is that my data expires 2018. Why are yiu deducting my money na.,data_plan_issue,@GloCare That was the screenshot of the message I received after the recharge but alias no bonus https://t.co/0MA2frpFDV,@233521 The code in the screen shot above is for the 4x (not bumba) bonus. Thank you. SO,0.2171199401970751,496732,1,0.6956409215927124,@GloCare Hello! Please glo has been deducting my money for reasons unknown to me. Please I want to why this is happening to 08156997716.,"@329777 Hello Amedox, we apologize. Issue has been escalated to the unit in charge for assistance. We'll revert back to you shortly. SO",1056453,0.6956409215927124,@GloCare Hello! Please glo has been deducting my money for reasons unknown to me. Please I want to why this is happening to 08156997716.,"@329777 Hello Amedox, we apologize. Issue has been escalated to the unit in charge for assistance. We'll revert back to you shortly. SO",1056453,0.7112058997154236,@GloCare How come my data expired today when it ought to expire on the 13th of November? I need an explanation,"@128805 Hello Micheal, may we have your number for clarification? Please revert via dm for clarification. Thank you. SO",2671540,0.7464872002601624,@GloCare Dnt understand why you decide to deduct all my airtime wen my data hasn't expired and i not make any calls or even text,"@447914 Good evening, may we have your number for clarification on the issue. Thank you. SO",1410838
163952,"@GloCare 09056699203, the closest landmark is Royal glory hotel, kasmo area, Osogbo, Osun State, huwei honor 6, pls boost your browsing network,",network_issue,"@GloCare Osun State, Osogbo, Kobongbogboe.",@443221 Good morning Sanchtech. We suggest you stay on 2G ONLY in the mean time. Work is being done around that location. ^GM,0.5401563498326634,2791292,2,0.8403561115264893,@GloCare @117627 Pls my exact location with a landmark has to be on dm pls,@161790 @117627 Okay. Kindly DM the details for further assistance. GA,2031930,0.8403561115264893,@GloCare @117627 Pls my exact location with a landmark has to be on dm pls,@161790 @117627 Okay. Kindly DM the details for further assistance. GA,2031930,0.9204295873641968,"@GloCare I've done all these on my prev complain..but no problem.no-07058012982..device-LG K8..model no LG-K350n..LOCATION-8A STEVDEBMOS Avenue,karu LGA,Mararaba,Nasarawa..LANDMARK-de shedrach hotel(Gotten from Google map),50 50,Sancta Vigo School,Kabayi Road.feel free to pick any.","@258556 we apologize, we have forwarded the complaint to the appropriate team and the challenge will be worked on ~ OO",1936678,0.9532202482223511,"@GloCare 07056835796, location is Eputu Town, Ibeju Lekki. Landmark is Mayfair Gardens. Device is IPhone 6.",@648040 Work is ongoing in order to resolve the issue. We crave your patience while this is done. Thank you. CA,2218241
670042,"@GloCare hey,i need help with my subscription...keeps redirecting me to dial *777# to knw more about data plans",data_plan_issue,@GloCare need help with a number,"@239334 Morning, may we know what the issue is to offer you assistance?  TT",0.3472708792595229,517517,0,0.3440926671028137,"@GloCare hello guys, I can't subscribe for data plans on my line. Kindly assist. 08154131832. Monthly plan","@182033 Morning Fakuade, dial *777# or visit https://t.co/JI1oIB9W08 to subscribe for data plan. We apologize for the inconvenience.  TT",276381,0.3440926671028137,"@GloCare hello guys, I can't subscribe for data plans on my line. Kindly assist. 08154131832. Monthly plan","@182033 Morning Fakuade, dial *777# or visit https://t.co/JI1oIB9W08 to subscribe for data plan. We apologize for the inconvenience.  TT",276381,0.36291369795799255,"@GloCare I have been having issues subscribing to a data plan, please you guys should resolve the issue asap","@439151 Good afternoon Deson. We apologize for the inconveniences. May we have your number, subscription code used and the error message received? FA",1371074,0.36906999349594116,"Please @GloCare I have been trying to subscribe for a data plan for the past four hours and I have not been successful.  Can you resolve this issue?
The pop-up in the second picture is what keeps coming up. Thanks. https://t.co/vgLePlgOCW",@184166 Kindly provide your phone number for assistance. ET.,1038522
28337,"@GloCare No browsing network for us here, and our data subscription is always like a waste.. 
U can carry out a survey on this.. Form itoki to ifo",data_issue,@GloCare Pls we need a better service here @1888/ifo axis...out data is always a waste.,"@122205 Hello Vicky, we apologize. May we know your number, error message, exact location with landmarks, issue duration and device type? SO",0.2790991393218859,28334,2,0.7757803797721863,"@GloCare OK, thank you. I really need my data network to work, that's the most important now.","@186799 Good morning, may we know the exact issue with your data connection for assistance. SO",297204,0.7757803797721863,"@GloCare OK, thank you. I really need my data network to work, that's the most important now.","@186799 Good morning, may we know the exact issue with your data connection for assistance. SO",297204,0.7867641448974609,@GloCare I don't know how I will have data and find it difficult to use it because of your network problem. I'm not happy,"@555112 Hello Segun, may we know the exact issue you are experiencing? Thank you. AA",1855781,0.7998060584068298,@GloCare cheapest data but poorest data service and you don't seem to care about that. You can't compete with other data service providers.,"@784286 We apologize for any inconvenience. Kindly provide your phone number, exact location, device type and error response so we can progress UO.",2812723
1881394,"@GloCare your network is a disgrace, embarrassing that I subscribe and can't even use my data",data_issue,@401884 @GloCare Your network is bad,"@401883 @401884 Hello, we empathize with you. May we know the error message you get? PE",0.2988657596168577,1199684,1,0.37745124101638794,"@GloCare What is your problem? How can I subscribe to your network and not have access to your data service? Just so you know, its been like this all day.",@374580 Good evening. We offer our apologies about this.May we have your number and the location of this occurrence? ^GM,2902282,0.37745124101638794,"@GloCare What is your problem? How can I subscribe to your network and not have access to your data service? Just so you know, its been like this all day.",@374580 Good evening. We offer our apologies about this.May we have your number and the location of this occurrence? ^GM,2902282,0.3775360584259033,@GloCare your network is too poor you give data but but no network to use the data too bad,"@739475 Our sincere apologies about. Kindly send in the exact location (with landmarks),and number affected,for escalation. CA",443614,0.3960244655609131,"@GloCare Good day, i have difficulty in subscribing for data",@202357 We apologize about it. Please restart the device and try the code again. Issue has been sotred. Thank you. SO,364355
2167982,The worst network you could ever subscribe to its data is @117627 @GloCare @117626. You have data but you can't browse.,data_issue,"@GloCare you guys are the absolute worst, you have no idea of the compromising situations you can put a person in. I’m disappointed. Idiots","@705178 Sincere apologies Del Rey,  kindly provide your number, device type, exact location with landmark, error message, signal you can see and alternate number. GA",0.2217009669655666,2463706,0,0.5097970366477966,"@GloCare your network is a disgrace, embarrassing that I subscribe and can't even use my data","@561463 We apologize for any inconvenience. Kindly provide your phone number, exact location, device type and error response so we can progress UO.",1881394,0.5097970366477966,"@GloCare your network is a disgrace, embarrassing that I subscribe and can't even use my data","@561463 We apologize for any inconvenience. Kindly provide your phone number, exact location, device type and error response so we can progress UO.",1881394,0.5478519201278687,"@117627 @GloCare Hi,  I subscribed for data and for the whole month there's been no network...  What happened to my unused   data?  Haba!!","@410276 @117627 Good evening, may we have your number for clarification. Thank you. IQ",1237461,0.5492508411407471,Hope you guys realise how terribly bad your network has been since yesterday? That's including data services. @GloCare @117627,@551416 @117627 Good morning Kehinde. We apologize for the inconveniences. Kindly be more explicit for a quick resolution. Thank you. FA,1839930
2695567,"@GloCare pls am currently on #1000 3gb, i heard is now  4gb, hope on my next renewal is 4gb that i’ll see not 3gb as initial.",data_plan_issue,@GloCare pls. am currently on 1k monthly plan with 100% bonus on auto renewal. Want to upgrade to the 2k plan will i get 100% bonus still,@165614 yes you will provided you follow the same conditions ~ OO,0.2177618321262343,209610,1,0.5590146780014038,@GloCare I renew my plan but I still got 3.2 Gb instead of 4Gb. Please can you explain why,"@188713 Hello, kindly provide your number for checks. DA",2092922,0.5590146780014038,@GloCare I renew my plan but I still got 3.2 Gb instead of 4Gb. Please can you explain why,"@188713 Hello, kindly provide your number for checks. DA",2092922,0.5737724900245667,@GloCare @117627 Can i get the 4gb as recommended for customers who renewed?,"@782308 @117627 Yes, if you auto renew/re-subscribe within 7 days after expiration, you will get 4gb otherwise you will get 1.6gb. SO",2804753,0.585185706615448,@GloCare Old customers will get just the 3gb,@747778 Old customer will get 4gb  if you auto renew or resubscribe within 7 days after exhausting your data. DA,2651196
360520,@117627 @GloCare if u re having network issues inform ur customers. I thought I ve exhausted my bundle not knowing it's ur incompetence.,network_issue,@GloCare if not I'd have yanked off ur Sim from my phone. Ur poor network is seriously frustrating and it really not fair to ur customers. https://t.co/YyUhtWABbi,"@452209 We apologize for any inconvenience. Kindly provide your phone number, exact location, device type and error response so we can progress UO.",0.2641345071145048,1975130,2,0.5394200682640076,@117627 @700707 @GloCare It is annoying that you always apologize for bad network. Please fix up the network. I won’t threaten to burn my Sim or change network providers. Please make improvements on the network.,@700705 @117627 May we know the issue you are encountering? CA,2443698,0.5394200682640076,@117627 @700707 @GloCare It is annoying that you always apologize for bad network. Please fix up the network. I won’t threaten to burn my Sim or change network providers. Please make improvements on the network.,@700705 @117627 May we know the issue you are encountering? CA,2443698,0.5398695468902588,"@117627 Even if I will be buying, I can't use @117627 @GloCare network in it as u prefer lavishing huge money in adverts but ignore it network issue","@526573 Hello, 
We apologize for the inconvenience, our engineers are working on the issue. Thank you. UO.",2167944,0.5418691039085388,@GloCare your network is frustrating me @117627. Improve on your Internet services. Pls pls pls.,"@424726 @117627 Sincere apologies, may we know the exact network issue you are experiencing? Thank you. AA",1304093
381896,@GloCare  what is the code to stop getting your entertainment subscriptions finally?I send stop to 55357 only to be subscribed back to it.,unauthorized_charge_or_vas,@GloCare I keep sending stop to 55357 but it subscribes again. I sent stop to 2442 and I am still waiting for it to be activated.,"@206559 Hello Akinyeye, we apologize for the inconvenience, our engineers are working on the issue. Thank you. UO.",0.3225756307887658,381893,2,0.5168972015380859,@GloCare I keep sending stop to 55357 but it subscribes again. I sent stop to 2442 and I am still waiting for it to be activated.,"@206559 Hello Akinyeye, we apologize for the inconvenience, our engineers are working on the issue. Thank you. UO.",381893,0.5168972015380859,@GloCare I keep sending stop to 55357 but it subscribes again. I sent stop to 2442 and I am still waiting for it to be activated.,"@206559 Hello Akinyeye, we apologize for the inconvenience, our engineers are working on the issue. Thank you. UO.",381893,0.5847562551498413,@GloCare Why subscribing me to entertain service without my permission. I stopped it yet you  resubscribe me again today. This is fraud.,"@385223 we apologize, kindly provide your number so we verify the claim and assist ~ OO",1124808,0.6011977791786194,@GloCare Hello. Could you please get me off your Entertainment Factory subscription permanently! Why am I being harassed with it?,"@199117 Hello Folusho, please send  STOP to 55357 to deactivate the VAS on the line.  TT",349211
209770,"@GloCare I'm talking of combo for international calling for 1000k subscription check d bal for me *777#,#122*1# isn't showing it nr is 07059646781",data_plan_issue,"@GloCare Nawao 4u guys I'm talking of combo intl calling I subscribed last wk Friday 1000k check d bal 4me 07059646781 #122*1#,*777# don't work here",@165622 Current IDD balance is N1753:20  Stay Unlimited!  TT,0.5706045516536674,209686,2,0.4111735224723816,"@GloCare Please check my combo bundle balance for Int'l calls for 1000k subscription bcoz anytime I check through *777#,#122*1# no ans nr 07059646781","@165622 Afternoon Roberts, please dial  #122*1#  to check the IDD pack balance.  TT",209665,0.4111735224723816,"@GloCare Please check my combo bundle balance for Int'l calls for 1000k subscription bcoz anytime I check through *777#,#122*1# no ans nr 07059646781","@165622 Afternoon Roberts, please dial  #122*1#  to check the IDD pack balance.  TT",209665,0.45016932487487793,"@GloCare Nawao 4u guys I'm talking of combo intl calling I subscribed last wk Friday 1000k check d bal 4me 07059646781 #122*1#,*777# don't work here",@165622 Current IDD balance is N1753:20  Stay Unlimited!  TT,209686,0.48512357473373413,"@GloCare Please help me check my combo bundle balance from there 1000k subscription my nr is 07059646781 I can't access it hia *777# nor #122""1#","@165622 God morning, you have 38.18mb remaining on your bundle. Thank you. AA",209772
49737,@GloCare It's high time you pple should introduce social bundles/plan...,data_plan_issue,@GloCare It's 07053183442,@693916 May I know if you used a link or your recharged and dialed the code? Which service were you trying to get and what time did you dial the code? GA,0.2620274957197116,2414035,0,0.8836837410926819,"@GloCare A plan is active now, I'm using Twitter?",@184166 Kindly send CANCEL to 127 to stop auto renewal now. Change the MCN and then send STOP to 2442 for full VAS DND.  TT,286119,0.8836837410926819,"@GloCare A plan is active now, I'm using Twitter?",@184166 Kindly send CANCEL to 127 to stop auto renewal now. Change the MCN and then send STOP to 2442 for full VAS DND.  TT,286119,0.9016298055648804,"@GloCare What's the code in subscribing for social bundle I.e whatsapp, facebook and twitter?","@147644 Kindly dial *777#,follow the options to subscribe to a plan. CA",2739986,0.9150822758674622,@GloCare May I know I Can use the bonus bundle for?,@241944 Bonus is meant for glo to glo numbers only. Kindly note that you can not call numbers in your friends and family package with the bonus. AP,1917345
2486781,@GloCare why am I being asked for a court affidavit to retrieve my registered line?,account_or_general_support,"@GloCare I want to retrieve my glo line,Ao can I do it plz","@646506 Please visit the Gloworld shop with the SIM pack, a valid ID and N100 for SIM replacement.  TT",0.2860968948322813,2211967,2,0.6115283370018005,@117625 @117627 @GloCare Why should I waste my time going to a court when they're supposed to easily see my registered data on their system? Please I need answers because this looks irrational to me.,"@810734 @117627 Hello Chijoke, we apologize for the inconvenience. The requested SIM pack is mandated by regulatory body for SIM replacement. If unavailable the affidavit is accepted. TT",2930956,0.6115283370018005,@117625 @117627 @GloCare Why should I waste my time going to a court when they're supposed to easily see my registered data on their system? Please I need answers because this looks irrational to me.,"@810734 @117627 Hello Chijoke, we apologize for the inconvenience. The requested SIM pack is mandated by regulatory body for SIM replacement. If unavailable the affidavit is accepted. TT",2930956,0.794508695602417,@GloCare Perhaps you need to be sued to the court!,@296443 We apologize for any inconvenience you may have experienced.The complaint has been escalated. Thank you. UO.,811999,0.8223103880882263,"@GloCare @255855 Abeg forget this @GloCare pple, by the time u get to their Glo outlet they ask you to provide police extract, court affidavit ,passport and N1000","@700709 @255855 To replace/retrieve your SIM, you need to visit any Gloworld outlet with a valid means of identification, at least N100 and the sim pack,with 5 frequently dialed numbers.If SIM pack is unavailable, an affidavit attesting to the ownership and loss of the SIM must be provided. AP",2443711
598439,@GloCare My number is 08118875122,account_or_general_support,@GloCare My number is 08054774973,"@431389 Hello Adeola, send STOP to 35184 to deactivate the VAS on the line. Also, send STOP to 2442 for full VAS DND.  TT",1.0,1334844,0,0.01865921914577484,@GloCare My number is 08114820744,@233523 Charged for calls. SO,496741,0.01865921914577484,@GloCare My number is 08114820744,@233523 Charged for calls. SO,496741,0.019774556159973145,@GloCare My number is 08099228840,"@692907 Hello, please go to your device settings and click on 'APN',type in gloflat,scroll down to 'username' and type in flat,click on 'password' after that and type in flat. Save, exit and connect to the internet . DA",2669556,0.022277623414993286,@GloCare my number is 0805 820 6931,@403375 Call 123 and follow the prompt to recharge. If issue persist provide error response and recharge card serial number.  TT,1207515
918858,"@GloCare When i try making calls the operator replies ""I can't call this number "" I can't call any number at all",voice_or_line_issue,"@GloCare I said I can't make calls with it. The operator replies "" I can't call this number.""",@132391 Kindly send in your number for a check. Thank you. CA,0.4021173216118401,2733303,2,0.2100227326154709,"@GloCare I said I can't make calls with it. The operator replies "" I can't call this number.""",@132391 Kindly send in your number for a check. Thank you. CA,2733303,0.2100227326154709,"@GloCare I said I can't make calls with it. The operator replies "" I can't call this number.""",@132391 Kindly send in your number for a check. Thank you. CA,2733303,0.2450658529996872,"@GloCare I can't make calls with this number 08158249771, all my calls doesn't go through, why?","@576174 you made calls on the line this morning, may we know the error it now gives? OO",1936670,0.2597188949584961,"@GloCare I still can't make calls. The error message is ""you cannot call this number""","@132391 We apologize Eneriome,  return the SIM to point of purchase for assistance to resolve the issue.  TT",918846
1371044,@GloCare dailed it and still d same thing here is my number 08074640384,voice_or_line_issue,@GloCare Here is my number 08159528679,@321551 Kindly dial *127*0# to check your data balance. You have been given the 100% data bonus.  View data details: https://t.co/GvxBuIxUZL  TT,0.4936085590451757,848053,0,0.34279683232307434,@GloCare dis is my number..08156880658,@483364 Kindly dial #122*23# unlocked bonus airtime. EE,1565789,0.34279683232307434,@GloCare dis is my number..08156880658,@483364 Kindly dial #122*23# unlocked bonus airtime. EE,1565789,0.345304399728775,@117627 @GloCare I have been providing this number and no one can sort it out. Again my number is 08057888889,@276812 @117627 We sincerely apologize.We are unable to assist you at the moment reason being that we are carrying out an upgrade.Kindly check back later.AP,1746667,0.3560526371002197,@GloCare This is my number 09058995953,@672939 Good morning Henry. 09058995953 is not active for the service from here. ^GM,2322351
2054146,"@GloCare The network is so irritating, I think it’s high time to swap the network",sim_or_device_issue,@GloCare The network has not improve...,"@130983 We apologize. Kindly exercise patience, It will be resolved soon. AP",0.2765741691737746,703689,2,0.4309239983558655,"@GloCare your network is terrible, fix up.","@404148 Helo Murna, may we know the exact issue being experienced at your location to offer you assistance? TT",1210514,0.4309239983558655,"@GloCare your network is terrible, fix up.","@404148 Helo Murna, may we know the exact issue being experienced at your location to offer you assistance? TT",1210514,0.4432491362094879,@GloCare do you advice that I abandon the network,"@265502 Hello Femi, kindly provide the mobile number for checks. TT",611897,0.46528786420822144,@GloCare please do something about your network. It's getting worse by the day.,"@573102 Good morning, we empathize. Please alternate the network mode, select either 2g or 3g only, not both. Restart your device afterwards. SO",1925463
2500307,"@GloCare @7467 @25740 olorunsogo local govt,igbeti Oyo state,data and voice downtime android device",sim_or_device_issue,"@GloCare @7467 @25740 08071116620, 09051409333","@713316 @7467 @25740 Please provide your exact location, device type and error message for assistance? AA",0.5498236149123334,2500304,1,0.6084216833114624,"@GloCare 09056168216 Ojo, isashi, Lagos. Android device.",@638604 Work is ongoing in order to resolve the issue. We crave your patience while this is done. Thank you. CA,2218232,0.6084216833114624,"@GloCare 09056168216 Ojo, isashi, Lagos. Android device.",@638604 Work is ongoing in order to resolve the issue. We crave your patience while this is done. Thank you. CA,2218232,0.637252688407898,@GloCare Ikotun Egbe Alimosho local Government area Motorola...,@648039 Work is ongoing in order to resolve the issue. We crave your patience while this is done. Thank you. CA,2218224,0.6550102233886719,"@GloCare 08059746395, Lagos , Aguda Celle Area, Android Leagoo",@259442 Please provide all requested details for assistance.  TT,589720
1825267,@GloCare My credit balance is 100 naira doesn’t show me anything concerning bumpa bonus,bonus_or_promotion_issue,"@GloCare I told u dat dis code doesn't show me balance rather tells me dat I buy 100,200,500,1000 naira bundle please help me my number 07059646781",@165622 We apologize for any inconvenience you may have experienced.The complaint has been escalated. Thank you. UO.,0.2957123627320397,209668,1,0.516295850276947,@GloCare Got the same message... Can't even check my bumpa bonus,@482266 For bumpa bonus Kindly dial #122*2#. EE,1562202,0.516295850276947,@GloCare Got the same message... Can't even check my bumpa bonus,@482266 For bumpa bonus Kindly dial #122*2#. EE,1562202,0.5464656352996826,@GloCare why didn't I receive bumpa bonus on my last recharge?,@787680 may we know your number so we verify the claim? OO,2828164,0.5635983943939209,@GloCare I hope my Bumpa bonus would still be....Pls,"@755310 If you opt out from one package into another, you loose all the benefits on the former plan. UO",2691203
2330536,"@GloCare I thought glo infinito, which I'm currently on, also enjoys the 200% bonus? When did that stop?",bonus_or_promotion_issue,@GloCare To opt in for the 200% Bonus,@141397 Kindly migrate into Glo Bumpa package to enjoy 200% bonus on recharge. Dial *100*10*1# to migrate.  TT,0.2338709866263115,2330541,2,0.6366952657699585,@GloCare To opt in for the 200% Bonus,@141397 Kindly migrate into Glo Bumpa package to enjoy 200% bonus on recharge. Dial *100*10*1# to migrate.  TT,2330541,0.6366952657699585,@GloCare To opt in for the 200% Bonus,@141397 Kindly migrate into Glo Bumpa package to enjoy 200% bonus on recharge. Dial *100*10*1# to migrate.  TT,2330541,0.685318648815155,@GloCare Pls I wanna know how long does glo bumpa 200% bonus last? Answer be highly appreciated.. 🙏,"@424408 Bonus validity depends on card denominations (N100/N200-5days, N500-7days, N1000-15days, N2000/N5000-30days). AP",2500294,0.7219934463500977,@GloCare Never mind.. I just received the bonus now,@244989 Okay. Thank you. AP,539073
2463673,"@GloCare pls de glo mast in agingi rukuba Rd of bassa LGA of plateau state went off  since a week now and de pple of that community have been in suffering. There is no mtn, 9mobile and airtel services there. Due to the recent killings in de region, it is very dangerous to stay",network_issue,@GloCare There is no glo service at Lotto shimawa Rd adjacent RCCG camp the service went off completely yesterday,"@571732 Good evening, we empathize. May we have your number, error message and device type? Please DM info for assistance. Thank you. SO",0.2411437174356603,1920481,2,0.779396116733551,@117627 @GloCare GLO THE SUFFERING IS UNBEARABLE. GLO COMMUNICATION MAST MOUNTED BETWEEN  IRO N MOKOLOKI TOWN IS FAULTY. PLS WE NEED GLO ENGINEERS OVER THERE B4  THINGS GET OUT OF HANDS.IT IS THREE GOOD DAYS WiTHOUT NETWORKS OR  SERVices,"@571985 @117627 Sincere apologies, kindly provide your phone number, exact location with landmarks and issue duration for assistance . Thank you. AA",1921384,0.779396116733551,@117627 @GloCare GLO THE SUFFERING IS UNBEARABLE. GLO COMMUNICATION MAST MOUNTED BETWEEN  IRO N MOKOLOKI TOWN IS FAULTY. PLS WE NEED GLO ENGINEERS OVER THERE B4  THINGS GET OUT OF HANDS.IT IS THREE GOOD DAYS WiTHOUT NETWORKS OR  SERVices,"@571985 @117627 Sincere apologies, kindly provide your phone number, exact location with landmarks and issue duration for assistance . Thank you. AA",1921384,0.9188230037689209,"@GloCare @GloCare for 4 day now no GLO network in kanji,new Bussa Borgu local govt ,its not fair,phones are showing emergency ,pls help","@512329 We apologize.Kindly provide your number, device type, exact location and error response for a quick check . Thank you. AP",1686985,0.931429386138916,"@GloCare for 4 day now no GLO network in kanji,new Bussa Borgu local govt ,its not fair,phones are showing emergency ,pls help","@512329 We apologize.Kindly provide your number, device type, exact location and error response for a quick check . Thank you. AP",1686990
539077,"@GloCare @117627 A week now, your network in Iseyin, Oyo State has been ATROCIOUS to put it MILDLY! Disappearing network!!! I guess you just employed Houdini but we subscribers didn't get the memo. Do remember to copy us when it returns! #MediocreGloNetwork @117626",network_issue,"@117626 @GloCare network in Jos, Plateau state has been offline for a week without explanation.",@706717 Our unreserved apology for the inconvenience. We assure you the issue affecting your location is being worked on. We implore you to please bear with us. Thank you. GA,0.2207843264771153,2470824,2,0.7567884922027588,@GloCare  if you happen to see this tweet please fix my network I am in awe in Oyo town in Oyo State abeg,@142668 Good morning Okhiai 1. We apologize for any inconveniences you may have experienced. May we know the exact network issue you are experiencing for a quick resolution? FA,567433,0.7567884922027588,@GloCare  if you happen to see this tweet please fix my network I am in awe in Oyo town in Oyo State abeg,@142668 Good morning Okhiai 1. We apologize for any inconveniences you may have experienced. May we know the exact network issue you are experiencing for a quick resolution? FA,567433,0.8371827602386475,@GloCare Hi its been 1week since we  saw your network come up in Adamawa state university what's wrong?,"@588078 Hello Sidney, kindly provide your number, error message, exact location with landmarks, issue duration and device type for assistance. TT",1986689,0.840262234210968,"@GloCare pls, we don't have network since yesterday around ado-odo ota LGA, Ogun state. Help us rectify whatever the issue is. Thanks","@721886 Good morning Omotayo. We sincerely apologize for the inconveniences. The issue is being resolved. Please, bear with us. FA",2538074
2965614,"@GloCare I still can't use the internet o. This is frustrating! 
😠😤",data_issue,"@GloCare Tecno Camon C8, Lagos OJO, Can't use the internet.",@562676 We sincerely apologize for the inconvenience. We assure you the issue is being worked on. We implore you to please bear with us. GA,0.3161596491392245,2092942,2,0.3385980725288391,@GloCare is that why i cannot use the Internet properly?,"@229324 We apologize. May we have your number, device details and location? SO",480999,0.3385980725288391,@GloCare is that why i cannot use the Internet properly?,"@229324 We apologize. May we have your number, device details and location? SO",480999,0.4131318926811218,Right now @GloCare Internet is impossible to use. I feel handicapped. Damn!,"@424406 Hello vivian, we empathize. May we have your number, error message, exact location with landmarks, issue duration and device type? SO",1302571,0.499469518661499,"@GloCare or Terrible internet! Please, help fix it ASAP! Thanks.",@217008 Kindly recharge and then select glosecure APN to connect on PAYU. Issue issue persist then revert for assistance.  TT,428855
2005903,"@GloCare 08053575663, connection failure, oke-ode, abule-egba, pipeline junction, igoke estate, tecno Y2, can't browse @18561 except  @2688(mile 2)",data_issue,"@GloCare Oke-odo, pipeline junction, igoke estate",@191917 The issue reported has been escalated for resolution. Kindly be patient.  TT,0.3517207072339164,1952885,2,0.7264031171798706,"@GloCare Oke-odo, pipeline junction, igoke estate",@191917 The issue reported has been escalated for resolution. Kindly be patient.  TT,1952885,0.7264031171798706,"@GloCare Oke-odo, pipeline junction, igoke estate",@191917 The issue reported has been escalated for resolution. Kindly be patient.  TT,1952885,0.8191193342208862,"@GloCare 08050563021. Port Harcourt. Tecno W3. 
No error message. Not just connecting to browse despite showing data connection. Horrendous","@541477 Hello Patrick, line has been refreshed. Restart the device after 30 mins. Select 3g only, not auto. Reconnect afterwards. SO",1802085,0.8714443445205688,"@glocare, please I've been unable to browse for about a week now at home at oke-odo, abule-egba, 08053575663","@191917 Afternoon Olubobe, we apologize for the inconvenience. Please state the street name with landmarks and your device type for assistance.  TT",1952886
1462270,@GloCare pls u r deducting 50# from my credit on 08112952225 weekly...pls stop wateva dat is making u deduct it pls immediately...,unauthorized_charge_or_vas,@GloCare Pls,"@181727 Morning Samuel, the deductions on the line are for subscribed VAS services.  TT",0.3217242363771223,275089,2,0.3783694803714752,@GloCare please  stop  deducting for my credit my number 09058974494,"@147736 Victory, you were charged for the value added services on your line - Caller tune and Yellowdot. You may text DEREG to 7728 and STOP to 55223 to unsubscribe. FA",1114483,0.3783694803714752,@GloCare please  stop  deducting for my credit my number 09058974494,"@147736 Victory, you were charged for the value added services on your line - Caller tune and Yellowdot. You may text DEREG to 7728 and STOP to 55223 to unsubscribe. FA",1114483,0.45777541399002075,@GloCare something keeps deducting my credit. 50 nnaira my number is 0805 486 3429.  Please respond,"@367320 We apologize, May we know when the deduction was made?EE",2387369,0.49336808919906616,@GloCare @117627 pls stop deducting my money please that what how almost 300naira was deducted for some annoying reasons.Pls STOP pls STOP,"@126397 @117627 The service in question has been deactivated . Kindly send STOP to 2442,to add your number to the DND list .CA",2270517
1079213,"@GloCare Again where is my N20?? Recharged 3k, you auto renewed a plan I didn't want and my balance mysteriously went down from N2001 to N1981",unauthorized_charge_or_vas,@GloCare But I didn't want your 1k plan. That was why I cancelled it yet you still renewed. Where is my N20 from last night???,@374571 Record shows data auto renewal was cancelled on the 15th while plan was renewed on the 14th.  TT,0.3708810585236984,1079208,2,0.5056920051574707,@GloCare Ermm no. I sent this yesterday before I recharged. I only cancelled again today so this nonsense doesn't repeat itself... Where is my N20??? https://t.co/fRGZ4RiH1C,@374571 There was no active plan on the line when you sent the request o cancel auto renewal.  TT,1079210,0.5056920051574707,@GloCare Ermm no. I sent this yesterday before I recharged. I only cancelled again today so this nonsense doesn't repeat itself... Where is my N20??? https://t.co/fRGZ4RiH1C,@374571 There was no active plan on the line when you sent the request o cancel auto renewal.  TT,1079210,0.5158432722091675,@GloCare But I didn't want your 1k plan. That was why I cancelled it yet you still renewed. Where is my N20 from last night???,@374571 Record shows data auto renewal was cancelled on the 15th while plan was renewed on the 14th.  TT,1079208,0.560585618019104,@GloCare My balance just went down another N20 from N1981 to N1961. What is this  nonsense???,"@374571 Good afternoon, we apologize about it. Issue has been escalated to the unit in charge for assistance. A message will be sent to you. SO",1079215
575889,@GloCare Between yesterday and today.... I recharge 500 around after 2,recharge_or_airtime_issue,"@GloCare PS I need a refund of my credit deducted without my notice for yesterday and today, please",@318229 May we have your number for a check. CA,0.3152733171159507,832312,1,0.43394696712493896,@GloCare Again I recharged #500 yesta,@504337 Line check show you where given 2500 yesterday. UO,1651473,0.43394696712493896,@GloCare Again I recharged #500 yesta,@504337 Line check show you where given 2500 yesterday. UO,1651473,0.5253778696060181,@GloCare 31st October 2017. Was the day I recharged.,@766991 Your refund is being processed. We sincerely apologize about the inconveniences caused. Thank you . CA,2737230,0.5594660639762878,"@GloCare Have recharged already, how many times will i do it","@731949 Hello Chinedu, please dial #122*23# to confirm unlocked Jumbo bonus. Please revert with your number for clarification? Thank you. SO",2582777
2693389,@GloCare I don't appreciate being ignored and I'm losing my patience. what kind of stupid customer service is this?,non_actionable_or_context_required,@GloCare @117627  what kind of sms cost is this? https://t.co/SgvWXGpJhi,@482542 @117627 may we know your number so we verify and advise? OO,0.3061490092964031,2821664,0,0.46421724557876587,@GloCare Keep ignoring your customers,@165653 We apologize for any inconvenience you may have experienced. Thank you. UO.,317838,0.46421724557876587,@GloCare Keep ignoring your customers,@165653 We apologize for any inconvenience you may have experienced. Thank you. UO.,317838,0.5015856027603149,@GloCare managed to reach a customer care rep on the chat on your website and he/she basically ignored me.,"@369214 Hello Ogenna, we apologize. May we know the exact issue experienced for clarification. Thank you. SO .",1054712,0.5039305686950684,"@GloCare By the way, your customer service is shit! Called to complain, the lady was very rude",@191850 We sincerely apologize Debo. You may complain for investigation at __email__ with details and narration of event. TT,317817
209853,@GloCare I am sincerely disappointed in glo customer service. Would I have lied on that? Even your colleague earlier confirmed it. Check chat history,non_actionable_or_context_required,@GloCare Just confirmed it came in after I made the complaint. Thank you anyway.,@322033 You're welcome. FA,0.1729115223136854,2538070,1,0.6346300840377808,@GloCare I called glo customer care and they deduct my money omg this is a disgrace,@207469 We apologize for any inconvenience you may have experienced. Kindly provide your number. Thank you. UO.,386352,0.6346300840377808,@GloCare I called glo customer care and they deduct my money omg this is a disgrace,@207469 We apologize for any inconvenience you may have experienced. Kindly provide your number. Thank you. UO.,386352,0.6527462601661682,@GloCare managed to reach a customer care rep on the chat on your website and he/she basically ignored me.,"@369214 Hello Ogenna, we apologize. May we know the exact issue experienced for clarification. Thank you. SO .",1054712,0.6738666296005249,Glo please check your network  @glocare,@206557 May we know the issue you are encountering? CA,1000334
160989,@GloCare  I haven't gotten any response please,non_actionable_or_context_required,@GloCare Pls I still haven't gotten a reply.,@132391 Kindly provide your number for assistance. ET.,0.3514598970570748,73298,2,0.2473275065422058,@GloCare No reply since,"@787680 we apologize, please provide your number so we verify",2828163,0.2473275065422058,@GloCare No reply since,"@787680 we apologize, please provide your number so we verify",2828163,0.2642842233181,@GloCare @117627 I got no response,"@725930 @117627 Kindly note that device has to be on band 28,for it to be 4G compatible. CA",2556906,0.26993513107299805,@GloCare I am still awaiting your response.,"@139862 Evening,  kindly provide your number for a quick check. For the network issue in Ajah, We apologize for the inconvenience, our engineers are working on the issue.Kindly bear with us. Thank you. AP",107428
9099,@GloCare @117628 @117625 @117626 @117627 @48760 @53205 @7476 This is over 10 times u people have been asking 4my number with conflicting responses frm SO &amp; d likes. 08054117690. U must refund my money.,unauthorized_charge_or_vas,@GloCare @117628 @117625 @117626 @117627 @48760 @53205 @7476 Hope authorities can see the mode of operation of GLO network. I am not surprised at all but I believed the regulating authorities is noting,@117624 We apologize for any inconvenience you may have experienced.The complaint has been escalated. Thank you. UO.,0.4503921901777309,9102,1,0.4698861241340637,@GloCare 07057571356 I want my money back.,@756549 We apologize for any inconvenience you may have experienced. The complaint has been escalated and deactivated Kindly dial *2220*22# to cancel facebook via sms and send STOP to 2442. Thank you for your patience. UO,2691190,0.4698861241340637,@GloCare 07057571356 I want my money back.,@756549 We apologize for any inconvenience you may have experienced. The complaint has been escalated and deactivated Kindly dial *2220*22# to cancel facebook via sms and send STOP to 2442. Thank you for your patience. UO,2691190,0.47013044357299805,@GloCare @181808 @117625 i am still expecting the refund.,@182846 Afternoon Queeneth the refund is being processed. We apologize for the delay. Kindly be patient.  TT,280561,0.47650808095932007,@117627 @GloCare I have been providing this number and no one can sort it out. Again my number is 08057888889,@276812 @117627 We sincerely apologize.We are unable to assist you at the moment reason being that we are carrying out an upgrade.Kindly check back later.AP,1746667
